date,Close,market_return,position_after_close,position_for_return,strategy_return,buy_hold_equity,macd_equity,buy_hold_drawdown,macd_drawdown
1998-02-27,9202.51757812,0.00000000,0.00000000,0.00000000,0.00000000,1.00000000,1.00000000,0.00000000,0.00000000
1998-03-02,9277.04785156,0.00809890,0.00000000,0.00000000,0.00000000,1.00809890,1.00000000,0.00000000,0.00000000
1998-03-03,9211.78808594,-0.00703454,0.00000000,0.00000000,-0.00000000,1.00100739,1.00000000,-0.00703454,0.00000000
1998-03-04,8977.49902344,-0.02543361,0.00000000,0.00000000,-0.00000000,0.97554815,1.00000000,-0.03228924,0.00000000
1998-03-05,8765.28027344,-0.02363896,0.00000000,0.00000000,-0.00000000,0.95248721,1.00000000,-0.05516492,0.00000000
1998-03-06,8847.61035156,0.00939275,0.00000000,0.00000000,0.00000000,0.96143368,1.00000000,-0.04629032,0.00000000
1998-03-09,8887.31933594,0.00448810,0.00000000,0.00000000,0.00000000,0.96574869,1.00000000,-0.04200997,0.00000000
1998-03-10,8897.22851562,0.00111498,0.00000000,0.00000000,0.00000000,0.96682548,1.00000000,-0.04094183,0.00000000
1998-03-11,9030.50878906,0.01497998,0.00000000,0.00000000,0.00000000,0.98130851,1.00000000,-0.02657516,0.00000000
1998-03-12,9056.32812500,0.00285912,0.00000000,0.00000000,0.00000000,0.98411419,1.00000000,-0.02379202,0.00000000
1998-03-13,9055.46777344,-0.00009500,0.00000000,0.00000000,-0.00000000,0.98402070,1.00000000,-0.02388476,0.00000000
1998-03-16,9065.25781250,0.00108112,0.00000000,0.00000000,0.00000000,0.98508454,1.00000000,-0.02282946,0.00000000
1998-03-17,9045.50878906,-0.00217854,0.00000000,0.00000000,-0.00000000,0.98293850,1.00000000,-0.02495827,0.00000000
1998-03-18,8952.61914062,-0.01026915,0.00000000,0.00000000,-0.00000000,0.97284456,1.00000000,-0.03497112,0.00000000
1998-03-19,8859.37011719,-0.01041584,0.00000000,0.00000000,-0.00000000,0.96271157,1.00000000,-0.04502270,0.00000000
1998-03-20,8904.18945312,0.00505898,0.00000000,0.00000000,0.00000000,0.96758190,1.00000000,-0.04019149,0.00000000
1998-03-23,8757.54980469,-0.01646861,0.00000000,0.00000000,-0.00000000,0.95164717,1.00000000,-0.05599821,0.00000000
1998-03-24,8806.80957031,0.00562483,0.00000000,0.00000000,0.00000000,0.95700003,1.00000000,-0.05068835,0.00000000
1998-03-25,9040.70898438,0.02655893,0.00000000,0.00000000,0.00000000,0.98241692,1.00000000,-0.02547565,0.00000000
1998-03-26,9014.12890625,-0.00294004,0.00000000,0.00000000,-0.00000000,0.97952857,1.00000000,-0.02834080,0.00000000
1998-03-27,9095.78808594,0.00905902,0.00000000,0.00000000,0.00000000,0.98840214,1.00000000,-0.01953852,0.00000000
1998-03-30,9088.91796875,-0.00075531,0.00000000,0.00000000,-0.00000000,0.98765559,1.00000000,-0.02027907,0.00000000
1998-03-31,9091.11816406,0.00024207,0.00000000,0.00000000,0.00000000,0.98789468,1.00000000,-0.02004190,0.00000000
1998-04-01,9041.45898438,-0.00546238,0.00000000,0.00000000,-0.00000000,0.98249842,1.00000000,-0.02539481,0.00000000
1998-04-02,9013.05859375,-0.00314113,0.00000000,0.00000000,-0.00000000,0.97941227,1.00000000,-0.02845617,0.00000000
1998-04-03,9134.01757812,0.01342041,0.00000000,0.00000000,0.00000000,0.99255638,1.00000000,-0.01541765,0.00000000
1998-04-07,9266.63769531,0.01451936,0.00000000,0.00000000,0.00000000,1.00696767,1.00000000,-0.00112214,0.00000000
1998-04-08,9263.39843750,-0.00034956,0.00000000,0.00000000,-0.00000000,1.00661567,1.00000000,-0.00147131,0.00000000
1998-04-09,9090.26757812,-0.01868978,0.00000000,0.00000000,-0.00000000,0.98780225,1.00000000,-0.02013359,0.00000000
1998-04-10,9053.97851562,-0.00399208,0.00000000,0.00000000,-0.00000000,0.98385887,1.00000000,-0.02404529,0.00000000
1998-04-13,8863.07031250,-0.02108556,0.00000000,0.00000000,-0.00000000,0.96311365,1.00000000,-0.04462384,0.00000000
1998-04-14,8764.54003906,-0.01111695,0.00000000,0.00000000,-0.00000000,0.95240677,1.00000000,-0.05524471,0.00000000
1998-04-15,8807.26953125,0.00487527,0.00000000,0.00000000,0.00000000,0.95705001,1.00000000,-0.05063877,0.00000000
1998-04-16,8780.16992188,-0.00307696,0.00000000,0.00000000,-0.00000000,0.95410521,1.00000000,-0.05355992,0.00000000
1998-04-17,8619.45019531,-0.01830485,0.00000000,0.00000000,-0.00000000,0.93664045,1.00000000,-0.07088437,0.00000000
1998-04-20,8508.51953125,-0.01286981,0.00000000,0.00000000,-0.00000000,0.92458607,1.00000000,-0.08284191,0.00000000
1998-04-21,8440.16015625,-0.00803423,0.00000000,0.00000000,-0.00000000,0.91715773,1.00000000,-0.09021056,0.00000000
1998-04-22,8636.46972656,0.02325899,0.00000000,0.00000000,0.00000000,0.93848989,1.00000000,-0.06904978,0.00000000
1998-04-23,8613.91992188,-0.00261100,0.00000000,0.00000000,-0.00000000,0.93603950,1.00000000,-0.07148049,0.00000000
1998-04-24,8636.07031250,0.00257146,0.00000000,0.00000000,0.00000000,0.93844649,1.00000000,-0.06909284,0.00000000
1998-04-27,8471.58007812,-0.01904688,0.00000000,0.00000000,-0.00000000,0.92057201,1.00000000,-0.08682372,0.00000000
1998-04-28,8434.62988281,-0.00436167,0.00000000,0.00000000,-0.00000000,0.91655678,1.00000000,-0.09080669,0.00000000
1998-04-29,8348.30957031,-0.01023404,0.00000000,0.00000000,-0.00000000,0.90717670,1.00000000,-0.10011140,0.00000000
1998-04-30,8304.16992188,-0.00528726,0.00000000,0.00000000,-0.00000000,0.90238023,1.00000000,-0.10486934,0.00000000
1998-05-04,8360.55957031,0.00679052,0.00000000,0.00000000,0.00000000,0.90850786,1.00000000,-0.09879094,0.00000000
1998-05-05,8330.11035156,-0.00364201,0.00000000,0.00000000,-0.00000000,0.90519907,1.00000000,-0.10207315,0.00000000
1998-05-06,8325.59960938,-0.00054150,0.00000000,0.00000000,-0.00000000,0.90470891,1.00000000,-0.10255938,0.00000000
1998-05-07,8290.33007812,-0.00423628,0.00000000,0.00000000,-0.00000000,0.90087631,1.00000000,-0.10636118,0.00000000
1998-05-08,8210.79980469,-0.00959314,0.00000000,0.00000000,-0.00000000,0.89223408,1.00000000,-0.11493398,0.00000000
1998-05-11,8378.83984375,0.02046573,0.00000000,0.00000000,0.00000000,0.91049430,1.00000000,-0.09682046,0.00000000
1998-05-12,8278.38964844,-0.01198856,0.00000000,0.00000000,-0.00000000,0.89957879,1.00000000,-0.10764828,0.00000000
1998-05-13,8202.86035156,-0.00912367,0.00000000,0.00000000,-0.00000000,0.89137133,1.00000000,-0.11578980,0.00000000
1998-05-14,8193.45996094,-0.00114599,0.00000000,0.00000000,-0.00000000,0.89034983,1.00000000,-0.11680309,0.00000000
1998-05-15,8167.46240234,-0.00317296,0.00000000,0.00000000,-0.00000000,0.88752478,1.00000000,-0.11960545,0.00000000
1998-05-18,8134.85253906,-0.00399266,0.00000000,0.00000000,-0.00000000,0.88398120,1.00000000,-0.12312056,0.00000000
1998-05-19,8136.23242188,0.00016963,0.00000000,0.00000000,0.00000000,0.88413115,1.00000000,-0.12297182,0.00000000
1998-05-20,8267.45019531,0.01612758,0.00000000,0.00000000,0.00000000,0.89839005,1.00000000,-0.10882747,0.00000000
1998-05-21,8369.28027344,0.01231699,0.00000000,0.00000000,0.00000000,0.90945551,1.00000000,-0.09785091,0.00000000
1998-05-22,8384.87011719,0.00186275,0.00000000,0.00000000,0.00000000,0.91114959,1.00000000,-0.09617044,0.00000000
1998-05-25,8314.04980469,-0.00844620,0.00000000,0.00000000,-0.00000000,0.90345384,1.00000000,-0.10380436,0.00000000
1998-05-26,8178.35253906,-0.01632144,0.00000000,0.00000000,-0.00000000,0.88870817,1.00000000,-0.11843157,0.00000000
1998-05-27,8068.13232422,-0.01347707,0.00000000,0.00000000,-0.00000000,0.87673099,1.00000000,-0.13031252,0.00000000
1998-05-28,8124.46240234,0.00698180,0.00000000,0.00000000,0.00000000,0.88285215,1.00000000,-0.12424054,0.00000000
1998-05-29,7903.30273438,-0.02722145,0.00000000,0.00000000,-0.00000000,0.85881963,1.00000000,-0.14807999,0.00000000
1998-06-01,7606.21484375,-0.03759035,0.00000000,0.00000000,-0.00000000,0.82653630,1.00000000,-0.18010395,0.00000000
1998-06-02,7565.60498047,-0.00533904,0.00000000,0.00000000,-0.00000000,0.82212339,1.00000000,-0.18448141,0.00000000
1998-06-03,7643.16503906,0.01025167,0.00000000,0.00000000,0.00000000,0.83055153,1.00000000,-0.17612099,0.00000000
1998-06-04,7425.92578125,-0.02842268,0.00000000,0.00000000,-0.00000000,0.80694503,1.00000000,-0.19953784,0.00000000
1998-06-05,7505.54589844,0.01072191,0.00000000,0.00000000,0.00000000,0.81559702,1.00000000,-0.19095535,0.00000000
1998-06-08,7591.23486328,0.01141675,0.00000000,0.00000000,0.00000000,0.82490849,1.00000000,-0.18171869,0.00000000
1998-06-09,7455.59570312,-0.01786787,0.00000000,0.00000000,-0.00000000,0.81016913,1.00000000,-0.19633963,0.00000000
1998-06-10,7223.09667969,-0.03118450,0.00000000,0.00000000,-0.00000000,0.78490442,1.00000000,-0.22140138,0.00000000
1998-06-11,7210.70703125,-0.00171528,0.00000000,0.00000000,-0.00000000,0.78355808,1.00000000,-0.22273689,0.00000000
1998-06-12,7117.07714844,-0.01298484,0.00000000,0.00000000,-0.00000000,0.77338371,1.00000000,-0.23282953,0.00000000
1998-06-15,7283.79638672,0.02342524,0.00000000,0.00000000,0.00000000,0.79150040,1.00000000,-0.21485838,0.00000000
1998-06-16,7404.23583984,0.01653526,0.00000000,0.00000000,0.00000000,0.80458807,1.00000000,-0.20187586,0.00000000
1998-06-17,7466.34570312,0.00838842,0.00000000,0.00000000,0.00000000,0.81133729,1.00000000,-0.19518086,0.00000000
1998-06-18,7768.27441406,0.04043862,0.00000000,0.00000000,0.00000000,0.84414665,1.00000000,-0.16263508,0.00000000
1998-06-19,7754.39453125,-0.00178674,0.00000000,0.00000000,-0.00000000,0.84263838,1.00000000,-0.16413123,0.00000000
1998-06-22,7692.87500000,-0.00793351,0.00000000,0.00000000,-0.00000000,0.83595331,1.00000000,-0.17076260,0.00000000
1998-06-23,7633.32470703,-0.00774097,0.00000000,0.00000000,-0.00000000,0.82948222,1.00000000,-0.17718170,0.00000000
1998-06-24,7670.67480469,0.00489303,0.00000000,0.00000000,0.00000000,0.83354090,1.00000000,-0.17315563,0.00000000
1998-06-25,7722.60498047,0.00676996,0.00000000,0.00000000,0.00000000,0.83918394,1.00000000,-0.16755792,0.00000000
1998-06-26,7681.92480469,-0.00526768,0.00000000,0.00000000,-0.00000000,0.83476339,1.00000000,-0.17194296,0.00000000
1998-06-29,7535.69531250,-0.01903553,0.00000000,0.00000000,-0.00000000,0.81887323,1.00000000,-0.18770546,0.00000000
1998-06-30,7548.77490234,0.00173568,0.00000000,0.00000000,0.00000000,0.82029454,1.00000000,-0.18629557,0.00000000
1998-07-02,7817.07421875,0.03554210,0.00000000,0.00000000,0.00000000,0.84944953,1.00000000,-0.15737481,0.00000000
1998-07-03,7758.59423828,-0.00748106,0.00000000,0.00000000,-0.00000000,0.84309475,1.00000000,-0.16367854,0.00000000
1998-07-06,7894.81298828,0.01755714,0.00000000,0.00000000,0.00000000,0.85789708,1.00000000,-0.14899512,0.00000000
1998-07-07,7845.93408203,-0.00619127,0.00000000,0.00000000,-0.00000000,0.85258561,1.00000000,-0.15426392,0.00000000
1998-07-08,7936.78271484,0.01157907,0.00000000,0.00000000,0.00000000,0.86245776,1.00000000,-0.14447108,0.00000000
1998-07-09,7947.49267578,0.00134941,0.00000000,0.00000000,0.00000000,0.86362157,1.00000000,-0.14331662,0.00000000
1998-07-10,7883.12304688,-0.00809936,0.00000000,0.00000000,-0.00000000,0.85662679,1.00000000,-0.15025521,0.00000000
1998-07-13,7815.49414062,-0.00857895,0.00000000,0.00000000,-0.00000000,0.84927783,1.00000000,-0.15754513,0.00000000
1998-07-14,7789.18457031,-0.00336633,0.00000000,0.00000000,-0.00000000,0.84641887,1.00000000,-0.16038112,0.00000000
1998-07-15,7875.87353516,0.01112940,0.00000000,0.00000000,0.00000000,0.85583901,1.00000000,-0.15103666,0.00000000
1998-07-16,7924.80273438,0.00621254,0.00000000,0.00000000,0.00000000,0.86115595,1.00000000,-0.14576244,0.00000000
1998-07-17,8032.82226562,0.01363056,0.00000000,0.00000000,0.00000000,0.87289399,1.00000000,-0.13411870,0.00000000
1998-07-20,8047.63232422,0.00184369,0.00000000,0.00000000,0.00000000,0.87450334,1.00000000,-0.13252228,0.00000000
1998-07-21,7949.16308594,-0.01223580,0.00000000,0.00000000,-0.00000000,0.86380309,1.00000000,-0.14313657,0.00000000
1998-07-22,7881.02294922,-0.00857199,0.00000000,0.00000000,-0.00000000,0.85639858,1.00000000,-0.15048159,0.00000000
1998-07-23,7879.85302734,-0.00014845,0.00000000,0.00000000,-0.00000000,0.85627145,1.00000000,-0.15060770,0.00000000
1998-07-24,7902.36279297,0.00285662,0.00000000,0.00000000,0.00000000,0.85871749,1.00000000,-0.14818131,0.00000000
1998-07-27,7890.26269531,-0.00153120,0.00000000,0.00000000,-0.00000000,0.85740262,1.00000000,-0.14948561,0.00000000
1998-07-28,7830.10400391,-0.00762442,0.00000000,0.00000000,-0.00000000,0.85086542,1.00000000,-0.15597029,0.00000000
1998-07-29,7775.29443359,-0.00699985,0.00000000,0.00000000,-0.00000000,0.84490949,1.00000000,-0.16187837,0.00000000
1998-07-30,7730.39501953,-0.00577463,0.00000000,0.00000000,-0.00000000,0.84003045,1.00000000,-0.16671821,0.00000000
1998-07-31,7653.47460938,-0.00995039,0.00000000,0.00000000,-0.00000000,0.83167183,1.00000000,-0.17500969,0.00000000
1998-08-03,7599.00488281,-0.00711699,0.00000000,0.00000000,-0.00000000,0.82575282,1.00000000,-0.18088114,0.00000000
1998-08-04,7593.10498047,-0.00077640,0.00000000,0.00000000,-0.00000000,0.82511171,1.00000000,-0.18151711,0.00000000
1998-08-05,7499.69580078,-0.01230184,0.00000000,0.00000000,-0.00000000,0.81496131,1.00000000,-0.19158595,0.00000000
1998-08-06,7471.70605469,-0.00373212,0.00000000,0.00000000,-0.00000000,0.81191978,1.00000000,-0.19460305,0.00000000
1998-08-07,7529.98535156,0.00780000,0.00000000,0.00000000,0.00000000,0.81825275,1.00000000,-0.18832095,0.00000000
1998-08-10,7372.08642578,-0.02096935,0.00000000,0.00000000,-0.00000000,0.80109452,1.00000000,-0.20534134,0.00000000
1998-08-11,7383.94580078,0.00160869,0.00000000,0.00000000,0.00000000,0.80238323,1.00000000,-0.20406298,0.00000000
1998-08-12,7351.47607422,-0.00439734,0.00000000,0.00000000,-0.00000000,0.79885488,1.00000000,-0.20756299,0.00000000
1998-08-13,7362.51611328,0.00150174,0.00000000,0.00000000,0.00000000,0.80005456,1.00000000,-0.20637295,0.00000000
1998-08-14,7348.00634766,-0.00197076,0.00000000,0.00000000,-0.00000000,0.79847784,1.00000000,-0.20793700,0.00000000
1998-08-17,7273.81640625,-0.01009661,0.00000000,0.00000000,-0.00000000,0.79041592,1.00000000,-0.21593415,0.00000000
1998-08-18,7181.55664062,-0.01268382,0.00000000,0.00000000,-0.00000000,0.78039043,1.00000000,-0.22587910,0.00000000
1998-08-19,7293.36621094,0.01556899,0.00000000,0.00000000,0.00000000,0.79254032,1.00000000,-0.21382682,0.00000000
1998-08-20,7270.80615234,-0.00309323,0.00000000,0.00000000,-0.00000000,0.79008881,1.00000000,-0.21625863,0.00000000
1998-08-21,7213.33691406,-0.00790411,0.00000000,0.00000000,-0.00000000,0.78384386,1.00000000,-0.22245341,0.00000000
1998-08-24,6957.71826172,-0.03543695,0.00000000,0.00000000,-0.00000000,0.75606683,1.00000000,-0.25000729,0.00000000
1998-08-25,6908.29833984,-0.00710289,0.00000000,0.00000000,-0.00000000,0.75069657,1.00000000,-0.25533441,0.00000000
1998-08-26,6814.29882812,-0.01360675,0.00000000,0.00000000,-0.00000000,0.74048202,1.00000000,-0.26546689,0.00000000
1998-08-27,6813.26855469,-0.00015119,0.00000000,0.00000000,-0.00000000,0.74037007,1.00000000,-0.26557794,0.00000000
1998-08-28,6723.73876953,-0.01314050,0.00000000,0.00000000,-0.00000000,0.73064123,1.00000000,-0.27522862,0.00000000
1998-08-31,6550.07958984,-0.02582777,0.00000000,0.00000000,-0.00000000,0.71177040,1.00000000,-0.29394785,0.00000000
1998-09-01,6335.06005859,-0.03282701,0.00000000,0.00000000,-0.00000000,0.68840510,1.00000000,-0.31712543,0.00000000
1998-09-02,6471.65039062,0.02156102,0.00000000,0.00000000,0.00000000,0.70324782,1.00000000,-0.30240196,0.00000000
1998-09-03,6251.35107422,-0.03404067,0.00000000,0.00000000,-0.00000000,0.67930879,1.00000000,-0.32614867,0.00000000
1998-09-04,6463.12011719,0.03387572,0.00000000,0.00000000,0.00000000,0.70232087,1.00000000,-0.30332146,0.00000000
1998-09-07,6800.69873047,0.05223152,0.00000000,0.00000000,0.00000000,0.73900416,1.00000000,-0.26693288,0.00000000
1998-09-08,6942.22802734,0.02081099,0.00000000,0.00000000,0.00000000,0.75438357,1.00000000,-0.25167703,0.00000000
1998-09-09,6894.53808594,-0.00686954,0.00000000,0.00000000,-0.00000000,0.74920129,1.00000000,-0.25681766,0.00000000
1998-09-10,6803.79882812,-0.01316104,0.00000000,0.00000000,-0.00000000,0.73934103,1.00000000,-0.26659871,0.00000000
1998-09-11,6841.79833984,0.00558504,0.00000000,0.00000000,0.00000000,0.74347028,1.00000000,-0.26250264,0.00000000
1998-09-14,6860.13818359,0.00268056,0.00000000,0.00000000,0.00000000,0.74546320,1.00000000,-0.26052573,0.00000000
1998-09-15,6857.92822266,-0.00032215,0.00000000,0.00000000,-0.00000000,0.74522305,1.00000000,-0.26076395,0.00000000
1998-09-16,6972.50830078,0.01670768,0.00000000,0.00000000,0.00000000,0.75767400,1.00000000,-0.24841303,0.00000000
1998-09-17,7000.48828125,0.00401290,0.00000000,0.00000000,0.00000000,0.76071447,1.00000000,-0.24539698,0.00000000
1998-09-18,6961.72802734,-0.00553679,0.00000000,0.00000000,-0.00000000,0.75650255,1.00000000,-0.24957507,0.00000000
1998-09-21,7029.36816406,0.00971600,0.00000000,0.00000000,0.00000000,0.76385273,1.00000000,-0.24228394,0.00000000
1998-09-22,7033.95849609,0.00065302,0.00000000,0.00000000,0.00000000,0.76435154,1.00000000,-0.24178913,0.00000000
1998-09-23,6962.13818359,-0.01021051,0.00000000,0.00000000,-0.00000000,0.75654712,1.00000000,-0.24953085,0.00000000
1998-09-24,6979.91845703,0.00255385,0.00000000,0.00000000,0.00000000,0.75847923,1.00000000,-0.24761427,0.00000000
1998-09-25,6979.85839844,-0.00000860,0.00000000,0.00000000,-0.00000000,0.75847270,1.00000000,-0.24762074,0.00000000
1998-09-28,6910.57812500,-0.00992574,0.00000000,0.00000000,-0.00000000,0.75094430,1.00000000,-0.25508866,0.00000000
1998-09-29,6884.46826172,-0.00377825,0.00000000,0.00000000,-0.00000000,0.74810705,1.00000000,-0.25790312,0.00000000
1998-09-30,6833.91845703,-0.00734259,0.00000000,0.00000000,-0.00000000,0.74261401,1.00000000,-0.26335203,0.00000000
1998-10-01,6702.02880859,-0.01929927,0.00000000,0.00000000,-0.00000000,0.72828210,1.00000000,-0.27756880,0.00000000
1998-10-02,6435.97021484,-0.03969822,0.00000000,0.00000000,-0.00000000,0.69937060,1.00000000,-0.30624803,0.00000000
1998-10-06,6534.61962891,0.01532782,0.00000000,0.00000000,0.00000000,0.71009043,1.00000000,-0.29561432,0.00000000
1998-10-07,6674.85937500,0.02146104,0.00000000,0.00000000,0.00000000,0.72532971,1.00000000,-0.28049747,0.00000000
1998-10-08,6970.19824219,0.04424646,0.00000000,0.00000000,0.00000000,0.75742298,1.00000000,-0.24866204,0.00000000
1998-10-09,6944.13818359,-0.00373878,0.00000000,0.00000000,-0.00000000,0.75459113,1.00000000,-0.25147113,0.00000000
1998-10-12,6920.41845703,-0.00341579,0.00000000,0.00000000,-0.00000000,0.75201361,1.00000000,-0.25402794,0.00000000
1998-10-13,6909.18847656,-0.00162273,0.00000000,0.00000000,-0.00000000,0.75079329,1.00000000,-0.25523846,0.00000000
1998-10-14,6819.08886719,-0.01304055,0.00000000,0.00000000,-0.00000000,0.74100254,1.00000000,-0.26495056,0.00000000
1998-10-15,6799.84863281,-0.00282153,0.00000000,0.00000000,-0.00000000,0.73891178,1.00000000,-0.26702452,0.00000000
1998-10-19,6904.52832031,0.01539441,0.00000000,0.00000000,0.00000000,0.75028689,1.00000000,-0.25574079,0.00000000
1998-10-20,6848.68847656,-0.00808742,0.00000000,0.00000000,-0.00000000,0.74421901,1.00000000,-0.26175993,0.00000000
1998-10-21,7021.38818359,0.02521646,0.00000000,0.00000000,0.00000000,0.76298558,1.00000000,-0.24314412,0.00000000
1998-10-22,6987.75830078,-0.00478963,0.00000000,0.00000000,-0.00000000,0.75933115,1.00000000,-0.24676919,0.00000000
1998-10-23,7055.42822266,0.00968407,0.00000000,0.00000000,0.00000000,0.76668457,1.00000000,-0.23947485,0.00000000
1998-10-26,7050.28808594,-0.00072854,1.00000000,0.00000000,-0.00000000,0.76612601,1.00000000,-0.24002892,0.00000000
1998-10-27,7036.59814453,-0.00194176,1.00000000,1.00000000,-0.00194176,0.76463838,0.99805824,-0.24150460,-0.00194176
1998-10-28,6962.05810547,-0.01059319,1.00000000,1.00000000,-0.01059319,0.75653842,0.98748562,-0.24953949,-0.01251438
1998-10-29,7016.85839844,0.00787128,1.00000000,1.00000000,0.00787128,0.76249334,0.99525839,-0.24363240,-0.00474161
1998-10-30,7101.42773438,0.01205231,1.00000000,1.00000000,0.01205231,0.77168315,1.00725355,-0.23451643,0.00000000
1998-11-02,7218.05664062,0.01642330,1.00000000,1.00000000,0.01642330,0.78435673,1.02379599,-0.22194466,0.00000000
1998-11-03,7071.40820312,-0.02031689,1.00000000,1.00000000,-0.02031689,0.76842105,1.00299564,-0.23775232,-0.02031689
1998-11-04,6905.28808594,-0.02349180,1.00000000,1.00000000,-0.02349180,0.75036945,0.97943346,-0.25565889,-0.04333141
1998-11-05,6957.23828125,0.00752325,1.00000000,1.00000000,0.00752325,0.75601467,0.98680199,-0.25005903,-0.03613415
1998-11-06,6889.61816406,-0.00971939,1.00000000,1.00000000,-0.00971939,0.74866667,0.97721087,-0.25734800,-0.04550234
1998-11-09,6957.36816406,0.00983364,1.00000000,1.00000000,0.00983364,0.75602878,0.98682041,-0.25004503,-0.03611616
1998-11-10,6812.26855469,-0.02085553,1.00000000,1.00000000,-0.02085553,0.74026140,0.96623974,-0.26568574,-0.05621847
1998-11-11,6654.75927734,-0.02312141,1.00000000,1.00000000,-0.02312141,0.72314551,0.94389892,-0.28266412,-0.07804003
1998-11-13,6829.58837891,0.02627129,1.00000000,1.00000000,0.02627129,0.74214348,0.96869636,-0.26381878,-0.05381895
1998-11-16,7003.83837891,0.02551398,1.00000000,1.00000000,0.02551398,0.76107851,0.99341166,-0.24503587,-0.02967811
1998-11-17,7131.86718750,0.01827981,1.00000000,1.00000000,0.01827981,0.77499088,1.01157103,-0.23123527,-0.01194081
1998-11-18,7100.10791016,-0.00445315,1.00000000,1.00000000,-0.00445315,0.77153973,1.00706635,-0.23465869,-0.01634079
1998-11-19,7300.30615234,0.02819651,1.00000000,1.00000000,0.02819651,0.79329445,1.03546211,-0.21307874,0.00000000
1998-11-20,7380.49560547,0.01098440,1.00000000,1.00000000,0.01098440,0.80200831,1.04683603,-0.20443489,0.00000000
1998-11-23,7312.22607422,-0.00924999,1.00000000,1.00000000,-0.00924999,0.79458974,1.03715281,-0.21179386,-0.00924999
1998-11-24,7435.80566406,0.01690041,1.00000000,1.00000000,0.01690041,0.80801863,1.05468111,-0.19847286,0.00000000
1998-11-25,7213.46679688,-0.02990111,1.00000000,1.00000000,-0.02990111,0.78385798,1.02314497,-0.22243941,-0.02990111
1998-11-26,7377.82568359,0.02278501,1.00000000,1.00000000,0.02278501,0.80171818,1.04645734,-0.20472269,-0.00779740
1998-11-27,7320.08642578,-0.00782605,1.00000000,1.00000000,-0.00782605,0.79544389,1.03826770,-0.21094657,-0.01556243
1998-11-30,7177.18701172,-0.01952155,1.00000000,1.00000000,-0.01952155,0.77991560,1.01799911,-0.22635011,-0.03478018
1998-12-01,7102.33789062,-0.01042875,1.00000000,1.00000000,-0.01042875,0.77178205,1.00738265,-0.23441832,-0.04484622
1998-12-02,7157.18750000,0.00772275,1.00000000,1.00000000,0.00772275,0.77774233,1.01516242,-0.22850592,-0.03746980
1998-12-03,7140.07714844,-0.00239065,1.00000000,1.00000000,-0.00239065,0.77588302,1.01273552,-0.23035029,-0.03977088
1998-12-04,7201.80664062,0.00864549,1.00000000,1.00000000,0.00864549,0.78259091,1.02149112,-0.22369629,-0.03146922
1998-12-07,7303.30615234,0.01409362,1.00000000,1.00000000,0.01409362,0.79362045,1.03588762,-0.21275536,-0.01781912
1998-12-08,7212.64697266,-0.01241344,1.00000000,1.00000000,-0.01241344,0.78376889,1.02302869,-0.22252778,-0.03001137
1998-12-09,7117.87744141,-0.01313936,1.00000000,1.00000000,-0.01313936,0.77347067,1.00958675,-0.23274327,-0.04275639
1998-12-10,7048.53808594,-0.00974158,1.00000000,1.00000000,-0.00974158,0.76593585,0.99975178,-0.24021756,-0.05208146
1998-12-11,6939.70849609,-0.01544002,1.00000000,1.00000000,-0.01544002,0.75410978,0.98431559,-0.25194861,-0.06671734
1998-12-14,6889.46826172,-0.00723953,1.00000000,1.00000000,-0.00723953,0.74865038,0.97718961,-0.25736416,-0.07347387
1998-12-15,6936.78808594,0.00686843,1.00000000,1.00000000,0.00686843,0.75379243,0.98390137,-0.25226341,-0.06711009
1998-12-16,6769.48876953,-0.02411769,1.00000000,1.00000000,-0.02411769,0.73561270,0.96017194,-0.27029709,-0.08960924
1998-12-17,6650.60937500,-0.01756106,1.00000000,1.00000000,-0.01756106,0.72269456,0.94331030,-0.28311145,-0.10559667
1998-12-18,6636.62939453,-0.00210206,1.00000000,1.00000000,-0.00210206,0.72117541,0.94132741,-0.28461839,-0.10747676
1998-12-21,6558.24951172,-0.01181019,1.00000000,1.00000000,-0.01181019,0.71265819,0.93021015,-0.29306719,-0.11801763
1998-12-22,6782.64892578,0.03421636,1.00000000,1.00000000,0.03421636,0.73704276,0.96203855,-0.26887852,-0.08783940
1998-12-23,6688.61865234,-0.01386336,1.00000000,1.00000000,-0.01386336,0.72682487,0.94870147,-0.27901432,-0.10048501
1998-12-24,6682.96875000,-0.00084470,1.00000000,1.00000000,-0.00084470,0.72621092,0.94790010,-0.27962334,-0.10124483
1998-12-28,6481.62011719,-0.03012862,1.00000000,1.00000000,-0.03012862,0.70433119,0.91934117,-0.30132729,-0.12832309
1998-12-29,6478.24023438,-0.00052146,1.00000000,1.00000000,-0.00052146,0.70396391,0.91886178,-0.30169162,-0.12877763
1998-12-30,6462.00000000,-0.00250689,1.00000000,1.00000000,-0.00250689,0.70219915,0.91655829,-0.30344220,-0.13096169
1998-12-31,6418.40039062,-0.00674708,1.00000000,1.00000000,-0.00674708,0.69746136,0.91037420,-0.30814193,-0.13682516
1999-01-05,6152.40136719,-0.04144320,0.00000000,1.00000000,-0.04144320,0.66855633,0.87264539,-0.33681474,-0.17259788
1999-01-06,6199.88134766,0.00771731,0.00000000,0.00000000,0.00000000,0.67371578,0.87264539,-0.33169674,-0.17259788
1999-01-07,6404.28027344,0.03296820,0.00000000,0.00000000,0.00000000,0.69592698,0.87264539,-0.30966398,-0.17259788
1999-01-08,6421.72021484,0.00272317,0.00000000,0.00000000,0.00000000,0.69782211,0.87264539,-0.30778408,-0.17259788
1999-01-11,6406.96044922,-0.00229841,0.00000000,0.00000000,-0.00000000,0.69621822,0.87264539,-0.30937508,-0.17259788
1999-01-12,6363.86035156,-0.00672707,0.00000000,0.00000000,-0.00000000,0.69153471,0.87264539,-0.31402096,-0.17259788
1999-01-13,6319.31054688,-0.00700044,0.00000000,0.00000000,-0.00000000,0.68669367,0.87264539,-0.31882312,-0.17259788
1999-01-14,6241.29101562,-0.01234621,0.00000000,0.00000000,-0.00000000,0.67821560,0.87264539,-0.32723307,-0.17259788
1999-01-15,6454.57031250,0.03417230,0.00000000,0.00000000,0.00000000,0.70139179,0.87264539,-0.30424307,-0.17259788
1999-01-18,6377.22021484,-0.01198377,0.00000000,0.00000000,-0.00000000,0.69298647,0.87264539,-0.31258086,-0.17259788
1999-01-19,6343.33007812,-0.00531425,0.00000000,0.00000000,-0.00000000,0.68930377,0.87264539,-0.31623398,-0.17259788
1999-01-20,6310.68066406,-0.00514705,0.00000000,0.00000000,-0.00000000,0.68575589,0.87264539,-0.31975336,-0.17259788
1999-01-21,6332.17041016,0.00340530,0.00000000,0.00000000,0.00000000,0.68809110,0.87264539,-0.31743691,-0.17259788
1999-01-22,6228.92138672,-0.01630547,0.00000000,0.00000000,-0.00000000,0.67687145,0.87264539,-0.32856643,-0.17259788
1999-01-25,6032.12207031,-0.03159445,0.00000000,0.00000000,-0.00000000,0.65548607,0.87264539,-0.34978000,-0.17259788
1999-01-26,6115.61230469,0.01384094,0.00000000,0.00000000,0.00000000,0.66455861,0.87264539,-0.34078034,-0.17259788
1999-01-27,6138.84228516,0.00379847,0.00000000,0.00000000,0.00000000,0.66708292,0.87264539,-0.33827632,-0.17259788
1999-01-28,6063.38232422,-0.01229221,0.00000000,0.00000000,-0.00000000,0.65888299,0.87264539,-0.34641036,-0.17259788
1999-01-29,5983.97265625,-0.01309660,0.00000000,0.00000000,-0.00000000,0.65025387,0.87264539,-0.35497016,-0.17259788
1999-02-01,5862.76318359,-0.02025569,0.00000000,0.00000000,-0.00000000,0.63708253,0.87264539,-0.36803569,-0.17259788
1999-02-02,5749.61425781,-0.01929959,0.00000000,0.00000000,-0.00000000,0.62478710,0.87264539,-0.38023234,-0.17259788
1999-02-03,5743.83398438,-0.00100533,0.00000000,0.00000000,-0.00000000,0.62415898,0.87264539,-0.38085541,-0.17259788
1999-02-04,5514.86523438,-0.03986340,0.00000000,0.00000000,-0.00000000,0.59927788,0.87264539,-0.40553662,-0.17259788
1999-02-05,5474.76513672,-0.00727127,0.00000000,0.00000000,-0.00000000,0.59492037,0.87264539,-0.40985912,-0.17259788
1999-02-08,5822.95312500,0.06359871,0.00000000,0.00000000,0.00000000,0.63275653,0.87264539,-0.37232693,-0.17259788
1999-02-09,5723.70458984,-0.01704436,0.00000000,0.00000000,-0.00000000,0.62197160,0.87264539,-0.38302522,-0.17259788
1999-02-10,5797.97412109,0.01297578,0.00000000,0.00000000,0.00000000,0.63004217,0.87264539,-0.37501949,-0.17259788
1999-02-22,6313.60058594,0.08893218,0.00000000,0.00000000,0.00000000,0.68607319,0.87264539,-0.31943861,-0.17259788
1999-02-23,6180.91113281,-0.02101645,0.00000000,0.00000000,-0.00000000,0.67165437,0.87264539,-0.33374159,-0.17259788
1999-02-24,6238.84130859,0.00937243,0.00000000,0.00000000,0.00000000,0.67794940,0.87264539,-0.32749713,-0.17259788
1999-02-25,6275.50048828,0.00587596,0.00000000,0.00000000,0.00000000,0.68193301,0.87264539,-0.32354553,-0.17259788
1999-02-26,6318.49072266,0.00685049,0.00000000,0.00000000,0.00000000,0.68660458,0.87264539,-0.31891149,-0.17259788
1999-03-01,6312.22070312,-0.00099233,0.00000000,0.00000000,-0.00000000,0.68592324,0.87264539,-0.31958735,-0.17259788
1999-03-02,6263.51074219,-0.00771677,0.00000000,0.00000000,-0.00000000,0.68063013,0.87264539,-0.32483794,-0.17259788
1999-03-03,6403.11035156,0.02228776,0.00000000,0.00000000,0.00000000,0.69579985,0.87264539,-0.30979009,-0.17259788
1999-03-04,6393.71044922,-0.00146802,0.00000000,0.00000000,-0.00000000,0.69477840,0.87264539,-0.31080333,-0.17259788
1999-03-05,6383.06005859,-0.00166576,0.00000000,0.00000000,-0.00000000,0.69362107,0.87264539,-0.31195137,-0.17259788
1999-03-08,6431.93017578,0.00765622,0.00000000,0.00000000,0.00000000,0.69893158,0.87264539,-0.30668352,-0.17259788
1999-03-09,6493.39990234,0.00955696,0.00000000,0.00000000,0.00000000,0.70561125,0.87264539,-0.30005752,-0.17259788
1999-03-10,6486.57958984,-0.00105035,0.00000000,0.00000000,-0.00000000,0.70487011,0.87264539,-0.30079270,-0.17259788
1999-03-11,6436.77001953,-0.00767887,0.00000000,0.00000000,-0.00000000,0.69945751,0.87264539,-0.30616182,-0.17259788
1999-03-12,6462.70019531,0.00402845,0.00000000,0.00000000,0.00000000,0.70227524,0.87264539,-0.30336673,-0.17259788
1999-03-15,6598.28955078,0.02098029,1.00000000,0.00000000,0.00000000,0.71700918,0.87264539,-0.28875116,-0.17259788
1999-03-16,6672.19921875,0.01120134,1.00000000,1.00000000,0.01120134,0.72504064,0.88242018,-0.28078422,-0.16332987
1999-03-17,6757.03857422,0.01271535,1.00000000,1.00000000,0.01271535,0.73425978,0.89364046,-0.27163914,-0.15269132
1999-03-18,6894.97802734,0.02041419,1.00000000,1.00000000,0.02041419,0.74924910,0.91188341,-0.25677024,-0.13539420
1999-03-19,6997.25830078,0.01483402,1.00000000,1.00000000,0.01483402,0.76036348,0.92541031,-0.24574515,-0.12256861
1999-03-22,7043.19824219,0.00656542,1.00000000,1.00000000,0.00656542,0.76535559,0.93148602,-0.24079315,-0.11680791
1999-03-23,6945.44824219,-0.01387864,1.00000000,1.00000000,-0.01387864,0.75473349,0.91855826,-0.25132991,-0.12906541
1999-03-24,6889.38818359,-0.00807148,1.00000000,1.00000000,-0.00807148,0.74864168,0.91114413,-0.25737279,-0.13609514
1999-03-25,6941.34814453,0.00754203,1.00000000,1.00000000,0.00754203,0.75428795,0.91801601,-0.25177187,-0.12957955
1999-03-26,7033.21826172,0.01323520,1.00000000,1.00000000,0.01323520,0.76427110,0.93016613,-0.24186892,-0.11805936
1999-03-29,6901.64843750,-0.01870692,1.00000000,1.00000000,-0.01870692,0.74997395,0.91276559,-0.25605122,-0.13455775
1999-03-30,6898.62841797,-0.00043758,1.00000000,1.00000000,-0.00043758,0.74964577,0.91236618,-0.25637676,-0.13493645
1999-03-31,6881.68847656,-0.00245555,1.00000000,1.00000000,-0.00245555,0.74780498,0.91012582,-0.25820276,-0.13706066
1999-04-01,7018.64843750,0.01990209,1.00000000,1.00000000,0.01990209,0.76268786,0.92823922,-0.24343945,-0.11988637
1999-04-02,7232.47656250,0.03046571,1.00000000,1.00000000,0.03046571,0.78592369,0.95651869,-0.22039029,-0.09307308
1999-04-06,7163.95751953,-0.00947380,1.00000000,1.00000000,-0.00947380,0.77847800,0.94745683,-0.22777616,-0.10166512
1999-04-07,7135.85742188,-0.00392243,1.00000000,1.00000000,-0.00392243,0.77542448,0.94374050,-0.23080515,-0.10518878
1999-04-08,7273.37646484,0.01927155,1.00000000,1.00000000,0.01927155,0.79036811,0.96192784,-0.21598157,-0.08794437
1999-04-09,7265.66650391,-0.00106003,1.00000000,1.00000000,-0.00106003,0.78953030,0.96090817,-0.21681265,-0.08891118
1999-04-12,7242.36669922,-0.00320684,1.00000000,1.00000000,-0.00320684,0.78699841,0.95782670,-0.21932421,-0.09183289
1999-04-13,7337.81640625,0.01317935,1.00000000,1.00000000,0.01317935,0.79737054,0.97045023,-0.20903540,-0.07986383
1999-04-14,7398.61572266,0.00828575,1.00000000,1.00000000,0.00828575,0.80397735,0.97849114,-0.20248167,-0.07223982
1999-04-15,7498.13574219,0.01345117,1.00000000,1.00000000,0.01345117,0.81479179,0.99165299,-0.19175412,-0.05976036
1999-04-16,7466.78564453,-0.00418105,1.00000000,1.00000000,-0.00418105,0.81138510,0.98750684,-0.19513343,-0.06369155
1999-04-19,7623.14501953,0.02094065,1.00000000,1.00000000,0.02094065,0.82837603,1.00818588,-0.17827900,-0.04408464
1999-04-20,7627.70507812,0.00059819,1.00000000,1.00000000,0.00059819,0.82887156,1.00878896,-0.17778746,-0.04351282
1999-04-21,7474.12597656,-0.02013438,1.00000000,1.00000000,-0.02013438,0.81218274,0.98847762,-0.19434220,-0.06277110
1999-04-22,7494.56591797,0.00273476,1.00000000,1.00000000,0.00273476,0.81440387,0.99118087,-0.19213892,-0.06020800
1999-04-23,7612.76464844,0.01577126,1.00000000,1.00000000,0.01577126,0.82724804,1.00681304,-0.17939793,-0.04538630
1999-04-26,7629.05468750,0.00213983,1.00000000,1.00000000,0.00213983,0.82901821,1.00896745,-0.17764198,-0.04334359
1999-04-27,7550.09472656,-0.01034990,1.00000000,1.00000000,-0.01034990,0.82043796,0.99852474,-0.18615331,-0.05324489
1999-04-28,7496.57568359,-0.00708853,1.00000000,1.00000000,-0.00708853,0.81462226,0.99144667,-0.19192228,-0.05995598
1999-04-29,7289.58642578,-0.02761117,1.00000000,1.00000000,-0.02761117,0.79212958,0.96407166,-0.21423425,-0.08591170
1999-04-30,7371.13623047,0.01118716,1.00000000,1.00000000,0.01118716,0.80099127,0.97485689,-0.20544376,-0.07568565
1999-05-03,7383.22558594,0.00164009,1.00000000,1.00000000,0.00164009,0.80230497,0.97645575,-0.20414062,-0.07416968
1999-05-04,7588.00488281,0.02773575,1.00000000,1.00000000,0.02773575,0.82455750,1.00353848,-0.18206686,-0.04849109
1999-05-05,7572.12500000,-0.00209276,1.00000000,1.00000000,-0.00209276,0.82283190,1.00143831,-0.18377860,-0.05048237
1999-05-06,7560.01464844,-0.00159933,1.00000000,1.00000000,-0.00159933,0.82151591,0.99983668,-0.18508401,-0.05200096
1999-05-07,7469.29589844,-0.01199981,1.00000000,1.00000000,-0.01199981,0.81165788,0.98783883,-0.19486285,-0.06337677
1999-05-10,7484.33593750,0.00201358,1.00000000,1.00000000,0.00201358,0.81329222,0.98982792,-0.19324164,-0.06149080
1999-05-11,7474.41601562,-0.00132542,1.00000000,1.00000000,-0.00132542,0.81221426,0.98851598,-0.19431093,-0.06273473
1999-05-12,7448.37597656,-0.00348389,1.00000000,1.00000000,-0.00348389,0.80938460,0.98507210,-0.19711787,-0.06600006
1999-05-13,7416.16601562,-0.00432443,1.00000000,1.00000000,-0.00432443,0.80588447,0.98081222,-0.20058987,-0.07003907
1999-05-14,7592.49462891,0.02377625,1.00000000,1.00000000,0.02377625,0.82504538,1.00413226,-0.18158290,-0.04792809
1999-05-17,7599.72460938,0.00095225,1.00000000,1.00000000,0.00095225,0.82583103,1.00508845,-0.18080356,-0.04702147
1999-05-18,7585.47460938,-0.00187507,1.00000000,1.00000000,-0.00187507,0.82428254,1.00320384,-0.18233961,-0.04880837
1999-05-19,7614.56494141,0.00383500,1.00000000,1.00000000,0.00383500,0.82744367,1.00705113,-0.17920387,-0.04516055
1999-05-20,7608.84472656,-0.00075122,1.00000000,1.00000000,-0.00075122,0.82682208,1.00629461,-0.17982047,-0.04587784
1999-05-21,7606.65478516,-0.00028782,1.00000000,1.00000000,-0.00028782,0.82658411,1.00600499,-0.18005653,-0.04615245
1999-05-24,7588.19482422,-0.00242682,1.00000000,1.00000000,-0.00242682,0.82457814,1.00356360,-0.18204639,-0.04846727
1999-05-25,7416.99560547,-0.02256126,1.00000000,1.00000000,-0.02256126,0.80597462,0.98092194,-0.20050045,-0.06993504
1999-05-26,7426.59570312,0.00129434,1.00000000,1.00000000,0.00129434,0.80701782,0.98219159,-0.19946563,-0.06873123
1999-05-27,7468.97558594,0.00570650,1.00000000,1.00000000,0.00570650,0.81162307,0.98779646,-0.19489737,-0.06341694
1999-05-28,7387.33593750,-0.01093050,1.00000000,1.00000000,-0.01093050,0.80275162,0.97699935,-0.20369755,-0.07365426
1999-05-31,7316.53613281,-0.00958394,1.00000000,1.00000000,-0.00958394,0.79505810,0.96763585,-0.21132927,-0.08253231
1999-06-01,7397.58593750,0.01107762,1.00000000,1.00000000,0.01107762,0.80386545,0.97835495,-0.20259267,-0.07236895
1999-06-02,7487.99560547,0.01222151,1.00000000,1.00000000,0.01222151,0.81368990,0.99031192,-0.19284715,-0.06103190
1999-06-03,7572.87500000,0.01133540,1.00000000,1.00000000,0.01133540,0.82291340,1.00153750,-0.18369775,-0.05038832
1999-06-04,7590.40478516,0.00231481,1.00000000,1.00000000,0.00231481,0.82481829,1.00385587,-0.18180817,-0.04819015
1999-06-07,7802.65429688,0.02796287,1.00000000,1.00000000,0.02796287,0.84788257,1.03192656,-0.15892917,-0.02157481
1999-06-08,7892.09277344,0.01146257,1.00000000,1.00000000,0.01146257,0.85760149,1.04375510,-0.14928834,-0.01035954
1999-06-09,7957.67285156,0.00830959,1.00000000,1.00000000,0.00830959,0.86472781,1.05242828,-0.14221927,-0.00213603
1999-06-10,7996.72216797,0.00490713,1.00000000,1.00000000,0.00490713,0.86897114,1.05759268,-0.13801003,0.00000000
1999-06-11,7979.36230469,-0.00217087,1.00000000,1.00000000,-0.00217087,0.86708471,1.05529678,-0.13988130,-0.00217087
1999-06-14,7973.54296875,-0.00072930,1.00000000,1.00000000,-0.00072930,0.86645235,1.05452715,-0.14050859,-0.00289859
1999-06-15,7959.96289062,-0.00170314,1.00000000,1.00000000,-0.00170314,0.86497666,1.05273114,-0.14197242,-0.00459679
1999-06-16,8058.98242188,0.01243970,1.00000000,1.00000000,0.01243970,0.87573671,1.06582680,-0.13129882,0.00000000
1999-06-17,8274.32031250,0.02672023,1.00000000,1.00000000,0.02672023,0.89913659,1.09430594,-0.10808692,0.00000000
1999-06-21,8413.44042969,0.01681348,1.00000000,1.00000000,0.01681348,0.91425421,1.11270503,-0.09309076,0.00000000
1999-06-22,8608.87011719,0.02322827,1.00000000,1.00000000,0.02322827,0.93549076,1.13855125,-0.07202482,0.00000000
1999-06-23,8492.28027344,-0.01354299,1.00000000,1.00000000,-0.01354299,0.92282141,1.12313186,-0.08459238,-0.01354299
1999-06-24,8589.26953125,0.01142087,1.00000000,1.00000000,0.01142087,0.93336084,1.13595900,-0.07413763,-0.00227679
1999-06-25,8265.91992188,-0.03764576,1.00000000,1.00000000,-0.03764576,0.89822376,1.09319496,-0.10899242,-0.03983684
1999-06-28,8281.41015625,0.00187399,1.00000000,1.00000000,0.00187399,0.89990702,1.09524359,-0.10732269,-0.03803751
1999-06-29,8514.22949219,0.02811349,1.00000000,1.00000000,0.02811349,0.92520654,1.12603471,-0.08222641,-0.01099339
1999-06-30,8467.33007812,-0.00550836,1.00000000,1.00000000,-0.00550836,0.92011018,1.11983211,-0.08728184,-0.01644119
1999-07-02,8572.04980469,0.01236750,1.00000000,1.00000000,0.01236750,0.93148964,1.13368164,-0.07599379,-0.00427702
1999-07-05,8593.30957031,0.00248013,1.00000000,1.00000000,0.00248013,0.93379985,1.13649331,-0.07370214,-0.00180750
1999-07-06,8454.45019531,-0.01615901,1.00000000,1.00000000,-0.01615901,0.91871057,1.11812871,-0.08867020,-0.01793730
1999-07-07,8470.03027344,0.00184283,1.00000000,1.00000000,0.00184283,0.92040360,1.12018922,-0.08699077,-0.01612753
1999-07-08,8592.38964844,0.01444616,1.00000000,1.00000000,0.01444616,0.93369989,1.13637165,-0.07380130,-0.00191436
1999-07-09,8550.22949219,-0.00490669,1.00000000,1.00000000,-0.00490669,0.92911852,1.13079583,-0.07834587,-0.00681165
1999-07-12,8463.86035156,-0.01010138,1.00000000,1.00000000,-0.01010138,0.91973314,1.11937323,-0.08765585,-0.01684423
1999-07-13,8204.45996094,-0.03064800,1.00000000,1.00000000,-0.03064800,0.89154516,1.08506668,-0.11561737,-0.04697599
1999-07-14,7888.62304688,-0.03849576,1.00000000,1.00000000,-0.03849576,0.85722445,1.04329621,-0.14966235,-0.08366337
1999-07-15,7918.00292969,0.00372434,1.00000000,1.00000000,0.00372434,0.86041704,1.04718180,-0.14649541,-0.08025062
1999-07-16,7411.54589844,-0.06396272,1.00000000,1.00000000,-0.06396272,0.80538242,0.98020120,-0.20108789,-0.13908030
1999-07-19,7386.85595703,-0.00333128,1.00000000,1.00000000,-0.00333128,0.80269947,0.97693587,-0.20374929,-0.14194826
1999-07-20,7806.81445312,0.05685213,1.00000000,1.00000000,0.05685213,0.84833464,1.03247676,-0.15848074,-0.09316619
1999-07-21,7786.61425781,-0.00258751,1.00000000,1.00000000,-0.00258751,0.84613957,1.02980522,-0.16065818,-0.09551263
1999-07-22,7678.63476562,-0.01386732,1.00000000,1.00000000,-0.01386732,0.83440588,1.01552458,-0.17229760,-0.10805545
1999-07-23,7724.48486328,0.00597113,1.00000000,1.00000000,0.00597113,0.83938822,1.02158840,-0.16735529,-0.10272954
1999-07-26,7595.67480469,-0.01667555,1.00000000,1.00000000,-0.01667555,0.82539096,1.00455285,-0.18124010,-0.11769202
1999-07-27,7367.93652344,-0.02998263,1.00000000,1.00000000,-0.02998263,0.80064357,0.97443372,-0.20578867,-0.14414593
1999-07-28,7484.46582031,0.01581573,1.00000000,1.00000000,0.01581573,0.81330633,0.98984510,-0.19322764,-0.13060997
1999-07-29,7359.33642578,-0.01671855,1.00000000,1.00000000,-0.01671855,0.79970903,0.97329633,-0.20671570,-0.14514491
1999-07-30,7413.07568359,0.00730219,1.00000000,1.00000000,0.00730219,0.80554866,0.98040352,-0.20092299,-0.13890260
1999-08-02,7195.90673828,-0.02929539,0.00000000,1.00000000,-0.02929539,0.78194980,0.95168221,-0.22433226,-0.16412878
1999-08-03,7175.15673828,-0.00288358,0.00000000,0.00000000,-0.00000000,0.77969498,0.95168221,-0.22656896,-0.16412878
1999-08-04,7110.76757812,-0.00897390,0.00000000,0.00000000,-0.00000000,0.77269807,0.95168221,-0.23350966,-0.16412878
1999-08-05,6959.69824219,-0.02124515,0.00000000,0.00000000,-0.00000000,0.75628198,0.95168221,-0.24979386,-0.16412878
1999-08-06,6823.48876953,-0.01957118,0.00000000,0.00000000,-0.00000000,0.74148066,0.95168221,-0.26447628,-0.16412878
1999-08-09,7027.97802734,0.02996843,0.00000000,0.00000000,0.00000000,0.76370167,0.95168221,-0.24243378,-0.16412878
1999-08-10,7269.56640625,0.03437523,0.00000000,0.00000000,0.00000000,0.78995409,0.95168221,-0.21639227,-0.16412878
1999-08-11,7228.64697266,-0.00562887,0.00000000,0.00000000,-0.00000000,0.78550754,0.95168221,-0.22080310,-0.16412878
1999-08-12,7330.20654297,0.01404960,0.00000000,0.00000000,0.00000000,0.79654361,0.95168221,-0.20985569,-0.16412878
1999-08-13,7626.01464844,0.04035468,0.00000000,0.00000000,0.00000000,0.82868787,0.95168221,-0.17796968,-0.16412878
1999-08-16,8018.43261719,0.05145780,0.00000000,0.00000000,0.00000000,0.87133032,0.95168221,-0.13566980,-0.16412878
1999-08-17,8083.39257812,0.00810133,0.00000000,0.00000000,0.00000000,0.87838926,0.95168221,-0.12866758,-0.16412878
1999-08-18,7993.67236328,-0.01109933,0.00000000,0.00000000,-0.00000000,0.86863973,0.95168221,-0.13833878,-0.16412878
1999-08-19,7964.63281250,-0.00363282,0.00000000,0.00000000,-0.00000000,0.86548412,0.95168221,-0.14146904,-0.16412878
1999-08-20,8117.38232422,0.01917848,0.00000000,0.00000000,0.00000000,0.88208278,0.95168221,-0.12500372,-0.16412878
1999-08-23,8119.94238281,0.00031538,0.00000000,0.00000000,0.00000000,0.88236098,0.95168221,-0.12472777,-0.16412878
1999-08-24,7984.35253906,-0.01669838,0.00000000,0.00000000,-0.00000000,0.86762698,0.95168221,-0.13934339,-0.16412878
1999-08-25,8127.05224609,0.01787242,0.00000000,0.00000000,0.00000000,0.88313357,0.95168221,-0.12396137,-0.16412878
1999-08-26,8097.53222656,-0.00363232,0.00000000,0.00000000,-0.00000000,0.87992575,0.95168221,-0.12714342,-0.16412878
1999-08-27,8053.93261719,-0.00538431,0.00000000,0.00000000,-0.00000000,0.87518796,0.95168221,-0.13184315,-0.16412878
1999-08-30,8071.32226562,0.00215915,0.00000000,0.00000000,0.00000000,0.87707763,0.95168221,-0.12996867,-0.16412878
1999-08-31,8157.69238281,0.01070086,0.00000000,0.00000000,0.00000000,0.88646311,0.95168221,-0.12065859,-0.16412878
1999-09-01,8273.29003906,0.01417039,0.00000000,0.00000000,0.00000000,0.89902464,0.95168221,-0.10819798,-0.16412878
1999-09-02,8226.11035156,-0.00570265,0.00000000,0.00000000,-0.00000000,0.89389781,0.95168221,-0.11328361,-0.16412878
1999-09-03,8073.93261719,-0.01849935,0.00000000,0.00000000,-0.00000000,0.87736128,0.95168221,-0.12968729,-0.16412878
1999-09-06,8130.24218750,0.00697424,0.00000000,0.00000000,0.00000000,0.88348021,0.95168221,-0.12361752,-0.16412878
1999-09-07,7945.72265625,-0.02269545,0.00000000,0.00000000,-0.00000000,0.86342923,0.95168221,-0.14350742,-0.16412878
1999-09-08,7973.26269531,0.00346602,0.00000000,0.00000000,0.00000000,0.86642189,0.95168221,-0.14053880,-0.16412878
1999-09-09,8024.98242188,0.00648665,0.00000000,0.00000000,0.00000000,0.87204206,0.95168221,-0.13496378,-0.16412878
1999-09-10,8161.42236328,0.01700190,0.00000000,0.00000000,0.00000000,0.88686844,0.95168221,-0.12025652,-0.16412878
1999-09-13,8178.65234375,0.00211115,1.00000000,0.00000000,0.00000000,0.88874075,0.95168221,-0.11839925,-0.16412878
1999-09-14,8091.98242188,-0.01059709,1.00000000,1.00000000,-0.01059709,0.87932268,0.94159715,-0.12774165,-0.17298659
1999-09-15,7971.00292969,-0.01495054,1.00000000,1.00000000,-0.01495054,0.86617633,0.92751977,-0.14078238,-0.18535088
1999-09-16,7968.86279297,-0.00026849,1.00000000,1.00000000,-0.00026849,0.86594377,0.92727074,-0.14101308,-0.18556961
1999-09-17,7916.88281250,-0.00652289,1.00000000,1.00000000,-0.00652289,0.86029532,0.92122226,-0.14661615,-0.19088204
1999-09-20,7972.10302734,0.00697499,0.00000000,1.00000000,0.00697499,0.86629588,0.92764778,-0.14066380,-0.18523845
1999-09-27,7759.89453125,-0.02661889,0.00000000,0.00000000,-0.00000000,0.84323605,0.92764778,-0.16353837,-0.18523845
1999-09-28,7577.81494141,-0.02346418,0.00000000,0.00000000,-0.00000000,0.82345020,0.92764778,-0.18316526,-0.18523845
1999-09-29,7615.41503906,0.00496187,0.00000000,0.00000000,0.00000000,0.82753605,0.92764778,-0.17911224,-0.18523845
1999-09-30,7598.75488281,-0.00218769,0.00000000,0.00000000,-0.00000000,0.82572566,0.92764778,-0.18090809,-0.18523845
1999-10-01,7694.95507812,0.01265999,0.00000000,0.00000000,0.00000000,0.83617934,0.92764778,-0.17053839,-0.18523845
1999-10-04,7685.44482422,-0.00123591,0.00000000,0.00000000,-0.00000000,0.83514590,0.92764778,-0.17156352,-0.18523845
1999-10-05,7556.97460938,-0.01671604,0.00000000,0.00000000,-0.00000000,0.82118557,0.92764778,-0.18541170,-0.18523845
1999-10-06,7501.59570312,-0.00732818,0.00000000,0.00000000,-0.00000000,0.81516777,0.92764778,-0.19138116,-0.18523845
1999-10-07,7611.96484375,0.01471276,0.00000000,0.00000000,0.00000000,0.82716113,0.92764778,-0.17948415,-0.18523845
1999-10-08,7552.94482422,-0.00775359,0.00000000,0.00000000,-0.00000000,0.82074767,0.92764778,-0.18584609,-0.18523845
1999-10-11,7607.07470703,0.00716673,0.00000000,0.00000000,0.00000000,0.82662974,0.92764778,-0.18001127,-0.18523845
1999-10-12,7835.33398438,0.03000618,0.00000000,0.00000000,0.00000000,0.85143374,0.92764778,-0.15540654,-0.18523845
1999-10-13,7836.90380859,0.00020035,0.00000000,0.00000000,0.00000000,0.85160433,0.92764778,-0.15523732,-0.18523845
1999-10-14,7879.87304688,0.00548294,0.00000000,0.00000000,0.00000000,0.85627362,0.92764778,-0.15060554,-0.18523845
1999-10-15,7819.05419922,-0.00771825,0.00000000,0.00000000,-0.00000000,0.84966468,0.92764778,-0.15716138,-0.18523845
1999-10-18,7745.22412109,-0.00944233,0.00000000,0.00000000,-0.00000000,0.84164187,0.92764778,-0.16511974,-0.18523845
1999-10-19,7692.92480469,-0.00675246,0.00000000,0.00000000,-0.00000000,0.83595872,0.92764778,-0.17075724,-0.18523845
1999-10-20,7666.60498047,-0.00342130,0.00000000,0.00000000,-0.00000000,0.83309865,0.92764778,-0.17359433,-0.18523845
1999-10-21,7654.86474609,-0.00153135,0.00000000,0.00000000,-0.00000000,0.83182289,0.92764778,-0.17485984,-0.18523845
1999-10-22,7559.59472656,-0.01244568,0.00000000,0.00000000,-0.00000000,0.82147028,0.92764778,-0.18512927,-0.18523845
1999-10-25,7680.83496094,0.01603793,0.00000000,0.00000000,0.00000000,0.83464496,0.92764778,-0.17206044,-0.18523845
1999-10-26,7700.25488281,0.00252836,0.00000000,0.00000000,0.00000000,0.83675525,0.92764778,-0.16996711,-0.18523845
1999-10-27,7701.18505859,0.00012080,0.00000000,0.00000000,0.00000000,0.83685633,0.92764778,-0.16986684,-0.18523845
1999-10-28,7681.81494141,-0.00251521,0.00000000,0.00000000,-0.00000000,0.83475146,0.92764778,-0.17195480,-0.18523845
1999-10-29,7706.63476562,0.00323098,0.00000000,0.00000000,0.00000000,0.83744852,0.92764778,-0.16927940,-0.18523845
1999-11-01,7814.85449219,0.01404241,0.00000000,0.00000000,0.00000000,0.84920832,0.92764778,-0.15761408,-0.18523845
1999-11-02,7721.55468750,-0.01193878,0.00000000,0.00000000,-0.00000000,0.83906981,0.92764778,-0.16767114,-0.18523845
1999-11-03,7580.05468750,-0.01832533,0.00000000,0.00000000,-0.00000000,0.82369358,0.92764778,-0.18292383,-0.18523845
1999-11-04,7469.19580078,-0.01462508,0.00000000,0.00000000,-0.00000000,0.81164700,0.92764778,-0.19487364,-0.18523845
1999-11-05,7488.22558594,0.00254777,0.00000000,0.00000000,0.00000000,0.81371489,0.92764778,-0.19282236,-0.18523845
1999-11-08,7401.45605469,-0.01158746,0.00000000,0.00000000,-0.00000000,0.80428600,0.92764778,-0.20217550,-0.18523845
1999-11-09,7362.65625000,-0.00524219,0.00000000,0.00000000,-0.00000000,0.80006978,0.92764778,-0.20635784,-0.18523845
1999-11-10,7401.77587891,0.00531325,0.00000000,0.00000000,0.00000000,0.80432075,0.92764778,-0.20214103,-0.18523845
1999-11-11,7532.18554688,0.01761870,0.00000000,0.00000000,0.00000000,0.81849184,0.92764778,-0.18808379,-0.18523845
1999-11-15,7544.99511719,0.00170064,0.00000000,0.00000000,0.00000000,0.81988380,0.92764778,-0.18670301,-0.18523845
1999-11-16,7606.16503906,0.00810735,0.00000000,0.00000000,0.00000000,0.82653089,0.92764778,-0.18010932,-0.18523845
1999-11-17,7645.74462891,0.00520362,0.00000000,0.00000000,0.00000000,0.83083184,0.92764778,-0.17584292,-0.18523845
1999-11-18,7718.02490234,0.00945366,0.00000000,0.00000000,0.00000000,0.83868624,0.92764778,-0.16805162,-0.18523845
1999-11-19,7770.77441406,0.00683459,0.00000000,0.00000000,0.00000000,0.84441832,0.92764778,-0.16236560,-0.18523845
1999-11-22,8052.27246094,0.03622522,0.00000000,0.00000000,0.00000000,0.87500756,0.92764778,-0.13202211,-0.18523845
1999-11-23,8046.15234375,-0.00076005,0.00000000,0.00000000,-0.00000000,0.87434251,0.92764778,-0.13268181,-0.18523845
1999-11-24,7921.81298828,-0.01545327,0.00000000,0.00000000,-0.00000000,0.86083106,0.92764778,-0.14608471,-0.18523845
1999-11-25,7904.49267578,-0.00218641,0.00000000,0.00000000,-0.00000000,0.85894894,0.92764778,-0.14795172,-0.18523845
1999-11-26,7595.40478516,-0.03910281,0.00000000,0.00000000,-0.00000000,0.82536162,0.92764778,-0.18126920,-0.18523845
1999-11-29,7823.86376953,0.03007858,0.00000000,0.00000000,0.00000000,0.85018732,0.92764778,-0.15664294,-0.18523845
1999-11-30,7720.83496094,-0.01316853,0.00000000,0.00000000,-0.00000000,0.83899160,0.92764778,-0.16774872,-0.18523845
1999-12-01,7766.16455078,0.00587107,0.00000000,0.00000000,0.00000000,0.84391738,0.92764778,-0.16286251,-0.18523845
1999-12-02,7806.22412109,0.00515822,0.00000000,0.00000000,0.00000000,0.84827049,0.92764778,-0.15854437,-0.18523845
1999-12-03,7933.13281250,0.01625737,0.00000000,0.00000000,0.00000000,0.86206114,0.92764778,-0.14486452,-0.18523845
1999-12-06,7894.42285156,-0.00487953,0.00000000,0.00000000,-0.00000000,0.85785469,0.92764778,-0.14903717,-0.18523845
1999-12-07,7827.01367188,-0.00853884,0.00000000,0.00000000,-0.00000000,0.85052961,0.92764778,-0.15630341,-0.18523845
1999-12-08,7810.98437500,-0.00204795,0.00000000,0.00000000,-0.00000000,0.84878777,0.92764778,-0.15803125,-0.18523845
1999-12-09,7738.80419922,-0.00924086,0.00000000,0.00000000,-0.00000000,0.84094425,0.92764778,-0.16581176,-0.18523845
1999-12-10,7733.70507812,-0.00065890,0.00000000,0.00000000,-0.00000000,0.84039014,0.92764778,-0.16636141,-0.18523845
1999-12-13,7883.57275391,0.01937851,0.00000000,0.00000000,0.00000000,0.85667565,0.92764778,-0.15020674,-0.18523845
1999-12-14,7850.10400391,-0.00424538,0.00000000,0.00000000,-0.00000000,0.85303874,0.92764778,-0.15381443,-0.18523845
1999-12-15,7859.85351562,0.00124196,0.00000000,0.00000000,0.00000000,0.85409818,0.92764778,-0.15276350,-0.18523845
1999-12-16,7739.72412109,-0.01528392,0.00000000,0.00000000,-0.00000000,0.84104421,0.92764778,-0.16571260,-0.18523845
1999-12-17,7723.18505859,-0.00213691,0.00000000,0.00000000,-0.00000000,0.83924698,0.92764778,-0.16749539,-0.18523845
1999-12-20,7782.90429688,0.00773246,0.00000000,0.00000000,0.00000000,0.84573642,0.92764778,-0.16105808,-0.18523845
1999-12-21,7934.22265625,0.01944240,0.00000000,0.00000000,0.00000000,0.86217957,0.92764778,-0.14474704,-0.18523845
1999-12-22,8002.72216797,0.00863342,0.00000000,0.00000000,0.00000000,0.86962313,0.92764778,-0.13736328,-0.18523845
1999-12-23,8083.45263672,0.01008788,0.00000000,0.00000000,0.00000000,0.87839578,0.92764778,-0.12866110,-0.18523845
1999-12-24,8219.41015625,0.01681924,0.00000000,0.00000000,0.00000000,0.89316973,0.92764778,-0.11400585,-0.18523845
1999-12-27,8415.03027344,0.02379978,1.00000000,0.00000000,0.00000000,0.91442697,0.92764778,-0.09291938,-0.18523845
1999-12-28,8448.79980469,0.00401300,1.00000000,1.00000000,0.00401300,0.91809657,0.93137043,-0.08927927,-0.18196881
2000-01-04,8756.50976562,0.03642055,1.00000000,1.00000000,0.03642055,0.95153415,0.96529146,-0.05611032,-0.15217566
2000-01-05,8849.83007812,0.01065725,1.00000000,1.00000000,0.01065725,0.96167489,0.97557881,-0.04605105,-0.14314019
2000-01-06,8921.98925781,0.00815374,1.00000000,1.00000000,0.00815374,0.96951613,0.98353342,-0.03827280,-0.13615358
2000-01-07,8849.83007812,-0.00808779,1.00000000,1.00000000,-0.00808779,0.96167489,0.97557881,-0.04605105,-0.14314019
2000-01-10,9102.55761719,0.02855733,1.00000000,1.00000000,0.02855733,0.98913776,1.00343874,-0.01880881,-0.11867056
2000-01-11,8926.98925781,-0.01928781,1.00000000,1.00000000,-0.01928781,0.97005946,0.98408460,-0.03773384,-0.13566947
2000-01-12,9144.60839844,0.02437766,1.00000000,1.00000000,0.02437766,0.99370725,1.00807429,-0.01427603,-0.11459911
2000-01-13,9107.14843750,-0.00409640,1.00000000,1.00000000,-0.00409640,0.98963662,1.00394481,-0.01831395,-0.11822606
2000-01-14,9023.19921875,-0.00921795,1.00000000,1.00000000,-0.00921795,0.98051421,0.99469050,-0.02736308,-0.12635421
2000-01-17,9315.38769531,0.03238192,1.00000000,1.00000000,0.03238192,1.01226513,1.02690049,0.00000000,-0.09806388
2000-01-18,9250.14843750,-0.00700339,1.00000000,1.00000000,-0.00700339,1.00517585,1.01970871,-0.00700339,-0.10438049
2000-01-19,9151.39843750,-0.01067550,1.00000000,1.00000000,-0.01067550,0.99444509,1.00882280,-0.01760413,-0.11394168
2000-01-20,9136.90820312,-0.00158339,1.00000000,1.00000000,-0.00158339,0.99287050,1.00722544,-0.01915964,-0.11534466
2000-01-21,9255.89843750,0.01302303,1.00000000,1.00000000,0.01302303,1.00580068,1.02034257,-0.00638613,-0.10382376
2000-01-24,9387.02832031,0.01416717,1.00000000,1.00000000,0.01416717,1.02005003,1.03479794,0.00000000,-0.09112748
2000-01-25,9372.32812500,-0.00156601,1.00000000,1.00000000,-0.00156601,1.01845262,1.03317743,-0.00156601,-0.09255079
2000-01-26,9581.91601562,0.02236241,1.00000000,1.00000000,0.02236241,1.04122768,1.05628177,0.00000000,-0.07225803
2000-01-27,9628.93652344,0.00490721,1.00000000,1.00000000,0.00490721,1.04633721,1.06146517,0.00000000,-0.06770540
2000-01-28,9696.86523438,0.00705464,1.00000000,1.00000000,0.00705464,1.05371874,1.06895343,0.00000000,-0.06112840
2000-01-31,9744.84472656,0.00494794,1.00000000,1.00000000,0.00494794,1.05893248,1.07424255,0.00000000,-0.05648292
2000-02-01,9856.34472656,0.01144195,1.00000000,1.00000000,0.01144195,1.07104873,1.08653397,0.00000000,-0.04568725
2000-02-09,10008.83398438,0.01547118,1.00000000,1.00000000,0.01547118,1.08761911,1.10334393,0.00000000,-0.03092291
2000-02-10,10057.62304688,0.00487460,1.00000000,1.00000000,0.00487460,1.09292082,1.10872229,0.00000000,-0.02619904
2000-02-11,10128.62304688,0.00705932,1.00000000,1.00000000,0.00705932,1.10063610,1.11654912,0.00000000,-0.01932467
2000-02-14,9971.40429688,-0.01552222,1.00000000,1.00000000,-0.01552222,1.08355178,1.09921780,-0.01552222,-0.03454693
2000-02-15,9957.69433594,-0.00137493,1.00000000,1.00000000,-0.00137493,1.08206197,1.09770645,-0.01687581,-0.03587436
2000-02-16,10064.44335938,0.01072026,1.00000000,1.00000000,0.01072026,1.09366195,1.10947414,-0.00633647,-0.02553868
2000-02-17,10202.15332031,0.01368282,1.00000000,1.00000000,0.01368282,1.10862633,1.12465488,0.00000000,-0.01220531
2000-02-18,10096.33300781,-0.01037235,1.00000000,1.00000000,-0.01037235,1.09712727,1.11298956,-0.01037235,-0.02245106
2000-02-21,9912.62500000,-0.01819552,1.00000000,1.00000000,-0.01819552,1.07716447,1.09273814,-0.02837914,-0.04023807
2000-02-22,9731.88476562,-0.01823334,1.00000000,1.00000000,-0.01823334,1.05752417,1.07281388,-0.04609503,-0.05773773
2000-02-23,9642.21582031,-0.00921393,1.00000000,1.00000000,-0.00921393,1.04778021,1.06292904,-0.05488425,-0.06641967
2000-02-24,9599.12597656,-0.00446887,1.00000000,1.00000000,-0.00446887,1.04309781,1.05817895,-0.05910785,-0.07059173
2000-02-25,9432.44824219,-0.01736384,1.00000000,1.00000000,-0.01736384,1.02498563,1.03980489,-0.07544535,-0.08672983
2000-02-29,9435.89843750,0.00036578,1.00000000,1.00000000,0.00036578,1.02536054,1.04018523,-0.07510717,-0.08639577
2000-03-01,9689.05468750,0.02682906,1.00000000,1.00000000,0.02682906,1.05287000,1.06809242,-0.05029317,-0.06188463
2000-03-02,9543.77734375,-0.01499396,1.00000000,1.00000000,-0.01499396,1.03708330,1.05207748,-0.06453304,-0.07595070
2000-03-03,9587.98632812,0.00463223,1.00000000,1.00000000,0.00463223,1.04188731,1.05695095,-0.06019974,-0.07167029
2000-03-06,9367.86816406,-0.02295771,1.00000000,1.00000000,-0.02295771,1.01796797,1.03268578,-0.08177540,-0.09298261
2000-03-07,9380.02832031,0.00129807,1.00000000,1.00000000,0.00129807,1.01928937,1.03402628,-0.08058348,-0.09180524
2000-03-08,9389.44824219,0.00100425,1.00000000,1.00000000,0.00100425,1.02031299,1.03506470,-0.07966015,-0.09089318
2000-03-09,9587.22558594,0.02106379,1.00000000,1.00000000,0.02106379,1.04180465,1.05686708,-0.06027431,-0.07174395
2000-03-10,9429.55761719,-0.01644563,1.00000000,1.00000000,-0.01644563,1.02467151,1.03948624,-0.07572869,-0.08700970
2000-03-13,8811.91015625,-0.06550121,1.00000000,1.00000000,-0.06550121,0.95755429,0.97139863,-0.13626958,-0.14681168
2000-03-14,8835.54003906,0.00268158,1.00000000,1.00000000,0.00268158,0.96012205,0.97400352,-0.13395342,-0.14452378
2000-03-15,8639.99023438,-0.02213218,1.00000000,1.00000000,-0.02213218,0.93887245,0.95244669,-0.15312092,-0.16345734
2000-03-16,8682.71972656,0.00494555,1.00000000,1.00000000,0.00494555,0.94351569,0.95715706,-0.14893264,-0.15932017
2000-03-17,8763.22949219,0.00927241,1.00000000,1.00000000,0.00927241,0.95226436,0.96603222,-0.14104119,-0.15152504
2000-03-20,8536.00976562,-0.02592877,0.00000000,1.00000000,-0.02592877,0.92757332,0.94098419,-0.16331293,-0.17352495
2000-03-21,9004.43945312,0.05487689,0.00000000,0.00000000,0.00000000,0.97847566,0.94098419,-0.11739814,-0.17352495
2000-03-22,9069.34765625,0.00720847,0.00000000,0.00000000,0.00000000,0.98552897,0.94098419,-0.11103594,-0.17352495
2000-03-23,9533.82714844,0.05121421,0.00000000,0.00000000,0.00000000,1.03600206,0.94098419,-0.06550834,-0.17352495
2000-03-24,9482.59667969,-0.00537355,0.00000000,0.00000000,-0.00000000,1.03043505,0.94098419,-0.07052988,-0.17352495
2000-03-27,9807.52539062,0.03426579,0.00000000,0.00000000,0.00000000,1.06574373,0.94098419,-0.03868085,-0.17352495
2000-03-28,9856.55468750,0.00499915,0.00000000,0.00000000,0.00000000,1.07107154,0.94098419,-0.03387507,-0.17352495
2000-03-29,9805.64550781,-0.00516501,0.00000000,0.00000000,-0.00000000,1.06553945,0.94098419,-0.03886511,-0.17352495
2000-03-30,9931.89453125,0.01287514,0.00000000,0.00000000,0.00000000,1.07925841,0.94098419,-0.02649037,-0.17352495
2000-03-31,9854.90527344,-0.00775172,0.00000000,0.00000000,-0.00000000,1.07089231,0.94098419,-0.03403674,-0.17352495
2000-04-05,10186.12304688,0.03360943,1.00000000,0.00000000,0.00000000,1.10688439,0.94098419,-0.00157126,-0.17352495
2000-04-06,9969.23437500,-0.02129256,1.00000000,1.00000000,-0.02129256,1.08331598,0.92094823,-0.02283037,-0.19112273
2000-04-07,9920.98437500,-0.00483989,1.00000000,1.00000000,-0.00483989,1.07807285,0.91649094,-0.02755976,-0.19503760
2000-04-10,10127.43359375,0.02080935,1.00000000,1.00000000,0.02080935,1.10050685,0.93556252,-0.00732392,-0.17828686
2000-04-11,10068.00292969,-0.00586828,1.00000000,1.00000000,-0.00586828,1.09404876,0.93007237,-0.01314922,-0.18310891
2000-04-12,9911.34472656,-0.01556001,1.00000000,1.00000000,-0.01556001,1.07702535,0.91560044,-0.02850463,-0.19581974
2000-04-13,9662.55566406,-0.02510144,1.00000000,1.00000000,-0.02510144,1.04999046,0.89261755,-0.05289057,-0.21600582
2000-04-14,9374.56835938,-0.02980447,1.00000000,1.00000000,-0.02980447,1.01869606,0.86601356,-0.08111866,-0.23937235
2000-04-17,8993.63867188,-0.04063437,0.00000000,1.00000000,-0.04063437,0.97730198,0.83082364,-0.11845682,-0.27027998
2000-04-18,9306.98828125,0.03484125,0.00000000,0.00000000,0.00000000,1.01135240,0.83082364,-0.08774275,-0.27027998
2000-04-19,9104.35839844,-0.02177180,0.00000000,0.00000000,-0.00000000,0.98933344,0.83082364,-0.10760424,-0.27027998
2000-04-20,9109.00781250,0.00051068,0.00000000,0.00000000,0.00000000,0.98983868,0.83082364,-0.10714851,-0.27027998
2000-04-21,9120.43847656,0.00125487,0.00000000,0.00000000,0.00000000,0.99108080,0.83082364,-0.10602809,-0.27027998
2000-04-24,8808.04980469,-0.03425150,0.00000000,0.00000000,-0.00000000,0.95713480,0.83082364,-0.13664797,-0.27027998
2000-04-25,8921.07910156,0.01283250,0.00000000,0.00000000,0.00000000,0.96941723,0.83082364,-0.12556900,-0.27027998
2000-04-26,8535.91992188,-0.04317406,0.00000000,0.00000000,-0.00000000,0.92756356,0.83082364,-0.16332174,-0.27027998
2000-04-27,8541.91015625,0.00070177,0.00000000,0.00000000,0.00000000,0.92821449,0.83082364,-0.16273458,-0.27027998
2000-04-28,8824.32031250,0.03306171,0.00000000,0.00000000,0.00000000,0.95890285,0.83082364,-0.13505316,-0.27027998
2000-05-02,8638.70996094,-0.02103395,0.00000000,0.00000000,-0.00000000,0.93873333,0.83082364,-0.15324641,-0.27027998
2000-05-03,8419.95996094,-0.02532207,0.00000000,0.00000000,-0.00000000,0.91496266,0.83082364,-0.17468796,-0.27027998
2000-05-04,8425.33984375,0.00063894,0.00000000,0.00000000,0.00000000,0.91554727,0.83082364,-0.17416063,-0.27027998
2000-05-05,8698.49023438,0.03242010,0.00000000,0.00000000,0.00000000,0.94522941,0.83082364,-0.14738683,-0.27027998
2000-05-08,8616.13964844,-0.00946723,0.00000000,0.00000000,-0.00000000,0.93628071,0.83082364,-0.15545872,-0.27027998
2000-05-09,8635.79980469,0.00228178,0.00000000,0.00000000,0.00000000,0.93841709,0.83082364,-0.15353166,-0.27027998
2000-05-10,8559.83007812,-0.00879707,0.00000000,0.00000000,-0.00000000,0.93016177,0.83082364,-0.16097810,-0.27027998
2000-05-11,8349.87011719,-0.02452852,0.00000000,0.00000000,-0.00000000,0.90734628,0.83082364,-0.18155806,-0.27027998
2000-05-12,8560.40039062,0.02521360,0.00000000,0.00000000,0.00000000,0.93022375,0.83082364,-0.16092220,-0.27027998
2000-05-15,8464.97949219,-0.01114678,0.00000000,0.00000000,-0.00000000,0.91985475,0.83082364,-0.17027521,-0.27027998
2000-05-16,8727.78027344,0.03104565,0.00000000,0.00000000,0.00000000,0.94841224,0.83082364,-0.14451587,-0.27027998
2000-05-17,9085.69824219,0.04100905,0.00000000,0.00000000,0.00000000,0.98730572,0.83082364,-0.10943328,-0.27027998
2000-05-18,9087.16796875,0.00016176,0.00000000,0.00000000,0.00000000,0.98746543,0.83082364,-0.10928922,-0.27027998
2000-05-19,9119.72753906,0.00358303,0.00000000,0.00000000,0.00000000,0.99100354,0.83082364,-0.10609778,-0.27027998
2000-05-22,8807.53027344,-0.03423318,0.00000000,0.00000000,-0.00000000,0.95707834,0.83082364,-0.13669889,-0.27027998
2000-05-23,8670.96972656,-0.01550498,0.00000000,0.00000000,-0.00000000,0.94223887,0.83082364,-0.15008435,-0.27027998
2000-05-24,8500.37011719,-0.01967480,0.00000000,0.00000000,-0.00000000,0.92370050,0.83082364,-0.16680628,-0.27027998
2000-05-25,8438.05957031,-0.00733033,0.00000000,0.00000000,-0.00000000,0.91692947,0.83082364,-0.17291386,-0.27027998
2000-05-26,8559.41992188,0.01438250,0.00000000,0.00000000,0.00000000,0.93011720,0.83082364,-0.16101830,-0.27027998
2000-05-29,8588.20996094,0.00336355,0.00000000,0.00000000,0.00000000,0.93324570,0.83082364,-0.15819634,-0.27027998
2000-05-30,8764.37988281,0.02051300,0.00000000,0.00000000,0.00000000,0.95238937,0.83082364,-0.14092843,-0.27027998
2000-05-31,8939.47851562,0.01997844,0.00000000,0.00000000,0.00000000,0.97141662,0.83082364,-0.12376552,-0.27027998
2000-06-01,8842.58984375,-0.01083829,0.00000000,0.00000000,-0.00000000,0.96088812,0.83082364,-0.13326240,-0.27027998
2000-06-02,8883.40917969,0.00461622,0.00000000,0.00000000,0.00000000,0.96532379,0.83082364,-0.12926135,-0.27027998
2000-06-05,8958.16894531,0.00841566,0.00000000,0.00000000,0.00000000,0.97344763,0.83082364,-0.12193351,-0.27027998
2000-06-07,9115.42773438,0.01755479,0.00000000,0.00000000,0.00000000,0.99053630,0.83082364,-0.10651924,-0.27027998
2000-06-08,9067.83789062,-0.00522080,0.00000000,0.00000000,-0.00000000,0.98536491,0.83082364,-0.11118392,-0.27027998
2000-06-09,9036.61914062,-0.00344280,0.00000000,0.00000000,-0.00000000,0.98197249,0.83082364,-0.11424394,-0.27027998
2000-06-12,8955.39941406,-0.00898784,0.00000000,0.00000000,-0.00000000,0.97314668,0.83082364,-0.12220498,-0.27027998
2000-06-13,8891.04882812,-0.00718567,0.00000000,0.00000000,-0.00000000,0.96615396,0.83082364,-0.12851253,-0.27027998
2000-06-14,8935.18945312,0.00496461,0.00000000,0.00000000,0.00000000,0.97095054,0.83082364,-0.12418593,-0.27027998
2000-06-15,8844.92968750,-0.01010161,0.00000000,0.00000000,-0.00000000,0.96114238,0.83082364,-0.13303306,-0.27027998
2000-06-16,8832.11035156,-0.00144934,0.00000000,0.00000000,-0.00000000,0.95974936,0.83082364,-0.13428959,-0.27027998
2000-06-19,8751.05957031,-0.00917683,0.00000000,0.00000000,-0.00000000,0.95094190,0.83082364,-0.14223407,-0.27027998
2000-06-20,8690.62011719,-0.00690653,0.00000000,0.00000000,-0.00000000,0.94437419,0.83082364,-0.14815825,-0.27027998
2000-06-21,8637.55957031,-0.00610550,0.00000000,0.00000000,-0.00000000,0.93860832,0.83082364,-0.15335917,-0.27027998
2000-06-22,8771.72949219,0.01553331,0.00000000,0.00000000,0.00000000,0.95318802,0.83082364,-0.14020803,-0.27027998
2000-06-23,8684.88964844,-0.00989997,0.00000000,0.00000000,-0.00000000,0.94375149,0.83082364,-0.14871994,-0.27027998
2000-06-26,8529.51953125,-0.01788971,0.00000000,0.00000000,-0.00000000,0.92686805,0.83082364,-0.16394909,-0.27027998
2000-06-27,8424.12988281,-0.01235587,0.00000000,0.00000000,-0.00000000,0.91541579,0.83082364,-0.17427923,-0.27027998
2000-06-28,8365.58984375,-0.00694909,0.00000000,0.00000000,-0.00000000,0.90905448,0.83082364,-0.18001724,-0.27027998
2000-06-29,8120.85253906,-0.02925524,0.00000000,0.00000000,-0.00000000,0.88245988,0.83082364,-0.20400603,-0.27027998
2000-06-30,8265.04980469,0.01775642,0.00000000,0.00000000,0.00000000,0.89812921,0.83082364,-0.18987203,-0.27027998
2000-07-03,8297.72949219,0.00395396,0.00000000,0.00000000,0.00000000,0.90168037,0.83082364,-0.18666881,-0.27027998
2000-07-04,8052.50244141,-0.02955351,0.00000000,0.00000000,-0.00000000,0.87503255,0.83082364,-0.21070560,-0.27027998
2000-07-05,8421.70019531,0.04584882,0.00000000,0.00000000,0.00000000,0.91515176,0.83082364,-0.17451739,-0.27027998
2000-07-06,8289.34960938,-0.01571542,0.00000000,0.00000000,-0.00000000,0.90076977,0.83082364,-0.18749019,-0.27027998
2000-07-07,8173.04248047,-0.01403091,0.00000000,0.00000000,-0.00000000,0.88813115,0.83082364,-0.19889045,-0.27027998
2000-07-10,8154.63232422,-0.00225255,0.00000000,0.00000000,-0.00000000,0.88613059,0.83082364,-0.20069498,-0.27027998
2000-07-11,8158.59228516,0.00048561,0.00000000,0.00000000,0.00000000,0.88656090,0.83082364,-0.20030683,-0.27027998
2000-07-12,8059.71240234,-0.01211972,0.00000000,0.00000000,-0.00000000,0.87581603,0.83082364,-0.20999889,-0.27027998
2000-07-13,8267.62011719,0.02579592,0.00000000,0.00000000,0.00000000,0.89840851,0.83082364,-0.18962009,-0.27027998
2000-07-14,8497.08984375,0.02775523,0.00000000,0.00000000,0.00000000,0.92334405,0.83082364,-0.16712780,-0.27027998
2000-07-17,8585.47949219,0.01040234,0.00000000,0.00000000,0.00000000,0.93294899,0.83082364,-0.15846398,-0.27027998
2000-07-18,8368.74023438,-0.02524486,0.00000000,0.00000000,-0.00000000,0.90939682,0.83082364,-0.17970844,-0.27027998
2000-07-19,8411.83984375,0.00515007,0.00000000,0.00000000,0.00000000,0.91408028,0.83082364,-0.17548388,-0.27027998
2000-07-20,8219.49023438,-0.02286653,0.00000000,0.00000000,-0.00000000,0.89317843,0.83082364,-0.19433771,-0.27027998
2000-07-21,8167.33251953,-0.00634561,0.00000000,0.00000000,-0.00000000,0.88751067,0.83082364,-0.19945013,-0.27027998
2000-07-24,8064.16259766,-0.01263202,0.00000000,0.00000000,-0.00000000,0.87629961,0.83082364,-0.20956269,-0.27027998
2000-07-25,7900.35302734,-0.02031328,0.00000000,0.00000000,-0.00000000,0.85849910,0.83082364,-0.22561906,-0.27027998
2000-07-26,7961.50292969,0.00774015,0.00000000,0.00000000,0.00000000,0.86514401,0.83082364,-0.21962524,-0.27027998
2000-07-27,7956.24267578,-0.00066071,0.00000000,0.00000000,-0.00000000,0.86457240,0.83082364,-0.22014084,-0.27027998
2000-07-28,8122.07226562,0.02084270,0.00000000,0.00000000,0.00000000,0.88259242,0.83082364,-0.20388647,-0.27027998
2000-07-31,8114.88232422,-0.00088523,0.00000000,0.00000000,-0.00000000,0.88181112,0.83082364,-0.20459122,-0.27027998
2000-08-01,7984.61230469,-0.01605322,0.00000000,0.00000000,-0.00000000,0.86765521,0.83082364,-0.21736010,-0.27027998
2000-08-02,7916.81298828,-0.00849125,0.00000000,0.00000000,-0.00000000,0.86028773,0.83082364,-0.22400568,-0.27027998
2000-08-03,7844.89404297,-0.00908433,0.00000000,0.00000000,-0.00000000,0.85247260,0.83082364,-0.23105507,-0.27027998
2000-08-04,7925.16308594,0.01023201,0.00000000,0.00000000,0.00000000,0.86119510,0.83082364,-0.22318722,-0.27027998
2000-08-07,7715.95507812,-0.02639794,0.00000000,0.00000000,-0.00000000,0.83846132,0.83082364,-0.24369348,-0.27027998
2000-08-08,7797.74414062,0.01059999,0.00000000,0.00000000,0.00000000,0.84734901,0.83082364,-0.23567664,-0.27027998
2000-08-09,8048.10253906,0.03210652,0.00000000,0.00000000,0.00000000,0.87455443,0.83082364,-0.21113688,-0.27027998
2000-08-10,8024.65234375,-0.00291375,0.00000000,0.00000000,-0.00000000,0.87200620,0.83082364,-0.21343543,-0.27027998
2000-08-11,7974.61279297,-0.00623573,0.00000000,0.00000000,-0.00000000,0.86656860,0.83082364,-0.21834023,-0.27027998
2000-08-14,7848.83398438,-0.01577240,0.00000000,0.00000000,-0.00000000,0.85290073,0.83082364,-0.23066889,-0.27027998
2000-08-15,7845.65380859,-0.00040518,0.00000000,0.00000000,-0.00000000,0.85255516,0.83082364,-0.23098060,-0.27027998
2000-08-16,8003.49218750,0.02011794,0.00000000,0.00000000,0.00000000,0.86970681,0.83082364,-0.21550952,-0.27027998
2000-08-17,8143.21240234,0.01745741,0.00000000,0.00000000,0.00000000,0.88488963,0.83082364,-0.20181435,-0.27027998
2000-08-18,8176.78222656,0.00412243,0.00000000,0.00000000,0.00000000,0.88853753,0.83082364,-0.19852388,-0.27027998
2000-08-21,8257.83984375,0.00991314,0.00000000,0.00000000,0.00000000,0.89734573,0.83082364,-0.19057874,-0.27027998
2000-08-22,8118.01220703,-0.01693271,0.00000000,0.00000000,-0.00000000,0.88215123,0.83082364,-0.20428443,-0.27027998
2000-08-24,8098.80224609,-0.00236634,0.00000000,0.00000000,-0.00000000,0.88006376,0.83082364,-0.20616737,-0.27027998
2000-08-25,8026.28222656,-0.00895441,0.00000000,0.00000000,-0.00000000,0.87218331,0.83082364,-0.21327567,-0.27027998
2000-08-28,7845.83398438,-0.02248217,0.00000000,0.00000000,-0.00000000,0.85257473,0.83082364,-0.23096294,-0.27027998
2000-08-29,7817.45458984,-0.00361713,0.00000000,0.00000000,-0.00000000,0.84949086,0.83082364,-0.23374465,-0.27027998
2000-08-30,7543.92529297,-0.03498956,0.00000000,0.00000000,-0.00000000,0.81976755,0.83082364,-0.26055559,-0.27027998
2000-08-31,7616.94482422,0.00967925,0.00000000,0.00000000,0.00000000,0.82770228,0.83082364,-0.25339832,-0.27027998
2000-09-01,7420.02587891,-0.02585275,0.00000000,0.00000000,-0.00000000,0.80630391,0.83082364,-0.27270002,-0.27027998
2000-09-04,7802.98437500,0.05161148,0.00000000,0.00000000,0.00000000,0.84791844,0.83082364,-0.23516300,-0.27027998
2000-09-05,7785.58447266,-0.00222990,0.00000000,0.00000000,-0.00000000,0.84602767,0.83082364,-0.23686851,-0.27027998
2000-09-06,7610.74462891,-0.02245687,0.00000000,0.00000000,-0.00000000,0.82702853,0.83082364,-0.25400605,-0.27027998
2000-09-07,7430.89599609,-0.02363089,0.00000000,0.00000000,-0.00000000,0.80748512,0.83082364,-0.27163455,-0.27027998
2000-09-08,7367.95654297,-0.00846997,0.00000000,0.00000000,-0.00000000,0.80064575,0.83082364,-0.27780378,-0.27027998
2000-09-11,7335.16650391,-0.00445036,0.00000000,0.00000000,-0.00000000,0.79708259,0.83082364,-0.28101781,-0.27027998
2000-09-13,7391.62597656,0.00769709,0.00000000,0.00000000,0.00000000,0.80321781,0.83082364,-0.27548374,-0.27027998
2000-09-14,7152.25732422,-0.03238376,0.00000000,0.00000000,-0.00000000,0.77720659,0.83082364,-0.29894630,-0.27027998
2000-09-15,7155.41748047,0.00044184,0.00000000,0.00000000,0.00000000,0.77754999,0.83082364,-0.29863655,-0.27027998
2000-09-18,6910.10839844,-0.03428299,0.00000000,0.00000000,-0.00000000,0.75089326,0.83082364,-0.32268138,-0.27027998
2000-09-19,6734.86865234,-0.02535991,0.00000000,0.00000000,-0.00000000,0.73185067,0.83082364,-0.33985812,-0.27027998
2000-09-20,6880.05810547,0.02155787,0.00000000,0.00000000,0.00000000,0.74762781,0.83082364,-0.32562687,-0.27027998
2000-09-21,6920.86816406,0.00593164,0.00000000,0.00000000,0.00000000,0.75206248,0.83082364,-0.32162672,-0.27027998
2000-09-22,6612.05957031,-0.04461992,0.00000000,0.00000000,-0.00000000,0.71850551,0.83082364,-0.35189569,-0.27027998
2000-09-25,6677.42919922,0.00988642,0.00000000,0.00000000,0.00000000,0.72560896,0.83082364,-0.34548825,-0.27027998
2000-09-26,6748.99853516,0.01071810,0.00000000,0.00000000,0.00000000,0.73338611,0.83082364,-0.33847313,-0.27027998
2000-09-27,6717.00878906,-0.00473992,0.00000000,0.00000000,-0.00000000,0.72990991,0.83082364,-0.34160872,-0.27027998
2000-09-28,6564.83984375,-0.02265427,0.00000000,0.00000000,-0.00000000,0.71337433,0.83082364,-0.35652409,-0.27027998
2000-09-29,6432.33007812,-0.02018477,0.00000000,0.00000000,-0.00000000,0.69897504,0.83082364,-0.36951251,-0.27027998
2000-10-02,6024.04199219,-0.06347437,0.00000000,0.00000000,-0.00000000,0.65460804,0.83082364,-0.40953230,-0.27027998
2000-10-03,6143.41210938,0.01981562,0.00000000,0.00000000,0.00000000,0.66757950,0.83082364,-0.39783182,-0.27027998
2000-10-04,5997.89208984,-0.02368717,0.00000000,0.00000000,-0.00000000,0.65176644,0.83082364,-0.41209548,-0.27027998
2000-10-05,6029.62207031,0.00529019,0.00000000,0.00000000,0.00000000,0.65521440,0.83082364,-0.40898535,-0.27027998
2000-10-06,6353.64013672,0.05373771,0.00000000,0.00000000,0.00000000,0.69042412,0.83082364,-0.37722558,-0.27027998
2000-10-09,6209.39111328,-0.02270337,0.00000000,0.00000000,-0.00000000,0.67474917,0.83082364,-0.39136465,-0.27027998
2000-10-11,6040.52197266,-0.02719576,0.00000000,0.00000000,-0.00000000,0.65639885,0.83082364,-0.40791696,-0.27027998
2000-10-12,5804.98339844,-0.03899308,0.00000000,0.00000000,-0.00000000,0.63080384,0.83082364,-0.43100410,-0.27027998
2000-10-13,5876.08300781,0.01224803,0.00000000,0.00000000,0.00000000,0.63852994,0.83082364,-0.42403502,-0.27027998
2000-10-16,5630.92480469,-0.04172136,0.00000000,0.00000000,-0.00000000,0.61188960,0.83082364,-0.44806507,-0.27027998
2000-10-17,5702.33447266,0.01268169,0.00000000,0.00000000,0.00000000,0.61964940,0.83082364,-0.44106560,-0.27027998
2000-10-18,5432.20507812,-0.04737172,0.00000000,0.00000000,-0.00000000,0.59029554,0.83082364,-0.46754328,-0.27027998
2000-10-19,5081.25634766,-0.06460521,0.00000000,0.00000000,-0.00000000,0.55215937,0.83082364,-0.50194276,-0.27027998
2000-10-20,5404.75488281,0.06366507,0.00000000,0.00000000,0.00000000,0.58731264,0.83082364,-0.47023391,-0.27027998
2000-10-23,5608.92480469,0.03777598,0.00000000,0.00000000,0.00000000,0.60949895,0.83082364,-0.45022147,-0.27027998
2000-10-24,5918.60253906,0.05521160,0.00000000,0.00000000,0.00000000,0.64315036,0.83082364,-0.41986732,-0.27027998
2000-10-25,6023.75195312,0.01776592,0.00000000,0.00000000,0.00000000,0.65457652,0.83082364,-0.40956073,-0.27027998
2000-10-26,5941.82275391,-0.01360102,0.00000000,0.00000000,-0.00000000,0.64567361,0.83082364,-0.41759131,-0.27027998
2000-10-27,5805.14355469,-0.02300291,0.00000000,0.00000000,-0.00000000,0.63082124,0.83082364,-0.43098840,-0.27027998
2000-10-30,5659.05468750,-0.02516542,0.00000000,0.00000000,-0.00000000,0.61494636,0.83082364,-0.44530782,-0.27027998
2000-10-31,5544.15527344,-0.02030364,0.00000000,0.00000000,-0.00000000,0.60246071,0.83082364,-0.45657009,-0.27027998
2000-11-01,5424.99511719,-0.02149293,0.00000000,0.00000000,-0.00000000,0.58951206,0.83082364,-0.46824999,-0.27027998
2000-11-02,5626.05468750,0.03706171,0.00000000,0.00000000,0.00000000,0.61136038,0.83082364,-0.44854243,-0.27027998
2000-11-03,5796.05419922,0.03021647,0.00000000,0.00000000,0.00000000,0.62983354,0.83082364,-0.43187933,-0.27027998
2000-11-06,5657.45458984,-0.02391275,0.00000000,0.00000000,-0.00000000,0.61477248,0.83082364,-0.44546466,-0.27027998
2000-11-07,5877.74316406,0.03893775,0.00000000,0.00000000,0.00000000,0.63871034,0.83082364,-0.42387230,-0.27027998
2000-11-08,6067.91210938,0.03235408,0.00000000,0.00000000,0.00000000,0.65937523,0.83082364,-0.40523222,-0.27027998
2000-11-09,6089.52197266,0.00356133,0.00000000,0.00000000,0.00000000,0.66172348,0.83082364,-0.40311405,-0.27027998
2000-11-10,6088.71240234,-0.00013294,0.00000000,0.00000000,-0.00000000,0.66163551,0.83082364,-0.40319340,-0.27027998
2000-11-13,5793.49414062,-0.04848616,0.00000000,0.00000000,-0.00000000,0.62955535,0.83082364,-0.43213026,-0.27027998
2000-11-14,5772.48388672,-0.00362653,0.00000000,0.00000000,-0.00000000,0.62727225,0.83082364,-0.43418966,-0.27027998
2000-11-15,5736.99414062,-0.00614809,0.00000000,0.00000000,-0.00000000,0.62341572,0.83082364,-0.43766831,-0.27027998
2000-11-16,5454.10498047,-0.04930965,0.00000000,0.00000000,-0.00000000,0.59267531,0.83082364,-0.46539669,-0.27027998
2000-11-17,5351.33593750,-0.01884251,0.00000000,0.00000000,-0.00000000,0.58150782,0.83082364,-0.47546996,-0.27027998
2000-11-20,4845.18750000,-0.09458357,0.00000000,0.00000000,-0.00000000,0.52650674,0.83082364,-0.52508188,-0.27027998
2000-11-21,5102.97656250,0.05320518,0.00000000,0.00000000,0.00000000,0.55451962,0.83082364,-0.49981377,-0.27027998
2000-11-22,5130.58593750,0.00541045,0.00000000,0.00000000,0.00000000,0.55751982,0.83082364,-0.49710754,-0.27027998
2000-11-23,5146.89599609,0.00317899,0.00000000,0.00000000,0.00000000,0.55929217,0.83082364,-0.49550886,-0.27027998
2000-11-24,5419.96533203,0.05305515,0.00000000,0.00000000,0.00000000,0.58896550,0.83082364,-0.46874300,-0.27027998
2000-11-27,5433.75488281,0.00254421,0.00000000,0.00000000,0.00000000,0.59046395,0.83082364,-0.46739137,-0.27027998
2000-11-28,5362.23535156,-0.01316208,0.00000000,0.00000000,-0.00000000,0.58269222,0.83082364,-0.47440161,-0.27027998
2000-11-29,5319.43603516,-0.00798162,0.00000000,0.00000000,-0.00000000,0.57804139,0.83082364,-0.47859674,-0.27027998
2000-11-30,5256.90625000,-0.01175497,0.00000000,0.00000000,-0.00000000,0.57124653,0.83082364,-0.48472581,-0.27027998
2000-12-01,5342.03613281,0.01619391,0.00000000,0.00000000,0.00000000,0.58049725,0.83082364,-0.47638151,-0.27027998
2000-12-04,5173.99609375,-0.03145618,0.00000000,0.00000000,-0.00000000,0.56223702,0.83082364,-0.49285254,-0.27027998
2000-12-05,5199.17626953,0.00486668,0.00000000,0.00000000,0.00000000,0.56497325,0.83082364,-0.49038442,-0.27027998
2000-12-06,5170.59619141,-0.00549704,0.00000000,0.00000000,-0.00000000,0.56186757,0.83082364,-0.49318580,-0.27027998
2000-12-07,5212.70605469,0.00814410,0.00000000,0.00000000,0.00000000,0.56644348,0.83082364,-0.48905825,-0.27027998
2000-12-08,5252.80615234,0.00769276,0.00000000,0.00000000,0.00000000,0.57080099,0.83082364,-0.48512770,-0.27027998
2000-12-11,5284.38623047,0.00601204,0.00000000,0.00000000,0.00000000,0.57423267,0.83082364,-0.48203227,-0.27027998
2000-12-12,5380.06542969,0.01810602,0.00000000,0.00000000,0.00000000,0.58462974,0.83082364,-0.47265393,-0.27027998
2000-12-13,5384.33544922,0.00079367,0.00000000,0.00000000,0.00000000,0.58509374,0.83082364,-0.47223539,-0.27027998
2000-12-14,5320.13623047,-0.01192333,0.00000000,0.00000000,-0.00000000,0.57811748,0.83082364,-0.47852810,-0.27027998
2000-12-15,5224.71630859,-0.01793562,0.00000000,0.00000000,-0.00000000,0.56774858,0.83082364,-0.48788102,-0.27027998
2000-12-18,5055.17675781,-0.03244952,0.00000000,0.00000000,-0.00000000,0.54932541,0.83082364,-0.50449904,-0.27027998
2000-12-19,5040.22656250,-0.00295740,0.00000000,0.00000000,-0.00000000,0.54770084,0.83082364,-0.50596444,-0.27027998
2000-12-20,4947.86767578,-0.01832435,0.00000000,0.00000000,-0.00000000,0.53766457,0.83082364,-0.51501732,-0.27027998
2000-12-21,4817.19824219,-0.02640924,0.00000000,0.00000000,-0.00000000,0.52346526,0.83082364,-0.52782534,-0.27027998
2000-12-22,4811.19824219,-0.00124554,0.00000000,0.00000000,-0.00000000,0.52281326,0.83082364,-0.52841345,-0.27027998
2000-12-26,4721.33886719,-0.01867713,0.00000000,0.00000000,-0.00000000,0.51304861,0.83082364,-0.53722134,-0.27027998
2000-12-27,4614.60888672,-0.02260587,0.00000000,0.00000000,-0.00000000,0.50145070,0.83082364,-0.54768285,-0.27027998
2000-12-28,4797.11816406,0.03955032,0.00000000,0.00000000,0.00000000,0.52128324,0.83082364,-0.52979356,-0.27027998
2000-12-29,4743.91845703,-0.01108993,0.00000000,0.00000000,-0.00000000,0.51550224,0.83082364,-0.53500812,-0.27027998
2001-01-02,4935.25732422,0.04033351,0.00000000,0.00000000,0.00000000,0.53629426,0.83082364,-0.51625337,-0.27027998
2001-01-03,4894.76757812,-0.00820418,0.00000000,0.00000000,-0.00000000,0.53189440,0.83082364,-0.52022211,-0.27027998
2001-01-04,5136.10595703,0.04930538,0.00000000,0.00000000,0.00000000,0.55811966,0.83082364,-0.49656648,-0.27027998
2001-01-05,5295.50585938,0.03103517,0.00000000,0.00000000,0.00000000,0.57544099,0.83082364,-0.48094234,-0.27027998
2001-01-08,5188.48583984,-0.02020959,0.00000000,0.00000000,-0.00000000,0.56381157,0.83082364,-0.49143228,-0.27027998
2001-01-09,5376.09570312,0.03615889,0.00000000,0.00000000,0.00000000,0.58419836,0.83082364,-0.47304304,-0.27027998
2001-01-10,5436.75488281,0.01128313,0.00000000,0.00000000,0.00000000,0.59078995,0.83082364,-0.46709732,-0.27027998
2001-01-11,5369.21582031,-0.01242268,0.00000000,0.00000000,-0.00000000,0.58345075,0.83082364,-0.47371740,-0.27027998
2001-01-12,5339.37597656,-0.00555758,0.00000000,0.00000000,-0.00000000,0.58020818,0.83082364,-0.47664225,-0.27027998
2001-01-15,5379.63574219,0.00754016,1.00000000,0.00000000,0.00000000,0.58458304,0.83082364,-0.47269605,-0.27027998
2001-01-16,5662.91455078,0.05265762,1.00000000,1.00000000,0.05265762,0.61536580,0.87457284,-0.44492948,-0.23185466
2001-01-17,5769.92431641,0.01889659,1.00000000,1.00000000,0.01889659,0.62699411,0.89109928,-0.43444054,-0.21733933
2001-01-18,5847.88330078,0.01351127,1.00000000,1.00000000,0.01351127,0.63546559,0.90313916,-0.42679912,-0.20676459
2001-01-29,5680.03466797,-0.02870246,1.00000000,1.00000000,-0.02870246,0.61722617,0.87721684,-0.44325139,-0.22953240
2001-01-30,5792.47412109,0.01979556,1.00000000,1.00000000,0.01979556,0.62944450,0.89458184,-0.43223024,-0.21428057
2001-01-31,5936.17285156,0.02480783,1.00000000,1.00000000,0.02480783,0.64505966,0.91677448,-0.41814510,-0.19478857
2001-02-01,5897.90332031,-0.00644684,1.00000000,1.00000000,-0.00644684,0.64090107,0.91086418,-0.42189623,-0.19997964
2001-02-02,6049.23193359,0.02565804,1.00000000,1.00000000,0.02565804,0.65734533,0.93423517,-0.40706322,-0.17945268
2001-02-05,5932.39257812,-0.01931474,1.00000000,1.00000000,-0.01931474,0.64464887,0.91619066,-0.41851564,-0.19530134
2001-02-06,5849.03320312,-0.01405156,1.00000000,1.00000000,-0.01405156,0.63559055,0.90331675,-0.42668640,-0.20660862
2001-02-07,5693.55468750,-0.02658192,1.00000000,1.00000000,-0.02658192,0.61869533,0.87930486,-0.44192618,-0.22769848
2001-02-08,5758.57421875,0.01141985,1.00000000,1.00000000,0.01141985,0.62576074,0.88934639,-0.43555306,-0.21887891
2001-02-09,5809.81347656,0.00889791,1.00000000,1.00000000,0.00889791,0.63132870,0.89725971,-0.43053066,-0.21192857
2001-02-12,5847.04296875,0.00640804,1.00000000,1.00000000,0.00640804,0.63537428,0.90300938,-0.42688148,-0.20687858
2001-02-13,6027.46240234,0.03085653,1.00000000,1.00000000,0.03085653,0.65497972,0.93087311,-0.40919704,-0.18240561
2001-02-14,5887.65332031,-0.02319535,1.00000000,1.00000000,-0.02319535,0.63978724,0.90928119,-0.42290092,-0.20137000
2001-02-15,6104.21240234,0.03678190,1.00000000,1.00000000,0.03678190,0.66331983,0.94272628,-0.40167412,-0.17199487
2001-02-16,6045.64208984,-0.00959506,1.00000000,1.00000000,-0.00959506,0.65695523,0.93368076,-0.40741509,-0.17993963
2001-02-19,5937.27246094,-0.01792525,1.00000000,1.00000000,-0.01792525,0.64517915,0.91694430,-0.41803732,-0.19463941
2001-02-20,5971.26269531,0.00572489,1.00000000,1.00000000,0.00572489,0.64887273,0.92219370,-0.41470565,-0.19002881
2001-02-21,5949.93261719,-0.00357212,1.00000000,1.00000000,-0.00357212,0.64655488,0.91889952,-0.41679639,-0.19292213
2001-02-22,5759.01416016,-0.03208750,1.00000000,1.00000000,-0.03208750,0.62580855,0.88941433,-0.43550994,-0.21881924
2001-02-23,5726.90478516,-0.00557550,1.00000000,1.00000000,-0.00557550,0.62231935,0.88445540,-0.43865725,-0.22317471
2001-02-26,5715.99462891,-0.00190507,1.00000000,1.00000000,-0.00190507,0.62113379,0.88277045,-0.43972665,-0.22465462
2001-02-27,5674.66455078,-0.00723060,1.00000000,1.00000000,-0.00723060,0.61664262,0.87638749,-0.44377776,-0.23026083
2001-03-01,5499.83496094,-0.03080880,1.00000000,1.00000000,-0.03080880,0.59764460,0.84938705,-0.46091430,-0.25397557
2001-03-02,5499.51513672,-0.00005815,1.00000000,1.00000000,-0.00005815,0.59760985,0.84933765,-0.46094565,-0.25401895
2001-03-05,5609.71484375,0.02003808,1.00000000,1.00000000,0.02003808,0.60958480,0.86635675,-0.45014404,-0.23907093
2001-03-06,5635.03466797,0.00451357,1.00000000,1.00000000,0.00451357,0.61233620,0.87026710,-0.44766222,-0.23563642
2001-03-07,5777.10400391,0.02521179,1.00000000,1.00000000,0.02521179,0.62777430,0.89220810,-0.43373680,-0.21636544
2001-03-08,5710.99462891,-0.01144334,1.00000000,1.00000000,-0.01144334,0.62059046,0.88199826,-0.44021674,-0.22533284
2001-03-09,5680.40478516,-0.00535631,1.00000000,1.00000000,-0.00535631,0.61726639,0.87727400,-0.44321511,-0.22948220
2001-03-12,5582.64501953,-0.01721000,1.00000000,1.00000000,-0.01721000,0.60664323,0.86217612,-0.45279738,-0.24274281
2001-03-13,5610.37451172,0.00496709,1.00000000,1.00000000,0.00496709,0.60965648,0.86645862,-0.45007938,-0.23898144
2001-03-14,5658.18457031,0.00852172,1.00000000,1.00000000,0.00852172,0.61485181,0.87384234,-0.44539311,-0.23249626
2001-03-15,5742.71435547,0.01493938,1.00000000,1.00000000,0.01493938,0.62403731,0.88689701,-0.43710762,-0.22103022
2001-03-16,5783.90429688,0.00717256,1.00000000,1.00000000,0.00717256,0.62851326,0.89325833,-0.43307024,-0.21544302
2001-03-19,5641.86474609,-0.02455773,1.00000000,1.00000000,-0.02455773,0.61307840,0.87132193,-0.44699275,-0.23470996
2001-03-20,5642.67480469,0.00014358,1.00000000,1.00000000,0.00014358,0.61316643,0.87144704,-0.44691335,-0.23460008
2001-03-21,5623.39453125,-0.00341687,1.00000000,1.00000000,-0.00341687,0.61107132,0.86846942,-0.44880317,-0.23721535
2001-03-22,5730.92480469,0.01912195,1.00000000,1.00000000,0.01912195,0.62275619,0.88507625,-0.43826322,-0.22262942
2001-03-23,5800.52392578,0.01214448,1.00000000,1.00000000,0.01214448,0.63031924,0.89582504,-0.43144121,-0.21318865
2001-03-26,5896.29296875,0.01651041,1.00000000,1.00000000,0.01651041,0.64072608,0.91061548,-0.42205407,-0.20019807
2001-03-27,5884.30322266,-0.00203344,1.00000000,1.00000000,-0.00203344,0.63942320,0.90876380,-0.42322929,-0.20182442
2001-03-28,5819.36376953,-0.01103605,1.00000000,1.00000000,-0.01103605,0.63236649,0.89873464,-0.42959456,-0.21063312
2001-03-29,5833.85302734,0.00248984,1.00000000,1.00000000,0.00248984,0.63394098,0.90097234,-0.42817434,-0.20866773
2001-03-30,5797.89404297,-0.00616385,1.00000000,1.00000000,-0.00616385,0.63003347,0.89541889,-0.43169899,-0.21354538
2001-04-02,5607.70458984,-0.03280320,1.00000000,1.00000000,-0.03280320,0.60936635,0.86604628,-0.45034108,-0.23934361
2001-04-03,5446.79492188,-0.02869439,1.00000000,1.00000000,-0.02869439,0.59188096,0.84119561,-0.46611321,-0.26117018
2001-04-04,5405.82519531,-0.00752180,1.00000000,1.00000000,-0.00752180,0.58742895,0.83486830,-0.47012900,-0.26672751
2001-04-06,5515.10498047,0.02021519,1.00000000,1.00000000,0.02021519,0.59930393,0.85174533,-0.45941756,-0.25190427
2001-04-09,5401.80517578,-0.02054354,1.00000000,1.00000000,-0.02054354,0.58699211,0.83424746,-0.47052304,-0.26727281
2001-04-10,5353.47607422,-0.00894684,1.00000000,1.00000000,-0.00894684,0.58174038,0.82678358,-0.47526018,-0.27382840
2001-04-11,5467.72509766,0.02134109,1.00000000,1.00000000,0.02134109,0.59415535,0.84442804,-0.46406166,-0.25833111
2001-04-12,5533.19531250,0.01197394,1.00000000,1.00000000,0.01197394,0.60126974,0.85453917,-0.45764437,-0.24945041
2001-04-13,5495.44531250,-0.00682246,1.00000000,1.00000000,-0.00682246,0.59716760,0.84870911,-0.46134457,-0.25457100
2001-04-16,5432.25488281,-0.01149869,1.00000000,1.00000000,-0.01149869,0.59030095,0.83895007,-0.46753840,-0.26314246
2001-04-17,5431.92529297,-0.00006067,1.00000000,1.00000000,-0.00006067,0.59026514,0.83889917,-0.46757071,-0.26318717
2001-04-18,5508.58496094,0.01411280,1.00000000,1.00000000,0.01411280,0.59859543,0.85073838,-0.46005664,-0.25278868
2001-04-19,5608.47460938,0.01813345,1.00000000,1.00000000,0.01813345,0.60945003,0.86616521,-0.45026560,-0.23923916
2001-04-20,5596.60449219,-0.00211646,1.00000000,1.00000000,-0.00211646,0.60816015,0.86433200,-0.45142909,-0.24084928
2001-04-23,5597.67480469,0.00019124,1.00000000,1.00000000,0.00019124,0.60827646,0.86449730,-0.45132418,-0.24070410
2001-04-24,5589.31445312,-0.00149354,1.00000000,1.00000000,-0.00149354,0.60736797,0.86320614,-0.45214365,-0.24183813
2001-04-25,5516.17529297,-0.01308553,1.00000000,1.00000000,-0.01308553,0.59942024,0.85191062,-0.45931265,-0.25175909
2001-04-26,5518.70507812,0.00045861,1.00000000,1.00000000,0.00045861,0.59969514,0.85230132,-0.45906468,-0.25141593
2001-04-27,5416.64501953,-0.01849348,1.00000000,1.00000000,-0.01849348,0.58860469,0.83653930,-0.46906846,-0.26525986
2001-04-30,5381.64550781,-0.00646147,1.00000000,1.00000000,-0.00646147,0.58480144,0.83113403,-0.47249906,-0.27000736
2001-05-02,5304.21630859,-0.01438764,1.00000000,1.00000000,-0.01438764,0.57638752,0.81917597,-0.48008855,-0.28051024
2001-05-03,5405.51513672,0.01909779,1.00000000,1.00000000,0.01909779,0.58739525,0.83482042,-0.47015939,-0.26676957
2001-05-04,5244.02587891,-0.02987491,1.00000000,1.00000000,-0.02987491,0.56984687,0.80988024,-0.48598833,-0.28867476
2001-05-07,5229.90625000,-0.00269252,1.00000000,1.00000000,-0.00269252,0.56831255,0.80769962,-0.48737231,-0.29059002
2001-05-08,5176.68603516,-0.01017613,1.00000000,1.00000000,-0.01017613,0.56252933,0.79948036,-0.49258888,-0.29780906
2001-05-09,5232.61621094,0.01080424,1.00000000,1.00000000,0.01080424,0.56860703,0.80811814,-0.48710669,-0.29022242
2001-05-10,5122.14599609,-0.02111185,1.00000000,1.00000000,-0.02111185,0.55660269,0.79105727,-0.49793481,-0.30520714
2001-05-11,5232.69628906,0.02158281,1.00000000,1.00000000,0.02158281,0.56861573,0.80813051,-0.48709884,-0.29021156
2001-05-14,5176.42626953,-0.01075354,1.00000000,1.00000000,-0.01075354,0.56250110,0.79944025,-0.49261434,-0.29784430
2001-05-15,5158.76611328,-0.00341165,1.00000000,1.00000000,-0.00341165,0.56058204,0.79671284,-0.49434537,-0.30023981
2001-05-16,5081.99658203,-0.01488137,1.00000000,1.00000000,-0.01488137,0.55223981,0.78485665,-0.50187020,-0.31065320
2001-05-17,5143.41601562,0.01208569,1.00000000,1.00000000,0.01208569,0.55891401,0.79434219,-0.49584996,-0.30232197
2001-05-18,5111.64648438,-0.00617674,1.00000000,1.00000000,-0.00617674,0.55546175,0.78943574,-0.49896396,-0.30663135
2001-05-21,4958.58691406,-0.02994330,1.00000000,1.00000000,-0.02994330,0.53882939,0.76579743,-0.51396663,-0.32739309
2001-05-22,4991.45703125,0.00662893,1.00000000,1.00000000,0.00662893,0.54240125,0.77087385,-0.51074475,-0.32293443
2001-05-23,5209.94628906,0.04377264,1.00000000,1.00000000,0.04377264,0.56614358,0.80461703,-0.48932876,-0.29329748
2001-05-24,5226.76611328,0.00322841,1.00000000,1.00000000,0.00322841,0.56797133,0.80721466,-0.48768011,-0.29101596
2001-05-25,5170.05615234,-0.01084991,1.00000000,1.00000000,-0.01084991,0.56180889,0.79845645,-0.49323873,-0.29870837
2001-05-28,5079.69677734,-0.01747745,1.00000000,1.00000000,-0.01747745,0.55198990,0.78450147,-0.50209562,-0.31096516
2001-05-29,5095.23632812,0.00305915,1.00000000,1.00000000,0.00305915,0.55367852,0.78690138,-0.50057246,-0.30885730
2001-05-30,5057.04638672,-0.00749522,1.00000000,1.00000000,-0.00749522,0.54952858,0.78100338,-0.50431578,-0.31403757
2001-05-31,5048.83642578,-0.00162347,1.00000000,1.00000000,-0.00162347,0.54863643,0.77973544,-0.50512051,-0.31515121
2001-06-01,5013.93652344,-0.00691246,1.00000000,1.00000000,-0.00691246,0.54484400,0.77434555,-0.50854135,-0.31988520
2001-06-04,4985.08691406,-0.00575388,0.00000000,1.00000000,-0.00575388,0.54170903,0.76989006,-0.51136914,-0.32379850
2001-06-05,5065.03662109,0.01603778,0.00000000,0.00000000,0.00000000,0.55039684,0.76989006,-0.50353259,-0.32379850
2001-06-06,5220.41601562,0.03067686,0.00000000,0.00000000,0.00000000,0.56728129,0.76989006,-0.48830253,-0.32379850
2001-06-07,5153.32617188,-0.01285144,0.00000000,0.00000000,-0.00000000,0.55999091,0.76989006,-0.49487858,-0.32379850
2001-06-08,5226.25585938,0.01415196,0.00000000,0.00000000,0.00000000,0.56791588,0.76989006,-0.48773012,-0.32379850
2001-06-11,5271.27587891,0.00861420,1.00000000,0.00000000,0.00000000,0.57280802,0.76989006,-0.48331732,-0.32379850
2001-06-12,5266.21630859,-0.00095984,1.00000000,1.00000000,-0.00095984,0.57225822,0.76915109,-0.48381326,-0.32444755
2001-06-13,5209.68603516,-0.01073451,1.00000000,1.00000000,-0.01073451,0.56611530,0.76089462,-0.48935427,-0.33169927
2001-06-14,5119.16650391,-0.01737524,1.00000000,1.00000000,-0.01737524,0.55627892,0.74767390,-0.49822686,-0.34331116
2001-06-15,5158.60595703,0.00770427,1.00000000,1.00000000,0.00770427,0.56056464,0.75343418,-0.49436106,-0.33825185
2001-06-18,5070.49658203,-0.01708007,1.00000000,1.00000000,-0.01708007,0.55099015,0.74056547,-0.50299741,-0.34955456
2001-06-19,5039.95654297,-0.00602309,1.00000000,1.00000000,-0.00602309,0.54767149,0.73610498,-0.50599090,-0.35347225
2001-06-20,5029.61669922,-0.00205157,1.00000000,1.00000000,-0.00205157,0.54654790,0.73459481,-0.50700440,-0.35479865
2001-06-21,4984.85693359,-0.00889924,1.00000000,1.00000000,-0.00889924,0.54168404,0.72805747,-0.51139169,-0.36054045
2001-06-22,4904.31738281,-0.01615684,1.00000000,1.00000000,-0.01615684,0.53293214,0.71629436,-0.51928605,-0.37087209
2001-06-26,4785.09814453,-0.02430904,1.00000000,1.00000000,-0.02430904,0.51997707,0.69888193,-0.53097175,-0.38616559
2001-06-27,4825.25781250,0.00839265,1.00000000,1.00000000,0.00839265,0.52434106,0.70474741,-0.52703536,-0.38101389
2001-06-28,4768.52832031,-0.01175678,1.00000000,1.00000000,-0.01175678,0.51817650,0.69646185,-0.53259590,-0.38829117
2001-06-29,4883.40771484,0.02409116,1.00000000,1.00000000,0.02409116,0.53065997,0.71324042,-0.52133559,-0.37355440
2001-07-02,4886.83740234,0.00070231,0.00000000,1.00000000,0.00070231,0.53103266,0.71374134,-0.52099942,-0.37311443
2001-07-03,4843.79736328,-0.00880734,0.00000000,0.00000000,-0.00000000,0.52635568,0.71374134,-0.52521814,-0.37311443
2001-07-04,4739.13867188,-0.02160674,0.00000000,0.00000000,-0.00000000,0.51498284,0.71374134,-0.53547663,-0.37311443
2001-07-05,4709.17919922,-0.00632171,0.00000000,0.00000000,-0.00000000,0.51172727,0.71374134,-0.53841321,-0.37311443
2001-07-06,4706.98876953,-0.00046514,0.00000000,0.00000000,-0.00000000,0.51148925,0.71374134,-0.53862791,-0.37311443
2001-07-09,4657.27880859,-0.01056088,0.00000000,0.00000000,-0.00000000,0.50608747,0.71374134,-0.54350041,-0.37311443
2001-07-10,4616.68896484,-0.00871536,0.00000000,0.00000000,-0.00000000,0.50167673,0.71374134,-0.54747897,-0.37311443
2001-07-11,4548.26904297,-0.01482013,0.00000000,0.00000000,-0.00000000,0.49424182,0.71374134,-0.55418539,-0.37311443
2001-07-12,4633.51904297,0.01874339,0.00000000,0.00000000,0.00000000,0.50350559,0.71374134,-0.54582931,-0.37311443
2001-07-13,4485.65966797,-0.03191082,0.00000000,0.00000000,-0.00000000,0.48743832,0.71374134,-0.56032226,-0.37311443
2001-07-16,4368.66992188,-0.02608083,0.00000000,0.00000000,-0.00000000,0.47472552,0.71374134,-0.57178943,-0.37311443
2001-07-17,4371.97021484,0.00075545,0.00000000,0.00000000,0.00000000,0.47508415,0.71374134,-0.57146594,-0.37311443
2001-07-18,4219.87011719,-0.03478983,0.00000000,0.00000000,-0.00000000,0.45855605,0.71374134,-0.58637456,-0.37311443
2001-07-19,4190.75976562,-0.00689840,0.00000000,0.00000000,-0.00000000,0.45539275,0.71374134,-0.58922792,-0.37311443
2001-07-20,4220.31005859,0.00705130,0.00000000,0.00000000,0.00000000,0.45860386,0.71374134,-0.58633144,-0.37311443
2001-07-23,4151.91015625,-0.01620732,0.00000000,0.00000000,-0.00000000,0.45117112,0.71374134,-0.59303590,-0.37311443
2001-07-24,4040.75122070,-0.02677296,0.00000000,0.00000000,-0.00000000,0.43909193,0.71374134,-0.60393153,-0.37311443
2001-07-25,4136.37011719,0.02366364,0.00000000,0.00000000,0.00000000,0.44948245,0.71374134,-0.59455911,-0.37311443
2001-07-26,4300.39013672,0.03965313,0.00000000,0.00000000,0.00000000,0.46730583,0.71374134,-0.57848211,-0.37311443
2001-07-27,4320.56982422,0.00469252,0.00000000,0.00000000,0.00000000,0.46949868,0.71374134,-0.57650413,-0.37311443
2001-07-31,4352.95996094,0.00749673,0.00000000,0.00000000,0.00000000,0.47301838,0.71374134,-0.57332929,-0.37311443
2001-08-01,4354.50000000,0.00035379,0.00000000,0.00000000,0.00000000,0.47318573,0.71374134,-0.57317834,-0.37311443
2001-08-02,4490.16943359,0.03115615,0.00000000,0.00000000,0.00000000,0.48792837,0.71374134,-0.55988022,-0.37311443
2001-08-03,4530.65917969,0.00901742,0.00000000,0.00000000,0.00000000,0.49232823,0.71374134,-0.55591148,-0.37311443
2001-08-06,4470.70947266,-0.01323201,0.00000000,0.00000000,-0.00000000,0.48581374,0.71374134,-0.56178766,-0.37311443
2001-08-07,4403.97998047,-0.01492593,0.00000000,0.00000000,-0.00000000,0.47856252,0.71374134,-0.56832839,-0.37311443
2001-08-08,4514.07958984,0.02500002,0.00000000,0.00000000,0.00000000,0.49052659,0.71374134,-0.55753659,-0.37311443
2001-08-09,4448.49951172,-0.01452790,0.00000000,0.00000000,-0.00000000,0.48340027,0.71374134,-0.56396465,-0.37311443
2001-08-10,4476.88964844,0.00638196,0.00000000,0.00000000,0.00000000,0.48648531,0.71374134,-0.56118189,-0.37311443
2001-08-13,4520.73925781,0.00979466,0.00000000,0.00000000,0.00000000,0.49125027,0.71374134,-0.55688382,-0.37311443
2001-08-14,4589.57910156,0.01522756,0.00000000,0.00000000,0.00000000,0.49873082,0.71374134,-0.55013624,-0.37311443
2001-08-15,4623.08886719,0.00730127,0.00000000,0.00000000,0.00000000,0.50237219,0.71374134,-0.54685166,-0.37311443
2001-08-16,4687.30908203,0.01389119,0.00000000,0.00000000,0.00000000,0.50935073,0.71374134,-0.54055689,-0.37311443
2001-08-17,4638.33886719,-0.01044740,0.00000000,0.00000000,-0.00000000,0.50402934,0.71374134,-0.54535688,-0.37311443
2001-08-20,4550.33886719,-0.01897231,0.00000000,0.00000000,-0.00000000,0.49446674,0.71374134,-0.55398251,-0.37311443
2001-08-21,4562.70898438,0.00271850,0.00000000,0.00000000,0.00000000,0.49581095,0.71374134,-0.55277000,-0.37311443
2001-08-22,4487.49951172,-0.01648351,0.00000000,0.00000000,-0.00000000,0.48763824,0.71374134,-0.56014193,-0.37311443
2001-08-23,4459.73925781,-0.00618613,0.00000000,0.00000000,-0.00000000,0.48462165,0.71374134,-0.56286294,-0.37311443
2001-08-24,4310.29980469,-0.03350856,0.00000000,0.00000000,-0.00000000,0.46838268,0.71374134,-0.57751078,-0.37311443
2001-08-27,4384.52978516,0.01722154,0.00000000,0.00000000,0.00000000,0.47644894,0.71374134,-0.57023487,-0.37311443
2001-08-28,4368.35986328,-0.00368795,0.00000000,0.00000000,-0.00000000,0.47469182,0.71374134,-0.57181982,-0.37311443
2001-08-29,4508.66943359,0.03211951,0.00000000,0.00000000,0.00000000,0.48993869,0.71374134,-0.55806688,-0.37311443
2001-08-30,4503.83935547,-0.00107129,0.00000000,0.00000000,-0.00000000,0.48941383,0.71374134,-0.55854032,-0.37311443
2001-08-31,4509.41943359,0.00123896,0.00000000,0.00000000,0.00000000,0.49002019,0.71374134,-0.55799337,-0.37311443
2001-09-03,4454.74951172,-0.01212349,1.00000000,0.00000000,-0.00000000,0.48407944,0.71374134,-0.56335203,-0.37311443
2001-09-04,4493.50927734,0.00870077,1.00000000,1.00000000,0.00870077,0.48829130,0.71995144,-0.55955286,-0.36766004
2001-09-05,4424.89013672,-0.01527072,1.00000000,1.00000000,-0.01527072,0.48083474,0.70895726,-0.56627880,-0.37731633
2001-09-06,4338.23974609,-0.01958250,1.00000000,1.00000000,-0.01958250,0.47141879,0.69507411,-0.57477215,-0.38951003
2001-09-07,4302.14013672,-0.00832126,1.00000000,1.00000000,-0.00832126,0.46749600,0.68929022,-0.57831058,-0.39459008
2001-09-10,4289.08007812,-0.00303571,1.00000000,1.00000000,-0.00303571,0.46607681,0.68719773,-0.57959071,-0.39642793
2001-09-11,4176.91015625,-0.02615244,1.00000000,1.00000000,-0.02615244,0.45388777,0.66922583,-0.59058544,-0.41221281
2001-09-13,3952.47143555,-0.05373319,1.00000000,1.00000000,-0.05373319,0.42949893,0.63326619,-0.61258459,-0.44379649
2001-09-14,3774.60253906,-0.04500194,1.00000000,1.00000000,-0.04500194,0.41017064,0.60476798,-0.63001903,-0.46882673
2001-09-18,3774.60253906,0.00000000,0.00000000,1.00000000,0.00000000,0.41017064,0.60476798,-0.63001903,-0.46882673
2001-09-19,3781.15234375,0.00173523,0.00000000,0.00000000,0.00000000,0.41088238,0.60476798,-0.62937703,-0.46882673
2001-09-20,3698.82299805,-0.02177361,0.00000000,0.00000000,-0.00000000,0.40193599,0.60476798,-0.63744683,-0.46882673
2001-09-21,3591.83349609,-0.02892528,0.00000000,0.00000000,-0.00000000,0.39030988,0.60476798,-0.64793379,-0.46882673
2001-09-24,3533.49414062,-0.01624222,0.00000000,0.00000000,-0.00000000,0.38397038,0.60476798,-0.65365212,-0.46882673
2001-09-25,3493.76416016,-0.01124382,0.00000000,0.00000000,-0.00000000,0.37965308,0.60476798,-0.65754640,-0.46882673
2001-09-26,3625.51318359,0.03770976,0.00000000,0.00000000,0.00000000,0.39396971,0.60476798,-0.64463255,-0.46882673
2001-09-27,3567.61352539,-0.01597006,0.00000000,0.00000000,-0.00000000,0.38767799,0.60476798,-0.65030779,-0.46882673
2001-09-28,3636.92309570,0.01942743,0.00000000,0.00000000,0.00000000,0.39520958,0.60476798,-0.64351417,-0.46882673
2001-10-02,3492.10424805,-0.03981906,0.00000000,0.00000000,-0.00000000,0.37947271,0.60476798,-0.65770910,-0.46882673
2001-10-03,3446.24414062,-0.01313251,0.00000000,0.00000000,-0.00000000,0.37448928,0.60476798,-0.66220424,-0.46882673
2001-10-04,3493.64404297,0.01375408,0.00000000,0.00000000,0.00000000,0.37964003,0.60476798,-0.65755817,-0.46882673
2001-10-05,3585.44335938,0.02627609,0.00000000,0.00000000,0.00000000,0.38961549,0.60476798,-0.64856014,-0.46882673
2001-10-08,3520.33422852,-0.01815930,0.00000000,0.00000000,-0.00000000,0.38254034,0.60476798,-0.65494204,-0.46882673
2001-10-09,3618.91333008,0.02800277,0.00000000,0.00000000,0.00000000,0.39325253,0.60476798,-0.64527946,-0.46882673
2001-10-11,3789.91235352,0.04725148,0.00000000,0.00000000,0.00000000,0.41183430,0.60476798,-0.62851839,-0.46882673
2001-10-12,3801.48242188,0.00305286,0.00000000,0.00000000,0.00000000,0.41309157,0.60476798,-0.62738431,-0.46882673
2001-10-15,3712.80297852,-0.02332760,0.00000000,0.00000000,-0.00000000,0.40345514,0.60476798,-0.63607654,-0.46882673
2001-10-16,3794.84252930,0.02209639,0.00000000,0.00000000,0.00000000,0.41237004,0.60476798,-0.62803514,-0.46882673
2001-10-17,3817.11230469,0.00586843,0.00000000,0.00000000,0.00000000,0.41479000,0.60476798,-0.62585229,-0.46882673
2001-10-18,3811.18237305,-0.00155351,0.00000000,0.00000000,-0.00000000,0.41414562,0.60476798,-0.62643353,-0.46882673
2001-10-19,3845.60253906,0.00903136,0.00000000,0.00000000,0.00000000,0.41788592,0.60476798,-0.62305972,-0.46882673
2001-10-22,3900.60229492,0.01430199,0.00000000,0.00000000,0.00000000,0.42386252,0.60476798,-0.61766872,-0.46882673
2001-10-23,3874.40209961,-0.00671696,0.00000000,0.00000000,-0.00000000,0.42101545,0.60476798,-0.62023683,-0.46882673
2001-10-24,3986.65136719,0.02897202,0.00000000,0.00000000,0.00000000,0.43321312,0.60476798,-0.60923432,-0.46882673
2001-10-25,4012.18115234,0.00640382,0.00000000,0.00000000,0.00000000,0.43598734,0.60476798,-0.60673193,-0.46882673
2001-10-26,4043.55126953,0.00781872,0.00000000,0.00000000,0.00000000,0.43939620,0.60476798,-0.60365708,-0.46882673
2001-10-29,4065.08129883,0.00532453,1.00000000,0.00000000,0.00000000,0.44173578,0.60476798,-0.60154674,-0.46882673
2001-10-30,3915.59204102,-0.03677399,1.00000000,1.00000000,-0.03677399,0.42549139,0.58252825,-0.61619945,-0.48836009
2001-10-31,3903.47216797,-0.00309528,1.00000000,1.00000000,-0.00309528,0.42417438,0.58072516,-0.61738742,-0.48994376
2001-11-01,3929.67163086,0.00671184,1.00000000,1.00000000,0.00671184,0.42702137,0.58462289,-0.61481939,-0.48652035
2001-11-02,3998.46118164,0.01750517,1.00000000,1.00000000,0.01750517,0.43449645,0.59485681,-0.60807674,-0.47753181
2001-11-05,4080.49121094,0.02051540,1.00000000,1.00000000,0.02051540,0.44341031,0.60706054,-0.60003628,-0.46681316
2001-11-06,4082.90112305,0.00059059,1.00000000,1.00000000,0.00059059,0.44367219,0.60741906,-0.59980006,-0.46649826
2001-11-07,4158.12988281,0.01842532,1.00000000,1.00000000,0.01842532,0.45184699,0.61861096,-0.59242625,-0.45666832
2001-11-08,4135.00976562,-0.00556022,1.00000000,1.00000000,-0.00556022,0.44933462,0.61517134,-0.59469245,-0.45968937
2001-11-09,4123.75976562,-0.00272067,1.00000000,1.00000000,-0.00272067,0.44811213,0.61349766,-0.59579516,-0.46115938
2001-11-12,4172.60986328,0.01184601,1.00000000,1.00000000,0.01184601,0.45342047,0.62076516,-0.59100694,-0.45477626
2001-11-13,4136.52001953,-0.00864923,1.00000000,1.00000000,-0.00864923,0.44949874,0.61539603,-0.59454442,-0.45949203
2001-11-14,4277.68017578,0.03412534,1.00000000,1.00000000,0.03412534,0.46483803,0.63639662,-0.58070811,-0.44104701
2001-11-15,4403.56982422,0.02942942,1.00000000,1.00000000,0.02942942,0.47851795,0.65512541,-0.56836859,-0.42459735
2001-11-16,4446.59960938,0.00977157,1.00000000,1.00000000,0.00977157,0.48319382,0.66152701,-0.56415087,-0.41897476
2001-11-19,4548.60888672,0.02294096,1.00000000,1.00000000,0.02294096,0.49427875,0.67670308,-0.55415208,-0.40564548
2001-11-20,4455.77929688,-0.02040835,1.00000000,1.00000000,-0.02040835,0.48419134,0.66289269,-0.56325109,-0.41777527
2001-11-21,4533.34912109,0.01740881,1.00000000,1.00000000,0.01740881,0.49262053,0.67443286,-0.55564781,-0.40763943
2001-11-22,4449.99951172,-0.01838588,1.00000000,1.00000000,-0.01838588,0.48356327,0.66203282,-0.56381762,-0.41853050
2001-11-23,4519.05957031,0.01551912,1.00000000,1.00000000,0.01551912,0.49106775,0.67230698,-0.55704846,-0.40950661
2001-11-26,4608.29882812,0.01974731,1.00000000,1.00000000,0.01974731,0.50076501,0.68558324,-0.54830136,-0.39784596
2001-11-27,4580.30908203,-0.00607377,1.00000000,1.00000000,-0.00607377,0.49772348,0.68141916,-0.55104487,-0.40150330
2001-11-28,4447.55957031,-0.02898265,1.00000000,1.00000000,-0.02898265,0.48329813,0.66166983,-0.56405678,-0.41884932
2001-11-29,4465.80957031,0.00410337,1.00000000,1.00000000,0.00410337,0.48528129,0.66438490,-0.56226794,-0.41646465
2001-11-30,4441.09960938,-0.00553314,1.00000000,1.00000000,-0.00553314,0.48259616,0.66070877,-0.56468998,-0.41969343
2001-12-03,4646.58886719,0.04626991,1.00000000,1.00000000,0.04626991,0.50492583,0.69127970,-0.54454822,-0.39284270
2001-12-04,4766.40869141,0.02578662,1.00000000,1.00000000,0.02578662,0.51794617,0.70910547,-0.53280366,-0.37718616
2001-12-05,4924.53759766,0.03317569,1.00000000,1.00000000,0.03317569,0.53512939,0.73263053,-0.51730410,-0.35652388
2001-12-06,5208.83593750,0.05773097,1.00000000,1.00000000,0.05773097,0.56602293,0.77492600,-0.48943759,-0.31937538
2001-12-07,5333.90625000,0.02401118,1.00000000,1.00000000,0.02401118,0.57961381,0.79353289,-0.47717839,-0.30303278
2001-12-10,5321.25585938,-0.00237169,1.00000000,1.00000000,-0.00237169,0.57823914,0.79165088,-0.47841836,-0.30468577
2001-12-11,5273.94628906,-0.00889068,1.00000000,1.00000000,-0.00889068,0.57309820,0.78461257,-0.48305557,-0.31086759
2001-12-12,5539.28515625,0.05031126,1.00000000,1.00000000,0.05031126,0.60193149,0.82408741,-0.45704745,-0.27619647
2001-12-13,5407.51513672,-0.02378827,1.00000000,1.00000000,-0.02378827,0.58761258,0.80448379,-0.46996335,-0.29341451
2001-12-14,5486.70507812,0.01464442,1.00000000,1.00000000,0.01464442,0.59621783,0.81626500,-0.46220127,-0.28306697
2001-12-17,5456.12500000,-0.00557349,1.00000000,1.00000000,-0.00557349,0.59289482,0.81171555,-0.46519869,-0.28706279
2001-12-18,5329.16601562,-0.02326908,1.00000000,1.00000000,-0.02326908,0.57909871,0.79282768,-0.47764302,-0.30365218
2001-12-19,5221.93603516,-0.02012134,1.00000000,1.00000000,-0.02012134,0.56744646,0.77687493,-0.48815354,-0.31766363
2001-12-20,5309.07617188,0.01668732,1.00000000,1.00000000,0.01668732,0.57691562,0.78983889,-0.47961220,-0.30627726
2001-12-21,5109.21679688,-0.03764485,1.00000000,1.00000000,-0.03764485,0.55519772,0.76010552,-0.49920212,-0.33239235
2001-12-24,5164.70605469,0.01086062,1.00000000,1.00000000,0.01086062,0.56122751,0.76836074,-0.49376314,-0.32514172
2001-12-25,5372.78564453,0.04028876,1.00000000,1.00000000,0.04028876,0.58383867,0.79931704,-0.47336749,-0.29795252
2001-12-26,5392.40527344,0.00365167,1.00000000,1.00000000,0.00365167,0.58597066,0.80223588,-0.47144440,-0.29538887
2001-12-27,5332.95605469,-0.01102462,1.00000000,1.00000000,-0.01102462,0.57951055,0.79339153,-0.47727152,-0.30315694
2001-12-28,5398.25488281,0.01224440,1.00000000,1.00000000,0.01224440,0.58660631,0.80310613,-0.47087103,-0.29462452
2001-12-31,5551.21533203,0.02833517,1.00000000,1.00000000,0.02833517,0.60322790,0.82586228,-0.45587807,-0.27463759
2002-01-02,5600.02441406,0.00879250,1.00000000,1.00000000,0.00879250,0.60853178,0.83312368,-0.45109388,-0.26825983
2002-01-03,5526.29492188,-0.01316592,1.00000000,1.00000000,-0.01316592,0.60051990,0.82215483,-0.45832073,-0.27789387
2002-01-04,5638.50439453,0.02030465,1.00000000,1.00000000,0.02030465,0.61271324,0.83884840,-0.44732213,-0.26323176
2002-01-07,5834.86328125,0.03482464,1.00000000,1.00000000,0.03482464,0.63405076,0.86806099,-0.42807532,-0.23757407
2002-01-08,5810.05371094,-0.00425195,1.00000000,1.00000000,-0.00425195,0.63135481,0.86437004,-0.43050712,-0.24081587
2002-01-09,5865.51318359,0.00954543,1.00000000,1.00000000,0.00954543,0.63738136,0.87262082,-0.42507106,-0.23356913
2002-01-10,5871.25292969,0.00097856,1.00000000,1.00000000,0.00097856,0.63800508,0.87347473,-0.42450846,-0.23281913
2002-01-11,5687.56445312,-0.03128608,1.00000000,1.00000000,-0.03128608,0.61804440,0.84614713,-0.44251333,-0.25682121
2002-01-14,5611.83447266,-0.01331501,1.00000000,1.00000000,-0.01331501,0.60981513,0.83488068,-0.44993627,-0.26671665
2002-01-15,5592.71484375,-0.00340702,1.00000000,1.00000000,-0.00340702,0.60773748,0.83203622,-0.45181035,-0.26921496
2002-01-16,5488.30517578,-0.01866887,1.00000000,1.00000000,-0.01866887,0.59639171,0.81650304,-0.46204443,-0.28285789
2002-01-17,5501.10498047,0.00233220,1.00000000,1.00000000,0.00233220,0.59778261,0.81840729,-0.46078981,-0.28118537
2002-01-18,5522.77490234,0.00393919,1.00000000,1.00000000,0.00393919,0.60013739,0.82163116,-0.45866576,-0.27835382
2002-01-21,5798.02392578,0.04983890,1.00000000,1.00000000,0.04983890,0.63004758,0.86258035,-0.43168626,-0.24238777
2002-01-22,5804.07373047,0.00104343,1.00000000,1.00000000,0.00104343,0.63070499,0.86348039,-0.43109327,-0.24159726
2002-01-23,5769.75390625,-0.00591306,1.00000000,1.00000000,-0.00591306,0.62697559,0.85837458,-0.43445724,-0.24608174
2002-01-24,5801.89404297,0.00557045,1.00000000,1.00000000,0.00557045,0.63046813,0.86315611,-0.43130692,-0.24188207
2002-01-25,5950.61279297,0.02563279,1.00000000,1.00000000,0.02563279,0.64662879,0.88528121,-0.41672972,-0.22244939
2002-01-28,6007.30224609,0.00952666,1.00000000,1.00000000,0.00952666,0.65278900,0.89371498,-0.41117311,-0.21504193
2002-01-29,5846.16308594,-0.02682388,1.00000000,1.00000000,-0.02682388,0.63527867,0.86974208,-0.42696773,-0.23609756
2002-01-30,5812.64355469,-0.00573359,1.00000000,1.00000000,-0.00573359,0.63163623,0.86475533,-0.43025326,-0.24047746
2002-01-31,5872.11328125,0.01023110,1.00000000,1.00000000,0.01023110,0.63809857,0.87360273,-0.42442413,-0.23270671
2002-02-01,5857.90332031,-0.00241991,1.00000000,1.00000000,-0.00241991,0.63655443,0.87148869,-0.42581697,-0.23456349
2002-02-04,5849.82324219,-0.00137935,1.00000000,1.00000000,-0.00137935,0.63567640,0.87028661,-0.42660897,-0.23561929
2002-02-05,5844.22314453,-0.00095731,1.00000000,1.00000000,-0.00095731,0.63506786,0.86945347,-0.42715788,-0.23635104
2002-02-06,5926.05273438,0.01400179,1.00000000,1.00000000,0.01400179,0.64395995,0.88162738,-0.41913706,-0.22565859
2002-02-18,5968.58251953,0.00717675,1.00000000,1.00000000,0.00717675,0.64858149,0.88795460,-0.41496836,-0.22010134
2002-02-19,5861.63330078,-0.01791870,1.00000000,1.00000000,-0.01791870,0.63695975,0.87204361,-0.42545136,-0.23407610
2002-02-20,5692.15478516,-0.02891319,1.00000000,1.00000000,-0.02891319,0.61854321,0.84683004,-0.44206340,-0.25622141
2002-02-21,5656.07470703,-0.00633856,1.00000000,1.00000000,-0.00633856,0.61462254,0.84146236,-0.44559991,-0.26093589
2002-02-22,5609.80468750,-0.00818059,1.00000000,1.00000000,-0.00818059,0.60959456,0.83457870,-0.45013523,-0.26698187
2002-02-25,5510.68505859,-0.01766900,1.00000000,1.00000000,-0.01766900,0.59882364,0.81983253,-0.45985079,-0.27993357
2002-02-26,5499.76513672,-0.00198159,1.00000000,1.00000000,-0.00198159,0.59763702,0.81820796,-0.46092114,-0.28136045
2002-02-27,5696.08447266,0.03569595,1.00000000,1.00000000,0.03569595,0.61897024,0.84741467,-0.44167821,-0.25570792
2002-03-01,5680.75439453,-0.00269134,1.00000000,1.00000000,-0.00269134,0.61730438,0.84513399,-0.44318084,-0.25771106
2002-03-04,5874.45312500,0.03409736,1.00000000,1.00000000,0.03409736,0.63835283,0.87395083,-0.42419478,-0.23240097
2002-03-05,5957.72265625,0.01417486,1.00000000,1.00000000,0.01417486,0.64740139,0.88633896,-0.41603282,-0.22152037
2002-03-06,6097.54199219,0.02346859,1.00000000,1.00000000,0.02346859,0.66259498,0.90714008,-0.40232794,-0.20325055
2002-03-07,6048.12207031,-0.00810489,1.00000000,1.00000000,-0.00810489,0.65722472,0.89978781,-0.40717201,-0.20970812
2002-03-08,6011.62207031,-0.00603493,1.00000000,1.00000000,-0.00603493,0.65325842,0.89435765,-0.41074968,-0.21447747
2002-03-11,6196.23095703,0.03070866,1.00000000,1.00000000,0.03070866,0.67331911,0.92182218,-0.39265459,-0.19035513
2002-03-12,6122.51220703,-0.01189735,1.00000000,1.00000000,-0.01189735,0.66530840,0.91085494,-0.39988040,-0.19998776
2002-03-13,6088.31201172,-0.00558597,1.00000000,1.00000000,-0.00558597,0.66159200,0.90576692,-0.40323265,-0.20445660
2002-03-14,6070.47216797,-0.00293018,1.00000000,1.00000000,-0.00293018,0.65965342,0.90311286,-0.40498128,-0.20678769
2002-03-15,5951.42285156,-0.01961121,1.00000000,1.00000000,-0.01961121,0.64671681,0.88540173,-0.41665032,-0.22234354
2002-03-18,5972.08251953,0.00347138,1.00000000,1.00000000,0.00347138,0.64896182,0.88847530,-0.41462529,-0.21964400
2002-03-19,5906.70312500,-0.01094750,1.00000000,1.00000000,-0.01094750,0.64185730,0.87874871,-0.42103368,-0.22818695
2002-03-20,6059.03222656,0.02578919,1.00000000,1.00000000,0.02578919,0.65841029,0.90141093,-0.40610261,-0.20828252
2002-03-21,6046.49218750,-0.00206964,1.00000000,1.00000000,-0.00206964,0.65704761,0.89954533,-0.40733177,-0.20992109
2002-03-22,6140.39208984,0.01552965,1.00000000,1.00000000,0.01552965,0.66725133,0.91351495,-0.39812784,-0.19765144
2002-03-25,6219.14111328,0.01282475,1.00000000,1.00000000,0.01282475,0.67580866,0.92523056,-0.39040897,-0.18736152
2002-03-26,6242.61132812,0.00377387,1.00000000,1.00000000,0.00377387,0.67835908,0.92872225,-0.38810846,-0.18429473
2002-03-27,6147.72119141,-0.01520039,1.00000000,1.00000000,-0.01520039,0.66804775,0.91460531,-0.39740945,-0.19669377
2002-03-28,6209.89111328,0.01011268,1.00000000,1.00000000,0.01011268,0.67480350,0.92385442,-0.39131565,-0.18857019
2002-03-29,6167.44140625,-0.00683582,1.00000000,1.00000000,-0.00683582,0.67019067,0.91753912,-0.39547650,-0.19411698
2002-04-01,6186.41113281,0.00307579,1.00000000,1.00000000,0.00307579,0.67225203,0.92036127,-0.39361712,-0.19163826
2002-04-02,6243.43115234,0.00921698,1.00000000,1.00000000,0.00921698,0.67844816,0.92884422,-0.38802810,-0.18418760
2002-04-03,6294.63085938,0.00820057,1.00000000,1.00000000,0.00820057,0.68401183,0.93646127,-0.38300958,-0.17749747
2002-04-04,6207.06103516,-0.01391183,1.00000000,1.00000000,-0.01391183,0.67449597,0.92343339,-0.39159305,-0.18893999
2002-04-08,6190.80126953,-0.00261956,1.00000000,1.00000000,-0.00261956,0.67272909,0.92101440,-0.39318680,-0.19106461
2002-04-09,6069.82226562,-0.01954174,1.00000000,1.00000000,-0.01954174,0.65958280,0.90301618,-0.40504499,-0.20687261
2002-04-10,6059.18212891,-0.00175296,1.00000000,1.00000000,-0.00175296,0.65842657,0.90143323,-0.40608792,-0.20826293
2002-04-11,6073.73193359,0.00240128,1.00000000,1.00000000,0.00240128,0.66000764,0.90359782,-0.40466177,-0.20636174
2002-04-12,6182.56103516,0.01791800,1.00000000,1.00000000,0.01791800,0.67183366,0.91978849,-0.39399450,-0.19214134
2002-04-15,6195.97119141,0.00216903,1.00000000,1.00000000,0.00216903,0.67329088,0.92178353,-0.39268006,-0.19038907
2002-04-16,6257.70068359,0.00996284,1.00000000,1.00000000,0.00996284,0.67999878,0.93096712,-0.38662942,-0.18232304
2002-04-17,6390.65039062,0.02124578,1.00000000,1.00000000,0.02124578,0.69444588,0.95074624,-0.37359789,-0.16495086
2002-04-18,6387.18017578,-0.00054301,1.00000000,1.00000000,-0.00054301,0.69406878,0.95022997,-0.37393803,-0.16540430
2002-04-19,6448.09033203,0.00953631,1.00000000,1.00000000,0.00953631,0.70068764,0.95929166,-0.36796771,-0.15744534
2002-04-22,6462.27001953,0.00219905,1.00000000,1.00000000,0.00219905,0.70222849,0.96140119,-0.36657784,-0.15559252
2002-04-23,6390.59033203,-0.01109203,1.00000000,1.00000000,-0.01109203,0.69443935,0.95073730,-0.37360377,-0.16495871
2002-04-24,6455.36035156,0.01013522,1.00000000,1.00000000,0.01013522,0.70147764,0.96037323,-0.36725511,-0.15649538
2002-04-25,6355.56005859,-0.01546007,1.00000000,1.00000000,-0.01546007,0.69063275,0.94552580,-0.37703739,-0.16953602
2002-04-26,6306.90087891,-0.00765616,1.00000000,1.00000000,-0.00765616,0.68534516,0.93828670,-0.38180689,-0.17589418
2002-04-29,6205.06103516,-0.01614737,1.00000000,1.00000000,-0.01614737,0.67427864,0.92313584,-0.39178908,-0.18920132
2002-04-30,6065.70214844,-0.02245891,1.00000000,1.00000000,-0.02245891,0.65913508,0.90240322,-0.40544883,-0.20741097
2002-05-02,5867.80322266,-0.03262589,1.00000000,1.00000000,-0.03262589,0.63763021,0.87296151,-0.42484659,-0.23326990
2002-05-03,5910.29296875,0.00724117,1.00000000,1.00000000,0.00724117,0.64224740,0.87928277,-0.42068181,-0.22771788
2002-05-06,5642.45458984,-0.04531728,0.00000000,1.00000000,-0.04531728,0.61314250,0.83943607,-0.44693493,-0.26271560
2002-05-07,5663.95458984,0.00381040,0.00000000,0.00000000,0.00000000,0.61547881,0.83943607,-0.44482754,-0.26271560
2002-05-08,5711.50439453,0.00839516,0.00000000,0.00000000,0.00000000,0.62064586,0.83943607,-0.44016678,-0.26271560
2002-05-09,5739.25390625,0.00485853,0.00000000,0.00000000,0.00000000,0.62366128,0.83943607,-0.43744681,-0.26271560
2002-05-10,5807.27343750,0.01185163,0.00000000,0.00000000,0.00000000,0.63105269,0.83943607,-0.43077963,-0.26271560
2002-05-13,5742.63427734,-0.01113072,0.00000000,0.00000000,-0.00000000,0.62402861,0.83943607,-0.43711547,-0.26271560
2002-05-14,5755.89404297,0.00230900,0.00000000,0.00000000,0.00000000,0.62546950,0.83943607,-0.43581577,-0.26271560
2002-05-15,5910.66308594,0.02688879,0.00000000,0.00000000,0.00000000,0.64228762,0.83943607,-0.42064553,-0.26271560
2002-05-16,5801.44433594,-0.01847826,0.00000000,0.00000000,-0.00000000,0.63041926,0.83943607,-0.43135099,-0.26271560
2002-05-17,5789.81396484,-0.00200474,0.00000000,0.00000000,-0.00000000,0.62915544,0.83943607,-0.43249099,-0.26271560
2002-05-20,5574.68505859,-0.03715645,0.00000000,0.00000000,-0.00000000,0.60577826,0.83943607,-0.45357760,-0.26271560
2002-05-21,5443.15527344,-0.02359412,0.00000000,0.00000000,-0.00000000,0.59148545,0.83943607,-0.46646996,-0.26271560
2002-05-22,5541.61523438,0.01808877,0.00000000,0.00000000,0.00000000,0.60218469,0.83943607,-0.45681906,-0.26271560
2002-05-23,5549.93505859,0.00150134,0.00000000,0.00000000,0.00000000,0.60308878,0.83943607,-0.45600356,-0.26271560
2002-05-24,5706.37451172,0.02818762,0.00000000,0.00000000,0.00000000,0.62008841,0.83943607,-0.44066960,-0.26271560
2002-05-27,5729.87451172,0.00411820,0.00000000,0.00000000,0.00000000,0.62264206,0.83943607,-0.43836616,-0.26271560
2002-05-28,5669.50439453,-0.01053603,0.00000000,0.00000000,-0.00000000,0.61608189,0.83943607,-0.44428355,-0.26271560
2002-05-29,5623.20458984,-0.00816646,0.00000000,0.00000000,-0.00000000,0.61105068,0.83943607,-0.44882179,-0.26271560
2002-05-30,5736.16406250,0.02008810,0.00000000,0.00000000,0.00000000,0.62332552,0.83943607,-0.43774967,-0.26271560
2002-05-31,5675.62451172,-0.01055401,0.00000000,0.00000000,-0.00000000,0.61674694,0.83943607,-0.44368367,-0.26271560
2002-06-03,5571.05517578,-0.01842429,0.00000000,0.00000000,-0.00000000,0.60538381,0.83943607,-0.45393340,-0.26271560
2002-06-04,5527.77490234,-0.00776877,0.00000000,0.00000000,-0.00000000,0.60068072,0.83943607,-0.45817567,-0.26271560
2002-06-05,5599.39453125,0.01295632,0.00000000,0.00000000,0.00000000,0.60846333,0.83943607,-0.45115562,-0.26271560
2002-06-06,5590.99462891,-0.00150014,0.00000000,0.00000000,-0.00000000,0.60755055,0.83943607,-0.45197896,-0.26271560
2002-06-07,5432.99511719,-0.02825964,0.00000000,0.00000000,-0.00000000,0.59038139,0.83943607,-0.46746584,-0.26271560
2002-06-10,5499.30517578,0.01220507,0.00000000,0.00000000,0.00000000,0.59758703,0.83943607,-0.46096623,-0.26271560
2002-06-11,5405.39501953,-0.01707673,0.00000000,0.00000000,-0.00000000,0.58738220,0.83943607,-0.47017116,-0.26271560
2002-06-12,5399.93505859,-0.00101009,0.00000000,0.00000000,-0.00000000,0.58678889,0.83943607,-0.47070634,-0.26271560
2002-06-13,5562.20507812,0.03005037,0.00000000,0.00000000,0.00000000,0.60442211,0.83943607,-0.45480087,-0.26271560
2002-06-14,5562.09521484,-0.00001975,0.00000000,0.00000000,-0.00000000,0.60441017,0.83943607,-0.45481164,-0.26271560
2002-06-17,5537.78515625,-0.00437067,0.00000000,0.00000000,-0.00000000,0.60176850,0.83943607,-0.45719448,-0.26271560
2002-06-18,5536.39501953,-0.00025103,0.00000000,0.00000000,-0.00000000,0.60161743,0.83943607,-0.45733074,-0.26271560
2002-06-19,5399.47509766,-0.02473088,0.00000000,0.00000000,-0.00000000,0.58673891,0.83943607,-0.47075143,-0.26271560
2002-06-20,5445.74511719,0.00856936,0.00000000,0.00000000,0.00000000,0.59176688,0.83943607,-0.46621611,-0.26271560
2002-06-21,5460.50488281,0.00271033,0.00000000,0.00000000,0.00000000,0.59337076,0.83943607,-0.46476938,-0.26271560
2002-06-24,5384.86572266,-0.01385205,0.00000000,0.00000000,-0.00000000,0.58515137,0.83943607,-0.47218342,-0.26271560
2002-06-25,5316.01611328,-0.01278576,0.00000000,0.00000000,-0.00000000,0.57766976,0.83943607,-0.47893195,-0.26271560
2002-06-26,5123.01611328,-0.03630538,0.00000000,0.00000000,-0.00000000,0.55669724,0.83943607,-0.49784953,-0.26271560
2002-06-27,5071.73632812,-0.01000969,0.00000000,0.00000000,-0.00000000,0.55112487,0.83943607,-0.50287590,-0.26271560
2002-06-28,5153.68603516,0.01615812,0.00000000,0.00000000,0.00000000,0.56003001,0.83943607,-0.49484331,-0.26271560
2002-07-01,4969.29687500,-0.03577811,0.00000000,0.00000000,-0.00000000,0.53999320,0.83943607,-0.51291686,-0.26271560
2002-07-02,4995.05712891,0.00518388,0.00000000,0.00000000,0.00000000,0.54279246,0.83943607,-0.51039188,-0.26271560
2002-07-03,5047.79638672,0.01055829,0.00000000,0.00000000,0.00000000,0.54852342,0.83943607,-0.50522245,-0.26271560
2002-07-04,5130.77587891,0.01643876,0.00000000,0.00000000,0.00000000,0.55754046,0.83943607,-0.49708893,-0.26271560
2002-07-05,5255.20605469,0.02425173,0.00000000,0.00000000,0.00000000,0.57106178,0.83943607,-0.48489246,-0.26271560
2002-07-08,5377.83544922,0.02333484,0.00000000,0.00000000,0.00000000,0.58438741,0.83943607,-0.47287251,-0.26271560
2002-07-09,5388.49560547,0.00198224,0.00000000,0.00000000,0.00000000,0.58554581,0.83943607,-0.47182762,-0.26271560
2002-07-10,5261.98583984,-0.02347775,0.00000000,0.00000000,-0.00000000,0.57179851,0.83943607,-0.48422792,-0.26271560
2002-07-11,5202.56591797,-0.01129230,0.00000000,0.00000000,-0.00000000,0.56534159,0.83943607,-0.49005217,-0.26271560
2002-07-12,5416.47509766,0.04111609,0.00000000,0.00000000,0.00000000,0.58858623,0.83943607,-0.46908511,-0.26271560
2002-07-15,5392.98486328,-0.00433681,0.00000000,0.00000000,-0.00000000,0.58603364,0.83943607,-0.47138759,-0.26271560
2002-07-16,5317.98583984,-0.01390677,0.00000000,0.00000000,-0.00000000,0.57788380,0.83943607,-0.47873888,-0.26271560
2002-07-17,5250.79589844,-0.01263447,0.00000000,0.00000000,-0.00000000,0.57058254,0.83943607,-0.48532474,-0.26271560
2002-07-18,5242.08593750,-0.00165879,0.00000000,0.00000000,-0.00000000,0.56963607,0.83943607,-0.48617848,-0.26271560
2002-07-19,5161.89599609,-0.01529733,0.00000000,0.00000000,-0.00000000,0.56092216,0.83943607,-0.49403858,-0.26271560
2002-07-22,5043.47656250,-0.02294107,0.00000000,0.00000000,-0.00000000,0.54805400,0.83943607,-0.50564588,-0.26271560
2002-07-23,5159.20605469,0.02294637,0.00000000,0.00000000,0.00000000,0.56062985,0.83943607,-0.49430224,-0.26271560
2002-07-24,5039.45654297,-0.02321084,0.00000000,0.00000000,-0.00000000,0.54761716,0.83943607,-0.50603991,-0.26271560
2002-07-25,5045.04638672,0.00110922,0.00000000,0.00000000,0.00000000,0.54822459,0.83943607,-0.50549200,-0.26271560
2002-07-26,4855.31738281,-0.03760699,0.00000000,0.00000000,-0.00000000,0.52760751,0.83943607,-0.52408896,-0.26271560
2002-07-29,4858.41748047,0.00063850,0.00000000,0.00000000,0.00000000,0.52794438,0.83943607,-0.52378509,-0.26271560
2002-07-30,5005.01708984,0.03017435,0.00000000,0.00000000,0.00000000,0.54387477,0.83943607,-0.50941562,-0.26271560
2002-07-31,4940.35742188,-0.01291897,0.00000000,0.00000000,-0.00000000,0.53684846,0.83943607,-0.51575346,-0.26271560
2002-08-01,4916.56738281,-0.00481545,0.00000000,0.00000000,-0.00000000,0.53426330,0.83943607,-0.51808533,-0.26271560
2002-08-02,4920.86767578,0.00087465,0.00000000,0.00000000,0.00000000,0.53473059,0.83943607,-0.51766382,-0.26271560
2002-08-05,4636.64892578,-0.05775785,0.00000000,0.00000000,-0.00000000,0.50384570,0.83943607,-0.54552252,-0.26271560
2002-08-06,4572.32910156,-0.01387205,0.00000000,0.00000000,-0.00000000,0.49685633,0.83943607,-0.55182705,-0.26271560
2002-08-07,4720.70898438,0.03245171,0.00000000,0.00000000,0.00000000,0.51298016,0.83943607,-0.53728308,-0.26271560
2002-08-08,4700.20898438,-0.00434257,0.00000000,0.00000000,-0.00000000,0.51075251,0.83943607,-0.53929246,-0.26271560
2002-08-09,4851.41748047,0.03217059,0.00000000,0.00000000,0.00000000,0.52718372,0.83943607,-0.52447122,-0.26271560
2002-08-12,4852.04736328,0.00012983,0.00000000,0.00000000,0.00000000,0.52725217,0.83943607,-0.52440948,-0.26271560
2002-08-13,4817.90820312,-0.00703603,0.00000000,0.00000000,-0.00000000,0.52354241,0.83943607,-0.52775575,-0.26271560
2002-08-14,4887.40771484,0.01442525,0.00000000,0.00000000,0.00000000,0.53109464,0.83943607,-0.52094351,-0.26271560
2002-08-15,4931.44775391,0.00901092,0.00000000,0.00000000,0.00000000,0.53588029,0.83943607,-0.51662677,-0.26271560
2002-08-16,4918.99755859,-0.00252465,0.00000000,0.00000000,-0.00000000,0.53452737,0.83943607,-0.51784712,-0.26271560
2002-08-19,4887.97753906,-0.00630617,0.00000000,0.00000000,-0.00000000,0.53115656,0.83943607,-0.52088766,-0.26271560
2002-08-20,4919.23730469,0.00639524,0.00000000,0.00000000,0.00000000,0.53455343,0.83943607,-0.51782363,-0.26271560
2002-08-21,4887.76757812,-0.00639728,0.00000000,0.00000000,-0.00000000,0.53113374,0.83943607,-0.52090824,-0.26271560
2002-08-22,4956.46777344,0.01405554,0.00000000,0.00000000,0.00000000,0.53859911,0.83943607,-0.51417435,-0.26271560
2002-08-23,4968.82714844,0.00249359,0.00000000,0.00000000,0.00000000,0.53994215,0.83943607,-0.51296290,-0.26271560
2002-08-26,4935.89746094,-0.00662726,0.00000000,0.00000000,-0.00000000,0.53636382,0.83943607,-0.51619062,-0.26271560
2002-08-27,4878.82763672,-0.01156220,0.00000000,0.00000000,-0.00000000,0.53016227,0.83943607,-0.52178452,-0.26271560
2002-08-28,4789.60791016,-0.01828712,0.00000000,0.00000000,-0.00000000,0.52046713,0.83943607,-0.53052971,-0.26271560
2002-08-29,4800.60791016,0.00229664,0.00000000,0.00000000,0.00000000,0.52166245,0.83943607,-0.52945150,-0.26271560
2002-08-30,4764.91845703,-0.00743436,0.00000000,0.00000000,-0.00000000,0.51778423,0.83943607,-0.53294973,-0.26271560
2002-09-02,4644.55908203,-0.02525948,0.00000000,0.00000000,-0.00000000,0.50470527,0.83943607,-0.54474718,-0.26271560
2002-09-03,4588.03906250,-0.01216908,0.00000000,0.00000000,-0.00000000,0.49856347,0.83943607,-0.55028719,-0.26271560
2002-09-04,4534.12890625,-0.01175015,0.00000000,0.00000000,-0.00000000,0.49270527,0.83943607,-0.55557138,-0.26271560
2002-09-05,4459.34960938,-0.01649254,0.00000000,0.00000000,-0.00000000,0.48457931,0.83943607,-0.56290114,-0.26271560
2002-09-09,4533.24902344,0.01657179,0.00000000,0.00000000,0.00000000,0.49260966,0.83943607,-0.55565763,-0.26271560
2002-09-10,4667.98876953,0.02972256,0.00000000,0.00000000,0.00000000,0.50725127,0.83943607,-0.54245064,-0.26271560
2002-09-11,4660.50878906,-0.00160240,0.00000000,0.00000000,-0.00000000,0.50643846,0.83943607,-0.54318381,-0.26271560
2002-09-12,4647.34912109,-0.00282365,0.00000000,0.00000000,-0.00000000,0.50500845,0.83943607,-0.54447370,-0.26271560
2002-09-13,4580.14892578,-0.01445990,0.00000000,0.00000000,-0.00000000,0.49770608,0.83943607,-0.55106057,-0.26271560
2002-09-16,4457.13964844,-0.02685705,0.00000000,0.00000000,-0.00000000,0.48433916,0.83943607,-0.56311775,-0.26271560
2002-09-17,4633.83886719,0.03964408,0.00000000,0.00000000,0.00000000,0.50354034,0.83943607,-0.54579796,-0.26271560
2002-09-18,4482.62939453,-0.03263158,0.00000000,0.00000000,-0.00000000,0.48710903,0.83943607,-0.56061929,-0.26271560
2002-09-19,4491.28955078,0.00193194,0.00000000,0.00000000,0.00000000,0.48805009,0.83943607,-0.55977043,-0.26271560
2002-09-20,4429.22998047,-0.01381776,0.00000000,0.00000000,-0.00000000,0.48130633,0.83943607,-0.56585342,-0.26271560
2002-09-23,4328.37988281,-0.02276922,0.00000000,0.00000000,-0.00000000,0.47034736,0.83943607,-0.57573860,-0.26271560
2002-09-24,4286.91992188,-0.00957863,0.00000000,0.00000000,-0.00000000,0.46584208,0.83943607,-0.57980244,-0.26271560
2002-09-25,4185.93017578,-0.02355765,0.00000000,0.00000000,-0.00000000,0.45486794,0.83943607,-0.58970131,-0.26271560
2002-09-26,4222.20019531,0.00866475,0.00000000,0.00000000,0.00000000,0.45880925,0.83943607,-0.58614617,-0.26271560
2002-09-27,4208.77978516,-0.00317853,0.00000000,0.00000000,-0.00000000,0.45735091,0.83943607,-0.58746162,-0.26271560
2002-09-30,4191.79003906,-0.00403674,0.00000000,0.00000000,-0.00000000,0.45550470,0.83943607,-0.58912693,-0.26271560
2002-10-01,4162.75000000,-0.00692784,0.00000000,0.00000000,-0.00000000,0.45234904,0.83943607,-0.59197339,-0.26271560
2002-10-02,4171.73974609,0.00215957,0.00000000,0.00000000,0.00000000,0.45332592,0.83943607,-0.59109223,-0.26271560
2002-10-03,4075.96118164,-0.02295890,0.00000000,0.00000000,-0.00000000,0.44291805,0.83943607,-0.60048031,-0.26271560
2002-10-04,4067.77124023,-0.00200933,0.00000000,0.00000000,-0.00000000,0.44202809,0.83943607,-0.60128307,-0.26271560
2002-10-07,3924.02197266,-0.03533858,0.00000000,0.00000000,-0.00000000,0.42640744,0.83943607,-0.61537316,-0.26271560
2002-10-08,3964.26147461,0.01025466,0.00000000,0.00000000,0.00000000,0.43078010,0.83943607,-0.61142895,-0.26271560
2002-10-09,3947.59155273,-0.00420505,0.00000000,0.00000000,-0.00000000,0.42896865,0.83943607,-0.61306291,-0.26271560
2002-10-11,3850.02246094,-0.02471611,0.00000000,0.00000000,-0.00000000,0.41836622,0.83943607,-0.62262648,-0.26271560
2002-10-14,3910.96191406,0.01582834,0.00000000,0.00000000,0.00000000,0.42498826,0.83943607,-0.61665329,-0.26271560
2002-10-15,4131.45019531,0.05637700,0.00000000,0.00000000,0.00000000,0.44894782,0.83943607,-0.59504135,-0.26271560
2002-10-16,4223.29980469,0.02223181,0.00000000,0.00000000,0.00000000,0.45892874,0.83943607,-0.58603839,-0.26271560
2002-10-17,4280.79003906,0.01361263,0.00000000,0.00000000,0.00000000,0.46517597,0.83943607,-0.58040328,-0.26271560
2002-10-18,4458.14941406,0.04143146,0.00000000,0.00000000,0.00000000,0.48444889,0.83943607,-0.56301878,-0.26271560
2002-10-21,4463.49951172,0.00120007,0.00000000,0.00000000,0.00000000,0.48503026,0.83943607,-0.56249437,-0.26271560
2002-10-22,4386.43994141,-0.01726438,0.00000000,0.00000000,-0.00000000,0.47665651,0.83943607,-0.57004764,-0.26271560
2002-10-23,4589.85888672,0.04637450,0.00000000,0.00000000,0.00000000,0.49876122,0.83943607,-0.55010881,-0.26271560
2002-10-24,4574.77880859,-0.00328552,0.00000000,0.00000000,-0.00000000,0.49712253,0.83943607,-0.55158694,-0.26271560
2002-10-25,4564.03906250,-0.00234760,0.00000000,0.00000000,-0.00000000,0.49595548,0.83943607,-0.55263963,-0.26271560
2002-10-28,4601.34912109,0.00817479,0.00000000,0.00000000,0.00000000,0.50000982,0.83943607,-0.54898256,-0.26271560
2002-10-29,4554.10888672,-0.01026661,0.00000000,0.00000000,-0.00000000,0.49487641,0.83943607,-0.55361297,-0.26271560
2002-10-30,4498.70947266,-0.01216471,0.00000000,0.00000000,-0.00000000,0.48885638,0.83943607,-0.55904314,-0.26271560
2002-10-31,4579.11914062,0.01787394,0.00000000,0.00000000,0.00000000,0.49759417,0.83943607,-0.55116151,-0.26271560
2002-11-01,4500.52929688,-0.01716266,0.00000000,0.00000000,-0.00000000,0.48905414,0.83943607,-0.55886477,-0.26271560
2002-11-04,4583.65917969,0.01847113,0.00000000,0.00000000,0.00000000,0.49808752,0.83943607,-0.55071650,-0.26271560
2002-11-05,4566.07910156,-0.00383538,0.00000000,0.00000000,-0.00000000,0.49617717,0.83943607,-0.55243967,-0.26271560
2002-11-06,4725.31884766,0.03487450,0.00000000,0.00000000,0.00000000,0.51348110,0.83943607,-0.53683123,-0.26271560
2002-11-07,4757.95849609,0.00690740,0.00000000,0.00000000,0.00000000,0.51702792,0.83943607,-0.53363194,-0.26271560
2002-11-08,4810.98779297,0.01114539,0.00000000,0.00000000,0.00000000,0.52279039,0.83943607,-0.52843408,-0.26271560
2002-11-11,4664.62890625,-0.03042180,1.00000000,0.00000000,-0.00000000,0.50688617,0.83943607,-0.54277996,-0.26271560
2002-11-12,4676.44921875,0.00253403,1.00000000,1.00000000,0.00253403,0.50817064,0.84156323,-0.54162135,-0.26084730
2002-11-13,4671.74902344,-0.00100508,1.00000000,1.00000000,-0.00100508,0.50765989,0.84071739,-0.54208206,-0.26159020
2002-11-14,4665.53906250,-0.00132926,1.00000000,1.00000000,-0.00132926,0.50698507,0.83959986,-0.54269075,-0.26257174
2002-11-15,4813.50781250,0.03171525,1.00000000,1.00000000,0.03171525,0.52306423,0.86622799,-0.52818707,-0.23918402
2002-11-18,4790.58789062,-0.00476158,1.00000000,1.00000000,-0.00476158,0.52057362,0.86210337,-0.53043365,-0.24280671
2002-11-19,4726.47851562,-0.01338236,1.00000000,1.00000000,-0.01338236,0.51360712,0.85056639,-0.53671756,-0.25293974
2002-11-20,4653.47900391,-0.01544480,1.00000000,1.00000000,-0.01544480,0.50567456,0.83742956,-0.54387286,-0.26447793
2002-11-21,4579.42919922,-0.01591278,1.00000000,1.00000000,-0.01591278,0.49762787,0.82410373,-0.55113111,-0.27618214
2002-11-22,4707.58886719,0.02798595,1.00000000,1.00000000,0.02798595,0.51155446,0.84716705,-0.53856909,-0.25592541
2002-11-25,4723.13916016,0.00330324,1.00000000,1.00000000,0.00330324,0.51324424,0.84996545,-0.53704488,-0.25346755
2002-11-26,4677.86914062,-0.00958473,1.00000000,1.00000000,-0.00958473,0.50832493,0.84181876,-0.54148218,-0.26062287
2002-11-27,4633.00878906,-0.00958991,1.00000000,1.00000000,-0.00958991,0.50345014,0.83374579,-0.54587932,-0.26771343
2002-11-28,4612.57910156,-0.00440959,1.00000000,1.00000000,-0.00440959,0.50123013,0.83006931,-0.54788181,-0.27094251
2002-11-29,4646.66894531,0.00739063,1.00000000,1.00000000,0.00739063,0.50493454,0.83620404,-0.54454037,-0.26555432
2002-12-02,4683.15917969,0.00785299,1.00000000,1.00000000,0.00785299,0.50889978,0.84277074,-0.54096365,-0.25978673
2002-12-03,4793.90820312,0.02364836,1.00000000,1.00000000,0.02364836,0.52093443,0.86270088,-0.53010820,-0.24228190
2002-12-04,4727.46875000,-0.01385914,1.00000000,1.00000000,-0.01385914,0.51371472,0.85074459,-0.53662050,-0.25278322
2002-12-05,4755.37841797,0.00590372,1.00000000,1.00000000,0.00590372,0.51674755,0.85576715,-0.53388483,-0.24837186
2002-12-06,4738.95849609,-0.00345292,1.00000000,1.00000000,-0.00345292,0.51496326,0.85281226,-0.53549429,-0.25096717
2002-12-09,4823.64794922,0.01787090,1.00000000,1.00000000,0.01787090,0.52416612,0.86805278,-0.52719315,-0.23758128
2002-12-10,4754.98828125,-0.01423397,1.00000000,1.00000000,-0.01423397,0.51670516,0.85569694,-0.53392307,-0.24843353
2002-12-11,4699.38916016,-0.01169280,1.00000000,1.00000000,-0.01169280,0.51066343,0.84569145,-0.53937282,-0.25722144
2002-12-12,4669.67919922,-0.00632209,1.00000000,1.00000000,-0.00632209,0.50743497,0.84034491,-0.54228494,-0.26191736
2002-12-13,4588.11914062,-0.01746588,1.00000000,1.00000000,-0.01746588,0.49857217,0.82566755,-0.55027934,-0.27480862
2002-12-16,4582.02880859,-0.00132741,1.00000000,1.00000000,-0.00132741,0.49791036,0.82457155,-0.55087630,-0.27577125
2002-12-17,4545.59912109,-0.00795056,1.00000000,1.00000000,-0.00795056,0.49395169,0.81801574,-0.55444709,-0.28152927
2002-12-18,4535.90917969,-0.00213172,1.00000000,1.00000000,-0.00213172,0.49289872,0.81627196,-0.55539688,-0.28306085
2002-12-19,4549.20898438,0.00293211,1.00000000,1.00000000,0.00293211,0.49434396,0.81866537,-0.55409325,-0.28095870
2002-12-20,4595.64892578,0.01020836,1.00000000,1.00000000,0.01020836,0.49939040,0.82702259,-0.54954128,-0.27361847
2002-12-23,4572.74902344,-0.00498295,1.00000000,1.00000000,-0.00498295,0.49690196,0.82290158,-0.55178589,-0.27723800
2002-12-24,4544.47900391,-0.00618228,1.00000000,1.00000000,-0.00618228,0.49382997,0.81781417,-0.55455688,-0.28170631
2002-12-25,4484.40966797,-0.01321809,1.00000000,1.00000000,-0.01321809,0.48730248,0.80700423,-0.56044479,-0.29120079
2002-12-26,4567.34912109,0.01849507,1.00000000,1.00000000,0.01849507,0.49631517,0.82192982,-0.55231519,-0.27809150
2002-12-27,4547.29882812,-0.00438992,1.00000000,1.00000000,-0.00438992,0.49413639,0.81832162,-0.55428049,-0.28126062
2002-12-30,4457.72949219,-0.01969726,1.00000000,1.00000000,-0.01969726,0.48440326,0.80220292,-0.56305994,-0.29541782
2002-12-31,4452.42968750,-0.00118890,1.00000000,1.00000000,-0.00118890,0.48382735,0.80124918,-0.56357942,-0.29625549
2003-01-02,4524.84960938,0.01626526,1.00000000,1.00000000,0.01626526,0.49169693,0.81428171,-0.55648092,-0.28480891
2003-01-03,4626.29882812,0.02242046,1.00000000,1.00000000,0.02242046,0.50272100,0.83253828,-0.54653702,-0.26877399
2003-01-06,4689.83886719,0.01373453,1.00000000,1.00000000,0.01373453,0.50962564,0.84397280,-0.54030892,-0.25873095
2003-01-07,4701.05908203,0.00239245,1.00000000,1.00000000,0.00239245,0.51084489,0.84599197,-0.53920913,-0.25695750
2003-01-08,4836.90820312,0.02889756,1.00000000,1.00000000,0.02889756,0.52560706,0.87043907,-0.52589340,-0.23548538
2003-01-09,4813.70800781,-0.00479649,1.00000000,1.00000000,-0.00479649,0.52308599,0.86626401,-0.52816745,-0.23915237
2003-01-10,4850.77734375,0.00770079,1.00000000,1.00000000,0.00770079,0.52711416,0.87293493,-0.52453397,-0.23329325
2003-01-13,4991.23681641,0.02895608,1.00000000,1.00000000,0.02895608,0.54237732,0.89821170,-0.51076634,-0.21109243
2003-01-14,4992.39697266,0.00023244,1.00000000,1.00000000,0.00023244,0.54250339,0.89842047,-0.51065262,-0.21090906
2003-01-15,5017.67675781,0.00506366,1.00000000,1.00000000,0.00506366,0.54525044,0.90296977,-0.50817474,-0.20691337
2003-01-16,4943.26757812,-0.01482941,1.00000000,1.00000000,-0.01482941,0.53716470,0.88957926,-0.51546821,-0.21867438
2003-01-17,4907.75732422,-0.00718356,1.00000000,1.00000000,-0.00718356,0.53330594,0.88318892,-0.51894888,-0.22428708
2003-01-20,4951.00732422,0.00881258,1.00000000,1.00000000,0.00881258,0.53800574,0.89097209,-0.51470957,-0.21745104
2003-01-21,4945.84765625,-0.00104215,1.00000000,1.00000000,-0.00104215,0.53744506,0.89004357,-0.51521532,-0.21826657
2003-01-22,4993.24707031,0.00958368,1.00000000,1.00000000,0.00958368,0.54259577,0.89857346,-0.51056930,-0.21077469
2003-01-23,5078.77636719,0.01712899,1.00000000,1.00000000,0.01712899,0.55188988,0.91396512,-0.50218584,-0.19725606
2003-01-24,5057.29638672,-0.00422936,1.00000000,1.00000000,-0.00422936,0.54955574,0.91009963,-0.50429128,-0.20065115
2003-01-27,4972.56689453,-0.01675391,1.00000000,1.00000000,-0.01675391,0.54034854,0.89485190,-0.51259634,-0.21404337
2003-01-28,5015.13671875,0.00856094,1.00000000,1.00000000,0.00856094,0.54497442,0.90251267,-0.50842371,-0.20731485
2003-02-06,4833.55810547,-0.03620611,1.00000000,1.00000000,-0.03620611,0.52524302,0.86983619,-0.52622177,-0.23601490
2003-02-07,4735.34863281,-0.02031826,1.00000000,1.00000000,-0.02031826,0.51457100,0.85216264,-0.53584812,-0.25153774
2003-02-10,4643.84912109,-0.01932266,1.00000000,1.00000000,-0.01932266,0.50462812,0.83569659,-0.54481677,-0.26600002
2003-02-11,4618.95898438,-0.00535981,1.00000000,1.00000000,-0.00535981,0.50192341,0.83121742,-0.54725646,-0.26993412
2003-02-12,4624.84912109,0.00127521,1.00000000,1.00000000,0.00127521,0.50256347,0.83227739,-0.54667912,-0.26900313
2003-02-13,4507.93945312,-0.02527859,1.00000000,1.00000000,-0.02527859,0.48985937,0.81123859,-0.55813843,-0.28748170
2003-02-14,4493.96972656,-0.00309892,1.00000000,1.00000000,-0.00309892,0.48834134,0.80872463,-0.55950772,-0.28968974
2003-02-17,4705.05908203,0.04697169,1.00000000,1.00000000,0.04697169,0.51127955,0.84671180,-0.53881706,-0.25632526
2003-02-18,4605.28906250,-0.02120484,1.00000000,1.00000000,-0.02120484,0.50043795,0.82875741,-0.54859637,-0.27209477
2003-02-19,4550.80908203,-0.01182987,1.00000000,1.00000000,-0.01182987,0.49451784,0.81895332,-0.55393642,-0.28070579
2003-02-20,4550.67919922,-0.00002854,1.00000000,1.00000000,-0.00002854,0.49450372,0.81892994,-0.55394915,-0.28072632
2003-02-21,4548.32910156,-0.00051643,1.00000000,1.00000000,-0.00051643,0.49424835,0.81850702,-0.55417950,-0.28109777
2003-02-24,4609.17919922,0.01337856,1.00000000,1.00000000,0.01337856,0.50086068,0.82945747,-0.54821506,-0.27147990
2003-02-25,4454.32958984,-0.03359592,1.00000000,1.00000000,-0.03359592,0.48403380,0.80159108,-0.56339319,-0.29595520
2003-02-26,4456.66943359,0.00052530,1.00000000,1.00000000,0.00052530,0.48428807,0.80201216,-0.56316384,-0.29558537
2003-02-27,4432.43994141,-0.00543668,1.00000000,1.00000000,-0.00543668,0.48165515,0.79765187,-0.56553878,-0.29941504
2003-03-03,4526.66943359,0.02125906,0.00000000,1.00000000,0.02125906,0.49189468,0.81460920,-0.55630255,-0.28452127
2003-03-04,4499.66943359,-0.00596465,0.00000000,0.00000000,-0.00000000,0.48896070,0.81460920,-0.55894905,-0.28452127
2003-03-05,4418.08984375,-0.01813013,0.00000000,0.00000000,-0.00000000,0.48009578,0.81460920,-0.56694536,-0.28452127
2003-03-06,4397.41992188,-0.00467847,0.00000000,0.00000000,-0.00000000,0.47784966,0.81460920,-0.56897139,-0.28452127
2003-03-07,4350.56982422,-0.01065400,0.00000000,0.00000000,-0.00000000,0.47275865,0.81460920,-0.57356357,-0.28452127
2003-03-10,4319.97021484,-0.00703347,0.00000000,0.00000000,-0.00000000,0.46943352,0.81460920,-0.57656290,-0.28452127
2003-03-11,4260.43017578,-0.01378251,0.00000000,0.00000000,-0.00000000,0.46296355,0.81460920,-0.58239893,-0.28452127
2003-03-12,4328.12988281,0.01589035,0.00000000,0.00000000,0.00000000,0.47032020,0.81460920,-0.57576310,-0.28452127
2003-03-13,4378.97021484,0.01174649,0.00000000,0.00000000,0.00000000,0.47584481,0.81460920,-0.57077981,-0.28452127
2003-03-14,4476.14941406,0.02219225,0.00000000,0.00000000,0.00000000,0.48640488,0.81460920,-0.56125445,-0.28452127
2003-03-17,4357.97021484,-0.02640198,0.00000000,0.00000000,-0.00000000,0.47356282,0.81460920,-0.57283820,-0.28452127
2003-03-18,4539.69921875,0.04170038,0.00000000,0.00000000,0.00000000,0.49331057,0.81460920,-0.55502539,-0.28452127
2003-03-19,4515.04931641,-0.00542985,0.00000000,0.00000000,-0.00000000,0.49063197,0.81460920,-0.55744153,-0.28452127
2003-03-20,4599.22900391,0.01864425,0.00000000,0.00000000,0.00000000,0.49977943,0.81460920,-0.54919037,-0.28452127
2003-03-21,4586.89892578,-0.00268090,0.00000000,0.00000000,-0.00000000,0.49843957,0.81460920,-0.55039894,-0.28452127
2003-03-24,4570.65917969,-0.00354046,0.00000000,0.00000000,-0.00000000,0.49667487,0.81460920,-0.55199074,-0.28452127
2003-03-25,4498.80957031,-0.01571975,0.00000000,0.00000000,-0.00000000,0.48886726,0.81460920,-0.55903333,-0.28452127
2003-03-26,4496.02929688,-0.00061800,0.00000000,0.00000000,-0.00000000,0.48856514,0.81460920,-0.55930585,-0.28452127
2003-03-27,4514.21972656,0.00404589,0.00000000,0.00000000,0.00000000,0.49054182,0.81460920,-0.55752285,-0.28452127
2003-03-28,4476.98925781,-0.00824738,0.00000000,0.00000000,-0.00000000,0.48649614,0.81460920,-0.56117213,-0.28452127
2003-03-31,4321.20019531,-0.03479773,0.00000000,0.00000000,-0.00000000,0.46956718,0.81460920,-0.57644234,-0.28452127
2003-04-01,4337.58984375,0.00379285,0.00000000,0.00000000,0.00000000,0.47134817,0.81460920,-0.57483585,-0.28452127
2003-04-02,4311.54003906,-0.00600559,0.00000000,0.00000000,-0.00000000,0.46851745,0.81460920,-0.57738921,-0.28452127
2003-04-03,4358.37011719,0.01086157,0.00000000,0.00000000,0.00000000,0.47360628,0.81460920,-0.57279900,-0.28452127
2003-04-04,4499.15966797,0.03230326,0.00000000,0.00000000,0.00000000,0.48890531,0.81460920,-0.55899901,-0.28452127
2003-04-07,4575.80908203,0.01703638,0.00000000,0.00000000,0.00000000,0.49723448,0.81460920,-0.55148595,-0.28452127
2003-04-08,4552.42919922,-0.00510945,0.00000000,0.00000000,-0.00000000,0.49469389,0.81460920,-0.55377761,-0.28452127
2003-04-09,4537.36914062,-0.00330814,0.00000000,0.00000000,-0.00000000,0.49305737,0.81460920,-0.55525378,-0.28452127
2003-04-10,4541.33886719,0.00087490,0.00000000,0.00000000,0.00000000,0.49348875,0.81460920,-0.55486467,-0.28452127
2003-04-11,4530.37890625,-0.00241338,0.00000000,0.00000000,-0.00000000,0.49229777,0.81460920,-0.55593895,-0.28452127
2003-04-14,4459.78955078,-0.01558134,0.00000000,0.00000000,-0.00000000,0.48462712,0.81460920,-0.56285802,-0.28452127
2003-04-15,4487.56933594,0.00622895,0.00000000,0.00000000,0.00000000,0.48764583,0.81460920,-0.56013508,-0.28452127
2003-04-16,4609.29882812,0.02712593,0.00000000,0.00000000,0.00000000,0.50087368,0.81460920,-0.54820334,-0.28452127
2003-04-17,4566.63916016,-0.00925513,0.00000000,0.00000000,-0.00000000,0.49623803,0.81460920,-0.55238477,-0.28452127
2003-04-18,4658.27880859,0.02006720,0.00000000,0.00000000,0.00000000,0.50619613,0.81460920,-0.54340239,-0.28452127
2003-04-21,4648.09912109,-0.00218529,1.00000000,0.00000000,-0.00000000,0.50508995,0.81460920,-0.54440019,-0.28452127
2003-04-22,4556.07910156,-0.01979734,1.00000000,1.00000000,-0.01979734,0.49509051,0.79848210,-0.55341986,-0.29868585
2003-04-23,4564.90917969,0.00193809,1.00000000,1.00000000,0.00193809,0.49605004,0.80002963,-0.55255434,-0.29732664
2003-04-24,4374.91992188,-0.04161950,1.00000000,1.00000000,-0.04161950,0.47540468,0.76673279,-0.57117681,-0.32657156
2003-04-25,4233.52001953,-0.03232057,1.00000000,1.00000000,-0.03232057,0.46003933,0.74195155,-0.58503662,-0.34833715
2003-04-28,4139.47998047,-0.02221320,0.00000000,1.00000000,-0.02221320,0.44982038,0.72547043,-0.59425429,-0.36281267
2003-04-29,4200.29980469,0.01469262,0.00000000,0.00000000,0.00000000,0.45642942,0.72547043,-0.58829282,-0.36281267
2003-04-30,4148.04980469,-0.01243959,0.00000000,0.00000000,-0.00000000,0.45075163,0.72547043,-0.59341428,-0.36281267
2003-05-02,4187.79980469,0.00958282,0.00000000,0.00000000,0.00000000,0.45507110,0.72547043,-0.58951805,-0.36281267
2003-05-05,4202.10009766,0.00341475,0.00000000,0.00000000,0.00000000,0.45662506,0.72547043,-0.58811635,-0.36281267
2003-05-06,4220.43017578,0.00436212,0.00000000,0.00000000,0.00000000,0.45861691,0.72547043,-0.58631967,-0.36281267
2003-05-07,4275.89013672,0.01314083,0.00000000,0.00000000,0.00000000,0.46464352,0.72547043,-0.58088356,-0.36281267
2003-05-08,4191.22998047,-0.01979942,0.00000000,0.00000000,-0.00000000,0.45544384,0.72547043,-0.58918183,-0.36281267
2003-05-09,4244.16015625,0.01262879,0.00000000,0.00000000,0.00000000,0.46119555,0.72547043,-0.58399369,-0.36281267
2003-05-12,4261.00000000,0.00396777,0.00000000,0.00000000,0.00000000,0.46302547,0.72547043,-0.58234307,-0.36281267
2003-05-13,4334.56982422,0.01726586,0.00000000,0.00000000,0.00000000,0.47102000,0.72547043,-0.57513187,-0.36281267
2003-05-14,4341.08007812,0.00150194,0.00000000,0.00000000,0.00000000,0.47172744,0.72547043,-0.57449374,-0.36281267
2003-05-15,4331.22021484,-0.00227129,0.00000000,0.00000000,-0.00000000,0.47065601,0.72547043,-0.57546019,-0.36281267
2003-05-16,4283.75000000,-0.01096001,0.00000000,0.00000000,-0.00000000,0.46549762,0.72547043,-0.58011315,-0.36281267
2003-05-19,4255.77978516,-0.00652938,0.00000000,0.00000000,-0.00000000,0.46245821,0.72547043,-0.58285475,-0.36281267
2003-05-20,4251.56982422,-0.00098923,0.00000000,0.00000000,-0.00000000,0.46200073,0.72547043,-0.58326741,-0.36281267
2003-05-21,4216.62011719,-0.00822042,0.00000000,0.00000000,-0.00000000,0.45820289,0.72547043,-0.58669312,-0.36281267
2003-05-22,4271.27978516,0.01296291,0.00000000,0.00000000,0.00000000,0.46414253,0.72547043,-0.58133546,-0.36281267
2003-05-23,4349.50000000,0.01831306,0.00000000,0.00000000,0.00000000,0.47264240,0.72547043,-0.57366843,-0.36281267
2003-05-26,4465.54931641,0.02668107,0.00000000,0.00000000,0.00000000,0.48525301,0.72547043,-0.56229345,-0.36281267
2003-05-27,4451.08935547,-0.00323811,0.00000000,0.00000000,-0.00000000,0.48368170,0.72547043,-0.56371080,-0.36281267
2003-05-28,4474.38964844,0.00523474,0.00000000,0.00000000,0.00000000,0.48621365,0.72547043,-0.56142694,-0.36281267
2003-05-29,4543.01904297,0.01533827,0.00000000,0.00000000,0.00000000,0.49367132,0.72547043,-0.55469998,-0.36281267
2003-05-30,4555.87890625,0.00283069,0.00000000,0.00000000,0.00000000,0.49506875,0.72547043,-0.55343948,-0.36281267
2003-06-02,4692.91894531,0.03007982,1.00000000,0.00000000,0.00000000,0.50996033,0.72547043,-0.54000702,-0.36281267
2003-06-03,4678.05908203,-0.00316644,1.00000000,1.00000000,-0.00316644,0.50834557,0.72317327,-0.54146356,-0.36483029
2003-06-05,4738.31835938,0.01288126,1.00000000,1.00000000,0.01288126,0.51489370,0.73248865,-0.53555703,-0.35664850
2003-06-06,4740.42871094,0.00044538,1.00000000,1.00000000,0.00044538,0.51512303,0.73281489,-0.53535018,-0.35636197
2003-06-09,4826.91796875,0.01824503,1.00000000,1.00000000,0.01824503,0.52452146,0.74618511,-0.52687263,-0.34461877
2003-06-10,4832.17822266,0.00108977,1.00000000,1.00000000,0.00108977,0.52509307,0.74699829,-0.52635703,-0.34390455
2003-06-11,4804.62792969,-0.00570142,1.00000000,1.00000000,-0.00570142,0.52209929,0.74273933,-0.52905747,-0.34764523
2003-06-12,4878.40771484,0.01535598,1.00000000,1.00000000,0.01535598,0.53011664,0.75414483,-0.52182568,-0.33762768
2003-06-13,4881.87744141,0.00071124,1.00000000,1.00000000,0.00071124,0.53049368,0.75468121,-0.52148558,-0.33715658
2003-06-16,4892.33740234,0.00214261,1.00000000,1.00000000,0.00214261,0.53163032,0.75629819,-0.52046031,-0.33573636
2003-06-17,4973.16699219,0.01652167,1.00000000,1.00000000,0.01652167,0.54041375,0.76879350,-0.51253752,-0.32476161
2003-06-18,4999.04687500,0.00520390,1.00000000,1.00000000,0.00520390,0.54322601,0.77279423,-0.51000081,-0.32124774
2003-06-19,5048.88671875,0.00996987,1.00000000,1.00000000,0.00996987,0.54864190,0.78049889,-0.50511558,-0.31448067
2003-06-20,5002.55712891,-0.00917620,1.00000000,1.00000000,-0.00917620,0.54360745,0.77333688,-0.50965674,-0.32077113
2003-06-23,4921.69775391,-0.01616361,1.00000000,1.00000000,-0.01616361,0.53482079,0.76083696,-0.51758246,-0.33174992
2003-06-24,4909.28759766,-0.00252152,1.00000000,1.00000000,-0.00252152,0.53347223,0.75891850,-0.51879888,-0.33343492
2003-06-25,4933.76757812,0.00498646,1.00000000,1.00000000,0.00498646,0.53613237,0.76270282,-0.51639939,-0.33011112
2003-06-26,4893.98730469,-0.00806286,1.00000000,1.00000000,-0.00806286,0.53180961,0.75655325,-0.52029859,-0.33551234
2003-06-27,4877.87744141,-0.00329177,1.00000000,1.00000000,-0.00329177,0.53005902,0.75406285,-0.52187766,-0.33769968
2003-06-30,4872.12744141,-0.00117879,1.00000000,1.00000000,-0.00117879,0.52943419,0.75317397,-0.52244126,-0.33848039
2003-07-01,5017.75634766,0.02989021,1.00000000,1.00000000,0.02989021,0.54525909,0.77568650,-0.50816693,-0.31870744
2003-07-02,5095.21679688,0.01543727,1.00000000,1.00000000,0.01543727,0.55367640,0.78766098,-0.50057438,-0.30819014
2003-07-03,5095.28662109,0.00001370,1.00000000,1.00000000,0.00001370,0.55368399,0.78767177,-0.50056753,-0.30818066
2003-07-04,5151.82617188,0.01109644,1.00000000,1.00000000,0.01109644,0.55982791,0.79641213,-0.49502561,-0.30050393
2003-07-07,5322.23583984,0.03307753,1.00000000,1.00000000,0.03307753,0.57834563,0.82275547,-0.47832230,-0.27736633
2003-07-08,5367.94580078,0.00858849,1.00000000,1.00000000,0.00858849,0.58331275,0.82982170,-0.47384188,-0.27116000
2003-07-09,5358.88574219,-0.00168781,1.00000000,1.00000000,-0.00168781,0.58232823,0.82842112,-0.47472993,-0.27239014
2003-07-10,5282.35595703,-0.01428091,1.00000000,1.00000000,-0.01428091,0.57401205,0.81659051,-0.48223127,-0.28278107
2003-07-11,5239.93603516,-0.00803049,1.00000000,1.00000000,-0.00803049,0.56940245,0.81003288,-0.48638921,-0.28854069
2003-07-14,5349.91601562,0.02098880,1.00000000,1.00000000,0.02098880,0.58135352,0.82703450,-0.47560913,-0.27360801
2003-07-15,5335.83593750,-0.00263183,1.00000000,1.00000000,-0.00263183,0.57982350,0.82485789,-0.47698924,-0.27551975
2003-07-16,5413.84521484,0.01461988,1.00000000,1.00000000,0.01461988,0.58830045,0.83691721,-0.46934289,-0.26492794
2003-07-17,5299.48583984,-0.02112350,1.00000000,1.00000000,-0.02112350,0.57587348,0.81923859,-0.48055223,-0.28045524
2003-07-18,5287.35595703,-0.00228888,1.00000000,1.00000000,-0.00228888,0.57455538,0.81736345,-0.48174118,-0.28210219
2003-07-21,5219.27587891,-0.01287602,1.00000000,1.00000000,-0.01287602,0.56715739,0.80683906,-0.48841429,-0.29134585
2003-07-22,5260.98583984,0.00799152,1.00000000,1.00000000,0.00799152,0.57168984,0.81328694,-0.48432594,-0.28568263
2003-07-23,5287.86621094,0.00510938,1.00000000,1.00000000,0.00510938,0.57461082,0.81744233,-0.48169116,-0.28203291
2003-07-24,5402.72509766,0.02172122,1.00000000,1.00000000,0.02172122,0.58709207,0.83519817,-0.47043287,-0.26643779
2003-07-25,5394.72509766,-0.00148073,1.00000000,1.00000000,-0.00148073,0.58622274,0.83396146,-0.47121701,-0.26752400
2003-07-28,5451.77490234,0.01057511,1.00000000,1.00000000,0.01057511,0.59242211,0.84278069,-0.46562508,-0.25977799
2003-07-29,5342.43603516,-0.02005565,1.00000000,1.00000000,-0.02005565,0.58054070,0.82587818,-0.47634231,-0.27462362
2003-07-30,5307.15625000,-0.00660369,1.00000000,1.00000000,-0.00660369,0.57670699,0.82042434,-0.47980038,-0.27941378
2003-07-31,5318.31591797,0.00210276,1.00000000,1.00000000,0.00210276,0.57791967,0.82214950,-0.47870653,-0.27789856
2003-08-01,5390.48486328,0.01356989,1.00000000,1.00000000,0.01356989,0.58576197,0.83330597,-0.47163264,-0.26809972
2003-08-04,5377.16552734,-0.00247090,1.00000000,1.00000000,-0.00247090,0.58431462,0.83124696,-0.47293818,-0.26990817
2003-08-05,5259.42626953,-0.02189616,1.00000000,1.00000000,-0.02189616,0.57152037,0.81304584,-0.48447881,-0.28589438
2003-08-06,5225.80615234,-0.00639235,1.00000000,1.00000000,-0.00639235,0.56786701,0.80784857,-0.48777420,-0.29045920
2003-08-07,5259.04589844,0.00636069,1.00000000,1.00000000,0.00636069,0.57147904,0.81298704,-0.48451609,-0.28594602
2003-08-08,5232.52587891,-0.00504274,1.00000000,1.00000000,-0.00504274,0.56859722,0.80888736,-0.48711554,-0.28954682
2003-08-11,5214.57617188,-0.00343041,1.00000000,1.00000000,-0.00343041,0.56664670,0.80611254,-0.48887495,-0.29198396
2003-08-12,5255.21630859,0.00779356,1.00000000,1.00000000,0.00779356,0.57106289,0.81239503,-0.48489146,-0.28646599
2003-08-13,5442.24511719,0.03558917,1.00000000,1.00000000,0.03558917,0.59138655,0.84130750,-0.46655917,-0.26107191
2003-08-14,5436.72509766,-0.00101429,1.00000000,1.00000000,-0.00101429,0.59078671,0.84045417,-0.46710024,-0.26182139
2003-08-15,5488.71533203,0.00956279,1.00000000,1.00000000,0.00956279,0.59643628,0.84849125,-0.46200423,-0.25476235
2003-08-18,5516.77490234,0.00511223,1.00000000,1.00000000,0.00511223,0.59948540,0.85282894,-0.45925387,-0.25095253
2003-08-19,5512.13525391,-0.00084101,1.00000000,1.00000000,-0.00084101,0.59898123,0.85211170,-0.45970864,-0.25158248
2003-08-20,5543.58496094,0.00570554,1.00000000,1.00000000,0.00570554,0.60239874,0.85697346,-0.45662599,-0.24731235
2003-08-21,5611.83447266,0.01231144,1.00000000,1.00000000,0.01231144,0.60981513,0.86752403,-0.44993627,-0.23804569
2003-08-22,5646.59472656,0.00619410,1.00000000,1.00000000,0.00619410,0.61359239,0.87289756,-0.44652912,-0.23332607
2003-08-25,5686.82470703,0.00712464,1.00000000,1.00000000,0.00712464,0.61796401,0.87911665,-0.44258584,-0.22786379
2003-08-26,5558.22509766,-0.02261361,1.00000000,1.00000000,-0.02261361,0.60398962,0.85923665,-0.45519099,-0.24532457
2003-08-27,5553.40527344,-0.00086715,1.00000000,1.00000000,-0.00086715,0.60346587,0.85849156,-0.45566342,-0.24597899
2003-08-28,5523.09521484,-0.00545792,1.00000000,1.00000000,-0.00545792,0.60017220,0.85380598,-0.45863436,-0.25009438
2003-08-29,5650.80468750,0.02312281,1.00000000,1.00000000,0.02312281,0.61404987,0.87354837,-0.44611647,-0.23275445
2003-09-01,5691.76464844,0.00724852,1.00000000,1.00000000,0.00724852,0.61850082,0.87988031,-0.44210164,-0.22719306
2003-09-02,5715.92480469,0.00424476,1.00000000,1.00000000,0.00424476,0.62112620,0.88361518,-0.43973349,-0.22391268
2003-09-03,5673.15478516,-0.00748261,1.00000000,1.00000000,-0.00748261,0.61647856,0.87700344,-0.44392575,-0.22971984
2003-09-04,5625.60449219,-0.00838163,1.00000000,1.00000000,-0.00838163,0.61131146,0.86965272,-0.44858656,-0.23617604
2003-09-05,5639.00439453,0.00238195,1.00000000,1.00000000,0.00238195,0.61276758,0.87172419,-0.44727312,-0.23435665
2003-09-08,5726.98437500,0.01560204,1.00000000,1.00000000,0.01560204,0.62232800,0.88532486,-0.43864945,-0.22241105
2003-09-09,5680.66455078,-0.00808800,1.00000000,1.00000000,-0.00808800,0.61729462,0.87816436,-0.44318965,-0.22870019
2003-09-10,5623.40478516,-0.01007977,1.00000000,1.00000000,-0.01007977,0.61107243,0.86931267,-0.44880217,-0.23647471
2003-09-12,5645.25439453,0.00388548,1.00000000,1.00000000,0.00388548,0.61344674,0.87269036,-0.44666050,-0.23350805
2003-09-15,5623.19482422,-0.00390763,1.00000000,1.00000000,-0.00390763,0.61104962,0.86928021,-0.44882275,-0.23650322
2003-09-16,5699.23437500,0.01352248,1.00000000,1.00000000,0.01352248,0.61931252,0.88103504,-0.44136946,-0.22617885
2003-09-17,5747.11425781,0.00840111,1.00000000,1.00000000,0.00840111,0.62451543,0.88843671,-0.43667635,-0.21967789
2003-09-18,5750.78417969,0.00063857,1.00000000,1.00000000,0.00063857,0.62491423,0.88900404,-0.43631663,-0.21917960
2003-09-19,5757.88427734,0.00123463,1.00000000,1.00000000,0.00123463,0.62568577,0.89010163,-0.43562069,-0.21821558
2003-09-22,5675.72460938,-0.01426907,1.00000000,1.00000000,-0.01426907,0.61675781,0.87740070,-0.44367386,-0.22937092
2003-09-23,5683.98437500,0.00145528,1.00000000,1.00000000,0.00145528,0.61765537,0.87867757,-0.44286425,-0.22824944
2003-09-24,5722.33447266,0.00674704,1.00000000,1.00000000,0.00674704,0.62182272,0.88460604,-0.43910523,-0.22304240
2003-09-25,5688.20458984,-0.00596433,1.00000000,1.00000000,-0.00596433,0.61811396,0.87932996,-0.44245059,-0.22767643
2003-09-26,5650.08447266,-0.00670161,1.00000000,1.00000000,-0.00670161,0.61397160,0.87343704,-0.44618707,-0.23285224
2003-09-29,5643.47460938,-0.00116987,1.00000000,1.00000000,-0.00116987,0.61325334,0.87241523,-0.44683495,-0.23374970
2003-09-30,5611.38476562,-0.00568619,1.00000000,1.00000000,-0.00568619,0.60976626,0.86745451,-0.44998035,-0.23810674
2003-10-01,5581.63525391,-0.00530163,1.00000000,1.00000000,-0.00530163,0.60653351,0.86285559,-0.45289636,-0.24214602
2003-10-02,5699.83447266,0.02117645,1.00000000,1.00000000,0.02117645,0.61937773,0.88112781,-0.44131064,-0.22609737
2003-10-03,5747.76416016,0.00840896,1.00000000,1.00000000,0.00840896,0.62458606,0.88853718,-0.43661265,-0.21958965
2003-10-06,5851.17333984,0.01799120,1.00000000,1.00000000,0.01799120,0.63582311,0.90452303,-0.42647663,-0.20554913
2003-10-07,5856.65332031,0.00093656,1.00000000,1.00000000,0.00093656,0.63641860,0.90537017,-0.42593949,-0.20480508
2003-10-08,5821.77294922,-0.00595568,1.00000000,1.00000000,-0.00595568,0.63262829,0.89997807,-0.42935841,-0.20954101
2003-10-09,5869.85302734,0.00825867,1.00000000,1.00000000,0.00825867,0.63785295,0.90741069,-0.42464568,-0.20301287
2003-10-13,5972.44287109,0.01747741,1.00000000,1.00000000,0.01747741,0.64900097,0.92326988,-0.41458997,-0.18908360
2003-10-14,5938.39257812,-0.00570123,1.00000000,1.00000000,-0.00570123,0.64530087,0.91800610,-0.41792753,-0.19370682
2003-10-15,5924.35253906,-0.00236428,1.00000000,1.00000000,-0.00236428,0.64377519,0.91583568,-0.41930371,-0.19561313
2003-10-16,6035.71240234,0.01879697,1.00000000,1.00000000,0.01879697,0.65587622,0.93305061,-0.40838838,-0.18049309
2003-10-17,6042.68212891,0.00115475,1.00000000,1.00000000,0.00115475,0.65663359,0.93412805,-0.40770522,-0.17954677
2003-10-20,6077.86230469,0.00582195,1.00000000,1.00000000,0.00582195,0.66045647,0.93956649,-0.40425691,-0.17477013
2003-10-21,6061.43212891,-0.00270328,1.00000000,1.00000000,-0.00270328,0.65867107,0.93702658,-0.40586738,-0.17700096
2003-10-22,6041.83203125,-0.00323358,1.00000000,1.00000000,-0.00323358,0.65654121,0.93399663,-0.40778855,-0.17966219
2003-10-23,5952.20263672,-0.01483480,1.00000000,1.00000000,-0.01483480,0.64680155,0.92014097,-0.41657389,-0.19183174
2003-10-24,5918.11279297,-0.00572727,1.00000000,1.00000000,-0.00572727,0.64309715,0.91487108,-0.41991533,-0.19646034
2003-10-27,5958.52246094,0.00682813,1.00000000,1.00000000,0.00682813,0.64748830,0.92111795,-0.41595443,-0.19097366
2003-10-28,6075.42236328,0.01961894,1.00000000,1.00000000,0.01961894,0.66019133,0.93918930,-0.40449607,-0.17510142
2003-10-29,6095.84228516,0.00336107,1.00000000,1.00000000,0.00336107,0.66241028,0.94234599,-0.40249454,-0.17232888
2003-10-30,6108.10205078,0.00201117,1.00000000,1.00000000,0.00201117,0.66374250,0.94424120,-0.40129286,-0.17066429
2003-10-31,6045.09228516,-0.01031577,1.00000000,1.00000000,-0.01031577,0.65689549,0.93450063,-0.40746898,-0.17921953
2003-11-03,6087.42236328,0.00700239,1.00000000,1.00000000,0.00700239,0.66149533,0.94104436,-0.40331985,-0.17347210
2003-11-04,6108.96240234,0.00353845,1.00000000,1.00000000,0.00353845,0.66383599,0.94437420,-0.40120853,-0.17054748
2003-11-05,6142.29199219,0.00545585,1.00000000,1.00000000,0.00545585,0.66745778,0.94952657,-0.39794161,-0.16602211
2003-11-06,6013.37207031,-0.02098890,1.00000000,1.00000000,-0.02098890,0.65344858,0.92959705,-0.41057815,-0.18352638
2003-11-07,6056.80224609,0.00722227,1.00000000,1.00000000,0.00722227,0.65816796,0.93631085,-0.40632119,-0.17762959
2003-11-10,6059.00195312,0.00036318,1.00000000,1.00000000,0.00036318,0.65840700,0.93665090,-0.40610558,-0.17733092
2003-11-11,6022.05224609,-0.00609832,1.00000000,1.00000000,-0.00609832,0.65439182,0.93093891,-0.40972733,-0.18234782
2003-11-12,5982.72265625,-0.00653093,1.00000000,1.00000000,-0.00653093,0.65011804,0.92485901,-0.41358236,-0.18768785
2003-11-13,6035.41210938,0.00880694,1.00000000,1.00000000,0.00880694,0.65584358,0.93300419,-0.40841782,-0.18053387
2003-11-14,6044.74218750,0.00154589,1.00000000,1.00000000,0.00154589,0.65685745,0.93444651,-0.40750330,-0.17926706
2003-11-17,5952.29248047,-0.01529423,1.00000000,1.00000000,-0.01529423,0.64681131,0.92015486,-0.41656508,-0.19181954
2003-11-18,5939.44287109,-0.00215877,1.00000000,1.00000000,-0.00215877,0.64541500,0.91816846,-0.41782458,-0.19356422
2003-11-19,5865.48291016,-0.01245234,1.00000000,1.00000000,-0.01245234,0.63737807,0.90673512,-0.42507403,-0.20360623
2003-11-20,5834.21337891,-0.00533111,1.00000000,1.00000000,-0.00533111,0.63398014,0.90190121,-0.42813902,-0.20785189
2003-11-21,5830.03320312,-0.00071649,1.00000000,1.00000000,-0.00071649,0.63352590,0.90125501,-0.42854876,-0.20841946
2003-11-24,5821.55322266,-0.00145453,0.00000000,1.00000000,-0.00145453,0.63260441,0.89994410,-0.42937995,-0.20957084
2003-11-25,5861.15332031,0.00680233,0.00000000,0.00000000,0.00000000,0.63690759,0.89994410,-0.42549841,-0.20957084
2003-11-26,5860.58300781,-0.00009730,0.00000000,0.00000000,-0.00000000,0.63684562,0.89994410,-0.42555431,-0.20957084
2003-11-27,5740.54394531,-0.02048244,0.00000000,0.00000000,-0.00000000,0.62380146,0.89994410,-0.43732036,-0.20957084
2003-11-28,5771.74414062,0.00543506,0.00000000,0.00000000,0.00000000,0.62719186,0.89994410,-0.43426216,-0.20957084
2003-12-01,5870.14306641,0.01704839,0.00000000,0.00000000,0.00000000,0.63788447,0.89994410,-0.42461725,-0.20957084
2003-12-02,5911.42333984,0.00703224,0.00000000,0.00000000,0.00000000,0.64237023,0.89994410,-0.42057102,-0.20957084
2003-12-03,5884.94335938,-0.00447946,0.00000000,0.00000000,-0.00000000,0.63949276,0.89994410,-0.42316654,-0.20957084
2003-12-04,5920.43261719,0.00603052,0.00000000,0.00000000,0.00000000,0.64334923,0.89994410,-0.41968794,-0.20957084
2003-12-05,5900.02294922,-0.00344733,0.00000000,0.00000000,-0.00000000,0.64113140,0.89994410,-0.42168846,-0.20957084
2003-12-08,5847.12304688,-0.00896605,0.00000000,0.00000000,-0.00000000,0.63538298,0.89994410,-0.42687364,-0.20957084
2003-12-09,5859.53320312,0.00212244,0.00000000,0.00000000,0.00000000,0.63673154,0.89994410,-0.42565721,-0.20957084
2003-12-10,5803.39355469,-0.00958091,0.00000000,0.00000000,-0.00000000,0.63063108,0.89994410,-0.43115994,-0.20957084
2003-12-11,5867.02294922,0.01096417,0.00000000,0.00000000,0.00000000,0.63754542,0.89994410,-0.42492308,-0.20957084
2003-12-12,5858.29296875,-0.00148797,0.00000000,0.00000000,-0.00000000,0.63659677,0.89994410,-0.42577878,-0.20957084
2003-12-15,5924.21289062,0.01125241,0.00000000,0.00000000,0.00000000,0.64376002,0.89994410,-0.41931740,-0.20957084
2003-12-16,5887.20312500,-0.00624720,0.00000000,0.00000000,-0.00000000,0.63973832,0.89994410,-0.42294505,-0.20957084
2003-12-17,5751.98388672,-0.02296833,0.00000000,0.00000000,-0.00000000,0.62504460,0.89994410,-0.43619904,-0.20957084
2003-12-18,5768.73388672,0.00291204,0.00000000,0.00000000,0.00000000,0.62686475,0.89994410,-0.43455722,-0.20957084
2003-12-19,5759.20410156,-0.00165197,0.00000000,0.00000000,-0.00000000,0.62582919,0.89994410,-0.43549132,-0.20957084
2003-12-22,5835.08300781,0.01317524,0.00000000,0.00000000,0.00000000,0.63407464,0.89994410,-0.42805378,-0.20957084
2003-12-23,5845.48291016,0.00178231,0.00000000,0.00000000,0.00000000,0.63520475,0.89994410,-0.42703440,-0.20957084
2003-12-24,5857.84326172,0.00211451,0.00000000,0.00000000,0.00000000,0.63654790,0.89994410,-0.42582286,-0.20957084
2003-12-25,5853.67333984,-0.00071185,0.00000000,0.00000000,-0.00000000,0.63609477,0.89994410,-0.42623159,-0.20957084
2003-12-26,5857.18310547,0.00059958,0.00000000,0.00000000,0.00000000,0.63647617,0.89994410,-0.42588756,-0.20957084
2003-12-29,5804.86376953,-0.00893251,0.00000000,0.00000000,-0.00000000,0.63079084,0.89994410,-0.43101583,-0.20957084
2003-12-30,5866.72314453,0.01065647,0.00000000,0.00000000,0.00000000,0.63751284,0.89994410,-0.42495246,-0.20957084
2003-12-31,5890.66308594,0.00408063,0.00000000,0.00000000,0.00000000,0.64011430,0.89994410,-0.42260590,-0.20957084
2004-01-02,6041.53222656,0.02561157,0.00000000,0.00000000,0.00000000,0.65650863,0.89994410,-0.40781793,-0.20957084
2004-01-05,6125.39208984,0.01388056,0.00000000,0.00000000,0.00000000,0.66562134,0.89994410,-0.39959811,-0.20957084
2004-01-06,6143.98144531,0.00303480,0.00000000,0.00000000,0.00000000,0.66764137,0.89994410,-0.39777601,-0.20957084
2004-01-07,6141.22216797,-0.00044910,0.00000000,0.00000000,-0.00000000,0.66734153,0.89994410,-0.39804647,-0.20957084
2004-01-08,6169.14111328,0.00454615,0.00000000,0.00000000,0.00000000,0.67037537,0.89994410,-0.39530990,-0.20957084
2004-01-09,6226.95117188,0.00937084,0.00000000,0.00000000,0.00000000,0.67665735,0.89994410,-0.38964344,-0.20957084
2004-01-12,6219.68115234,-0.00116751,0.00000000,0.00000000,-0.00000000,0.67586735,0.89994410,-0.39035604,-0.20957084
2004-01-13,6210.19140625,-0.00152576,0.00000000,0.00000000,-0.00000000,0.67483614,0.89994410,-0.39128621,-0.20957084
2004-01-14,6274.94091797,0.01042633,0.00000000,0.00000000,0.00000000,0.68187220,0.89994410,-0.38493956,-0.20957084
2004-01-15,6264.34082031,-0.00168927,0.00000000,0.00000000,-0.00000000,0.68072033,0.89994410,-0.38597857,-0.20957084
2004-01-16,6269.68066406,0.00085242,0.00000000,0.00000000,0.00000000,0.68130059,0.89994410,-0.38545516,-0.20957084
2004-01-27,6384.60009766,0.01832939,0.00000000,0.00000000,0.00000000,0.69378842,0.89994410,-0.37419093,-0.20957084
2004-01-28,6386.22021484,0.00025375,0.00000000,0.00000000,0.00000000,0.69396447,0.89994410,-0.37403213,-0.20957084
2004-01-29,6312.62060547,-0.01152475,0.00000000,0.00000000,-0.00000000,0.68596670,0.89994410,-0.38124625,-0.20957084
2004-01-30,6375.35009766,0.00993716,0.00000000,0.00000000,0.00000000,0.69278326,0.89994410,-0.37509760,-0.20957084
2004-02-02,6319.93066406,-0.00869277,1.00000000,0.00000000,-0.00000000,0.68676105,0.89994410,-0.38052973,-0.20957084
2004-02-03,6252.20068359,-0.01071689,1.00000000,1.00000000,-0.01071689,0.67940111,0.89029950,-0.38716852,-0.21804178
2004-02-04,6241.36132812,-0.00173369,1.00000000,1.00000000,-0.00173369,0.67822324,0.88875600,-0.38823098,-0.21939745
2004-02-05,6268.11083984,0.00428585,1.00000000,1.00000000,0.00428585,0.68113000,0.89256507,-0.38560903,-0.21605191
2004-02-06,6353.32031250,0.01359412,1.00000000,1.00000000,0.01359412,0.69038937,0.90469871,-0.37725693,-0.20539482
2004-02-09,6463.06005859,0.01727282,1.00000000,1.00000000,0.01727282,0.70231434,0.92032541,-0.36650040,-0.19166975
2004-02-10,6488.30957031,0.00390674,1.00000000,1.00000000,0.00390674,0.70505810,0.92392088,-0.36402548,-0.18851181
2004-02-11,6454.36035156,-0.00523237,1.00000000,1.00000000,-0.00523237,0.70136898,0.91908659,-0.36735313,-0.19275782
2004-02-12,6436.92041016,-0.00270204,1.00000000,1.00000000,-0.00270204,0.69947385,0.91660318,-0.36906257,-0.19493902
2004-02-13,6549.14990234,0.01743528,1.00000000,1.00000000,0.01743528,0.71166937,0.93258441,-0.35806200,-0.18090256
2004-02-16,6565.33984375,0.00247207,1.00000000,1.00000000,0.00247207,0.71342867,0.93488982,-0.35647509,-0.17887769
2004-02-17,6600.43994141,0.00534627,1.00000000,1.00000000,0.00534627,0.71724285,0.93988800,-0.35303463,-0.17448775
2004-02-18,6605.81982422,0.00081508,1.00000000,1.00000000,0.00081508,0.71782746,0.94065408,-0.35250730,-0.17381489
2004-02-19,6681.48925781,0.01145496,1.00000000,1.00000000,0.01145496,0.72605015,0.95142924,-0.34509029,-0.16435097
2004-02-20,6665.50927734,-0.00239168,1.00000000,1.00000000,-0.00239168,0.72431367,0.94915373,-0.34665663,-0.16634957
2004-02-23,6665.85937500,0.00005252,1.00000000,1.00000000,0.00005252,0.72435171,0.94920358,-0.34662231,-0.16630579
2004-02-24,6589.19970703,-0.01150034,1.00000000,1.00000000,-0.01150034,0.71602142,0.93828742,-0.35413638,-0.17589356
2004-02-25,6644.24902344,0.00835448,1.00000000,1.00000000,0.00835448,0.72200340,0.94612632,-0.34874052,-0.16900858
2004-02-26,6693.21875000,0.00737024,1.00000000,1.00000000,0.00737024,0.72732474,0.95309950,-0.34394058,-0.16288397
2004-02-27,6750.50878906,0.00855942,1.00000000,1.00000000,0.00855942,0.73355022,0.96125747,-0.33832510,-0.15571875
2004-03-01,6888.39843750,0.02042656,1.00000000,1.00000000,0.02042656,0.74853412,0.98089265,-0.32480936,-0.13847299
2004-03-02,6975.22802734,0.01260519,1.00000000,1.00000000,0.01260519,0.75796954,0.99325699,-0.31629845,-0.12761327
2004-03-03,6932.13818359,-0.00617755,1.00000000,1.00000000,-0.00617755,0.75328714,0.98712109,-0.32052205,-0.13300249
2004-03-04,7034.06835938,0.01470400,1.00000000,1.00000000,0.01470400,0.76436348,1.00163573,-0.31053101,-0.12025416
2004-03-05,6943.64843750,-0.01285457,1.00000000,1.00000000,-0.01285457,0.75453792,0.98876013,-0.31939384,-0.13156291
2004-03-08,6901.44824219,-0.00607752,1.00000000,1.00000000,-0.00607752,0.74995219,0.98275091,-0.32353024,-0.13684086
2004-03-09,6973.86816406,0.01049344,1.00000000,1.00000000,0.01049344,0.75782177,0.99306335,-0.31643174,-0.12778335
2004-03-10,6874.87841797,-0.01419438,1.00000000,1.00000000,-0.01419438,0.74706496,0.97896743,-0.32613457,-0.14016393
2004-03-11,6879.07812500,0.00061088,1.00000000,1.00000000,0.00061088,0.74752132,0.97956546,-0.32572292,-0.13963867
2004-03-12,6800.20898438,-0.01146507,1.00000000,1.00000000,-0.01146507,0.73895094,0.96833467,-0.33345356,-0.14950278
2004-03-15,6635.94921875,-0.02415511,1.00000000,1.00000000,-0.02415511,0.72110150,0.94494444,-0.34955406,-0.17004663
2004-03-16,6589.68994141,-0.00697101,1.00000000,1.00000000,-0.00697101,0.71607469,0.93835722,-0.35408832,-0.17583224
2004-03-17,6577.94970703,-0.00178161,1.00000000,1.00000000,-0.00178161,0.71479893,0.93668544,-0.35523909,-0.17730059
2004-03-18,6786.99853516,0.03178024,1.00000000,1.00000000,0.03178024,0.73751541,0.96645353,-0.33474843,-0.15115500
2004-03-19,6815.05859375,0.00413438,1.00000000,1.00000000,0.00413438,0.74056458,0.97044922,-0.33199802,-0.14764555
2004-03-22,6359.89013672,-0.06678863,1.00000000,1.00000000,-0.06678863,0.69110329,0.90563424,-0.37661296,-0.20457314
2004-03-23,6172.86132812,-0.02940755,1.00000000,1.00000000,-0.02940755,0.67077963,0.87900176,-0.39494525,-0.22796470
2004-03-24,6213.53125000,0.00658850,1.00000000,1.00000000,0.00658850,0.67519906,0.88479306,-0.39095884,-0.22287814
2004-03-25,6156.70117188,-0.00914618,1.00000000,1.00000000,-0.00914618,0.66902357,0.87670058,-0.39652924,-0.22998584
2004-03-26,6132.59228516,-0.00391588,1.00000000,1.00000000,-0.00391588,0.66640376,0.87326753,-0.39889236,-0.23300112
2004-03-29,6474.08007812,0.05568409,0.00000000,1.00000000,0.05568409,0.70351184,0.92189464,-0.36542023,-0.19029149
2004-03-30,6494.67968750,0.00318186,0.00000000,0.00000000,0.00000000,0.70575032,0.92189464,-0.36340109,-0.19029149
2004-03-31,6522.15966797,0.00423115,0.00000000,0.00000000,0.00000000,0.70873645,0.92189464,-0.36070754,-0.19029149
2004-04-01,6523.45996094,0.00019937,0.00000000,0.00000000,0.00000000,0.70887775,0.92189464,-0.36058009,-0.19029149
2004-04-02,6545.50976562,0.00338008,0.00000000,0.00000000,0.00000000,0.71127381,0.92189464,-0.35841880,-0.19029149
2004-04-05,6682.69921875,0.02095932,0.00000000,0.00000000,0.00000000,0.72618163,0.92189464,-0.34497169,-0.19029149
2004-04-06,6635.50927734,-0.00706151,0.00000000,0.00000000,-0.00000000,0.72105369,0.92189464,-0.34959718,-0.19029149
2004-04-07,6646.70947266,0.00168792,0.00000000,0.00000000,0.00000000,0.72227077,0.92189464,-0.34849935,-0.19029149
2004-04-08,6672.82910156,0.00392971,0.00000000,0.00000000,0.00000000,0.72510909,0.92189464,-0.34593915,-0.19029149
2004-04-09,6620.32910156,-0.00786773,0.00000000,0.00000000,-0.00000000,0.71940412,0.92189464,-0.35108512,-0.19029149
2004-04-12,6777.74853516,0.02377819,0.00000000,0.00000000,0.00000000,0.73651025,0.92189464,-0.33565510,-0.19029149
2004-04-13,6794.29882812,0.00244186,0.00000000,0.00000000,0.00000000,0.73830870,0.92189464,-0.33403286,-0.19029149
2004-04-14,6880.14843750,0.01263554,0.00000000,0.00000000,0.00000000,0.74763763,0.92189464,-0.32561801,-0.19029149
2004-04-15,6736.75878906,-0.02084107,0.00000000,0.00000000,-0.00000000,0.73205606,0.92189464,-0.33967285,-0.19029149
2004-04-16,6818.16894531,0.01208447,0.00000000,0.00000000,0.00000000,0.74090257,0.92189464,-0.33169315,-0.19029149
2004-04-19,6779.14892578,-0.00572295,0.00000000,0.00000000,-0.00000000,0.73666243,0.92189464,-0.33551784,-0.19029149
2004-04-20,6799.93896484,0.00306676,0.00000000,0.00000000,0.00000000,0.73892159,0.92189464,-0.33348003,-0.19029149
2004-04-21,6810.21875000,0.00151175,0.00000000,0.00000000,0.00000000,0.74003866,0.92189464,-0.33247242,-0.19029149
2004-04-22,6732.05859375,-0.01147689,0.00000000,0.00000000,-0.00000000,0.73154531,0.92189464,-0.34013356,-0.19029149
2004-04-23,6748.06884766,0.00237821,0.00000000,0.00000000,0.00000000,0.73328508,0.92189464,-0.33856426,-0.19029149
2004-04-26,6710.66894531,-0.00554231,0.00000000,0.00000000,-0.00000000,0.72922099,0.92189464,-0.34223014,-0.19029149
2004-04-27,6646.76904297,-0.00952214,0.00000000,0.00000000,-0.00000000,0.72227724,0.92189464,-0.34849352,-0.19029149
2004-04-28,6574.71972656,-0.01083975,0.00000000,0.00000000,-0.00000000,0.71444794,0.92189464,-0.35555568,-0.19029149
2004-04-29,6402.18017578,-0.02624288,0.00000000,0.00000000,-0.00000000,0.69569877,0.92189464,-0.37246776,-0.19029149
2004-04-30,6117.78222656,-0.04442205,0.00000000,0.00000000,-0.00000000,0.66479441,0.92189464,-0.40034402,-0.19029149
2004-05-03,6029.74218750,-0.01439084,0.00000000,0.00000000,-0.00000000,0.65522746,0.92189464,-0.40897358,-0.19029149
2004-05-04,6188.12109375,0.02626628,0.00000000,0.00000000,0.00000000,0.67243785,0.92189464,-0.39344951,-0.19029149
2004-05-05,5854.20312500,-0.05396112,0.00000000,0.00000000,-0.00000000,0.63615234,0.92189464,-0.42617966,-0.19029149
2004-05-06,5909.76318359,0.00949063,0.00000000,0.00000000,0.00000000,0.64218983,0.92189464,-0.42073374,-0.19029149
2004-05-07,6040.23193359,0.02207682,0.00000000,0.00000000,0.00000000,0.65636733,0.92189464,-0.40794539,-0.19029149
2004-05-10,5825.02294922,-0.03562926,0.00000000,0.00000000,-0.00000000,0.63298145,0.92189464,-0.42903985,-0.19029149
2004-05-11,5886.33300781,0.01052529,0.00000000,0.00000000,0.00000000,0.63964377,0.92189464,-0.42303033,-0.19029149
2004-05-12,5958.76269531,0.01230472,0.00000000,0.00000000,0.00000000,0.64751441,0.92189464,-0.41593088,-0.19029149
2004-05-13,5918.06250000,-0.00683031,0.00000000,0.00000000,-0.00000000,0.64309168,0.92189464,-0.41992025,-0.19029149
2004-05-14,5777.29394531,-0.02378626,0.00000000,0.00000000,-0.00000000,0.62779494,0.92189464,-0.43371818,-0.19029149
2004-05-17,5482.93505859,-0.05095100,0.00000000,0.00000000,-0.00000000,0.59580816,0.92189464,-0.46257080,-0.19029149
2004-05-18,5557.65527344,0.01362778,0.00000000,0.00000000,0.00000000,0.60392770,0.92189464,-0.45524684,-0.19029149
2004-05-19,5860.55322266,0.05450103,0.00000000,0.00000000,0.00000000,0.63684238,0.92189464,-0.42555723,-0.19029149
2004-05-20,5815.30371094,-0.00772103,0.00000000,0.00000000,-0.00000000,0.63192530,0.92189464,-0.42999252,-0.19029149
2004-05-21,5964.91259766,0.02572675,0.00000000,0.00000000,0.00000000,0.64818269,0.92189464,-0.41532808,-0.19029149
2004-05-24,5942.05273438,-0.00383239,0.00000000,0.00000000,-0.00000000,0.64569860,0.92189464,-0.41756877,-0.19029149
2004-05-25,5958.35253906,0.00274313,0.00000000,0.00000000,0.00000000,0.64746984,0.92189464,-0.41597108,-0.19029149
2004-05-26,6027.24218750,0.01156186,0.00000000,0.00000000,0.00000000,0.65495579,0.92189464,-0.40921862,-0.19029149
2004-05-27,6033.02197266,0.00095894,0.00000000,0.00000000,0.00000000,0.65558386,0.92189464,-0.40865210,-0.19029149
2004-05-28,6137.23193359,0.01727326,0.00000000,0.00000000,0.00000000,0.66690793,0.92189464,-0.39843759,-0.19029149
2004-05-31,5977.81250000,-0.02597579,0.00000000,0.00000000,-0.00000000,0.64958447,0.92189464,-0.41406365,-0.19029149
2004-06-01,5986.17285156,0.00139856,0.00000000,0.00000000,0.00000000,0.65049295,0.92189464,-0.41324418,-0.19029149
2004-06-02,5875.64306641,-0.01846418,0.00000000,0.00000000,-0.00000000,0.63848213,0.92189464,-0.42407814,-0.19029149
2004-06-03,5671.42480469,-0.03475675,0.00000000,0.00000000,-0.00000000,0.61629057,0.92189464,-0.44409532,-0.19029149
2004-06-04,5724.86474609,0.00942267,0.00000000,0.00000000,0.00000000,0.62209767,0.92189464,-0.43885721,-0.19029149
2004-06-07,5935.79248047,0.03684414,0.00000000,0.00000000,0.00000000,0.64501833,0.92189464,-0.41818239,-0.19029149
2004-06-08,5986.73193359,0.00858174,0.00000000,0.00000000,0.00000000,0.65055371,0.92189464,-0.41318938,-0.19029149
2004-06-09,5965.67285156,-0.00351763,0.00000000,0.00000000,-0.00000000,0.64826530,0.92189464,-0.41525356,-0.19029149
2004-06-10,5867.48291016,-0.01645916,0.00000000,0.00000000,-0.00000000,0.63759540,0.92189464,-0.42487799,-0.19029149
2004-06-11,5735.04394531,-0.02257168,0.00000000,0.00000000,-0.00000000,0.62320380,0.92189464,-0.43785946,-0.19029149
2004-06-14,5574.05517578,-0.02807106,0.00000000,0.00000000,-0.00000000,0.60570981,0.92189464,-0.45363934,-0.19029149
2004-06-15,5646.46484375,0.01299048,0.00000000,0.00000000,0.00000000,0.61357827,0.92189464,-0.44654186,-0.19029149
2004-06-16,5560.13525391,-0.01528914,0.00000000,0.00000000,-0.00000000,0.60419719,0.92189464,-0.45500375,-0.19029149
2004-06-17,5664.32470703,0.01873865,0.00000000,0.00000000,0.00000000,0.61551903,0.92189464,-0.44479126,-0.19029149
2004-06-18,5569.26513672,-0.01678215,0.00000000,0.00000000,-0.00000000,0.60518930,0.92189464,-0.45410886,-0.19029149
2004-06-21,5556.51513672,-0.00228935,0.00000000,0.00000000,-0.00000000,0.60380381,0.92189464,-0.45535859,-0.19029149
2004-06-23,5729.27441406,0.03109130,0.00000000,0.00000000,0.00000000,0.62257685,0.92189464,-0.43842498,-0.19029149
2004-06-24,5779.06396484,0.00869038,0.00000000,0.00000000,0.00000000,0.62798728,0.92189464,-0.43354469,-0.19029149
2004-06-25,5802.52392578,0.00405947,0.00000000,0.00000000,0.00000000,0.63053658,0.92189464,-0.43124518,-0.19029149
2004-06-28,5709.81445312,-0.01597744,0.00000000,0.00000000,-0.00000000,0.62046222,0.92189464,-0.44033242,-0.19029149
2004-06-29,5741.49414062,0.00554829,0.00000000,0.00000000,0.00000000,0.62390472,0.92189464,-0.43722722,-0.19029149
2004-06-30,5839.41308594,0.01705461,0.00000000,0.00000000,0.00000000,0.63454517,0.92189464,-0.42762935,-0.19029149
2004-07-01,5836.88330078,-0.00043323,0.00000000,0.00000000,-0.00000000,0.63427027,0.92189464,-0.42787732,-0.19029149
2004-07-02,5746.67431641,-0.01545499,0.00000000,0.00000000,-0.00000000,0.62446763,0.92189464,-0.43671947,-0.19029149
2004-07-05,5659.75439453,-0.01512526,0.00000000,0.00000000,-0.00000000,0.61502239,0.92189464,-0.44523923,-0.19029149
2004-07-06,5733.54443359,0.01303768,0.00000000,0.00000000,0.00000000,0.62304086,0.92189464,-0.43800644,-0.19029149
2004-07-07,5727.75439453,-0.00100985,0.00000000,0.00000000,-0.00000000,0.62241168,0.92189464,-0.43857397,-0.19029149
2004-07-08,5713.36474609,-0.00251227,0.00000000,0.00000000,-0.00000000,0.62084801,0.92189464,-0.43998443,-0.19029149
2004-07-09,5777.69433594,0.01125949,0.00000000,0.00000000,0.00000000,0.62783845,0.92189464,-0.43367893,-0.19029149
2004-07-12,5758.71435547,-0.00328504,0.00000000,0.00000000,-0.00000000,0.62577597,0.92189464,-0.43553932,-0.19029149
2004-07-13,5685.54443359,-0.01270595,0.00000000,0.00000000,-0.00000000,0.61782489,0.92189464,-0.44271133,-0.19029149
2004-07-14,5623.62451172,-0.01089076,0.00000000,0.00000000,-0.00000000,0.61109631,0.92189464,-0.44878063,-0.19029149
2004-07-15,5542.77490234,-0.01437678,0.00000000,0.00000000,-0.00000000,0.60231071,0.92189464,-0.45670539,-0.19029149
2004-07-16,5502.11523438,-0.00733562,0.00000000,0.00000000,-0.00000000,0.59789239,0.92189464,-0.46069079,-0.19029149
2004-07-19,5489.07519531,-0.00237000,0.00000000,0.00000000,-0.00000000,0.59647538,0.92189464,-0.46196896,-0.19029149
2004-07-20,5325.65625000,-0.02977167,0.00000000,0.00000000,-0.00000000,0.57871731,0.92189464,-0.47798704,-0.19029149
2004-07-21,5409.10498047,0.01566919,0.00000000,0.00000000,0.00000000,0.58778535,0.92189464,-0.46980752,-0.19029149
2004-07-22,5387.93554688,-0.00391367,0.00000000,0.00000000,-0.00000000,0.58548495,0.92189464,-0.47188252,-0.19029149
2004-07-23,5373.82568359,-0.00261879,0.00000000,0.00000000,-0.00000000,0.58395169,0.92189464,-0.47326554,-0.19029149
2004-07-26,5331.68603516,-0.00784165,0.00000000,0.00000000,-0.00000000,0.57937255,0.92189464,-0.47739601,-0.19029149
2004-07-27,5398.58496094,0.01254742,0.00000000,0.00000000,0.00000000,0.58664218,0.92189464,-0.47083868,-0.19029149
2004-07-28,5383.54541016,-0.00278583,0.00000000,0.00000000,-0.00000000,0.58500789,0.92189464,-0.47231283,-0.19029149
2004-07-29,5349.63623047,-0.00629867,0.00000000,0.00000000,-0.00000000,0.58132312,0.92189464,-0.47563656,-0.19029149
2004-07-30,5420.54492188,0.01325486,0.00000000,0.00000000,0.00000000,0.58902848,0.92189464,-0.46868619,-0.19029149
2004-08-02,5350.37597656,-0.01294500,0.00000000,0.00000000,-0.00000000,0.58140351,0.92189464,-0.47556405,-0.19029149
2004-08-03,5367.19580078,0.00314367,0.00000000,0.00000000,0.00000000,0.58323125,0.92189464,-0.47391539,-0.19029149
2004-08-04,5316.84619141,-0.00938099,0.00000000,0.00000000,-0.00000000,0.57775996,0.92189464,-0.47885059,-0.19029149
2004-08-05,5427.58496094,0.02082791,0.00000000,0.00000000,0.00000000,0.58979349,0.92189464,-0.46799614,-0.19029149
2004-08-06,5399.13525391,-0.00524169,0.00000000,0.00000000,-0.00000000,0.58670198,0.92189464,-0.47078474,-0.19029149
2004-08-09,5399.42529297,0.00005372,0.00000000,0.00000000,0.00000000,0.58673349,0.92189464,-0.47075631,-0.19029149
2004-08-10,5393.70507812,-0.00105941,0.00000000,0.00000000,-0.00000000,0.58611190,0.92189464,-0.47131699,-0.19029149
2004-08-11,5367.31542969,-0.00489268,0.00000000,0.00000000,-0.00000000,0.58324425,0.92189464,-0.47390367,-0.19029149
2004-08-12,5367.99560547,0.00012673,0.00000000,0.00000000,0.00000000,0.58331816,0.92189464,-0.47383700,-0.19029149
2004-08-13,5389.90527344,0.00408154,0.00000000,0.00000000,0.00000000,0.58569899,0.92189464,-0.47168945,-0.19029149
2004-08-16,5351.98583984,-0.00703527,0.00000000,0.00000000,-0.00000000,0.58157844,0.92189464,-0.47540625,-0.19029149
2004-08-17,5342.46630859,-0.00177869,0.00000000,0.00000000,-0.00000000,0.58054399,0.92189464,-0.47633934,-0.19029149
2004-08-18,5427.72509766,0.01595869,0.00000000,0.00000000,0.00000000,0.58980872,0.92189464,-0.46798240,-0.19029149
2004-08-19,5602.96484375,0.03228604,0.00000000,0.00000000,0.00000000,0.60885131,0.92189464,-0.45080566,-0.19029149
2004-08-20,5622.83447266,0.00354627,0.00000000,0.00000000,0.00000000,0.61101046,0.92189464,-0.44885807,-0.19029149
2004-08-23,5660.94482422,0.00677778,0.00000000,0.00000000,0.00000000,0.61515175,0.92189464,-0.44512255,-0.19029149
2004-08-26,5813.36376953,0.02692465,0.00000000,0.00000000,0.00000000,0.63171450,0.92189464,-0.43018267,-0.19029149
2004-08-27,5797.68408203,-0.00269718,0.00000000,0.00000000,-0.00000000,0.63001065,0.92189464,-0.43171957,-0.19029149
2004-08-30,5788.91406250,-0.00151268,0.00000000,0.00000000,-0.00000000,0.62905765,0.92189464,-0.43257919,-0.19029149
2004-08-31,5765.51416016,-0.00404219,0.00000000,0.00000000,-0.00000000,0.62651488,0.92189464,-0.43487282,-0.19029149
2004-09-01,5858.11328125,0.01606086,0.00000000,0.00000000,0.00000000,0.63657724,0.92189464,-0.42579639,-0.19029149
2004-09-02,5852.82324219,-0.00090303,0.00000000,0.00000000,-0.00000000,0.63600240,0.92189464,-0.42631491,-0.19029149
2004-09-03,5761.11425781,-0.01566919,0.00000000,0.00000000,-0.00000000,0.62603676,0.92189464,-0.43530409,-0.19029149
2004-09-06,5775.96435547,0.00257764,1.00000000,0.00000000,0.00000000,0.62765046,0.92189464,-0.43384850,-0.19029149
2004-09-07,5846.80322266,0.01226442,1.00000000,1.00000000,0.01226442,0.63534823,0.93320114,-0.42690498,-0.18036088
2004-09-08,5845.99316406,-0.00013855,1.00000000,1.00000000,-0.00013855,0.63526020,0.93307185,-0.42698438,-0.18047444
2004-09-09,5842.90332031,-0.00052854,1.00000000,1.00000000,-0.00052854,0.63492444,0.93257868,-0.42728725,-0.18090759
2004-09-10,5846.16308594,0.00055790,1.00000000,1.00000000,0.00055790,0.63527867,0.93309897,-0.42696773,-0.18045062
2004-09-13,5928.19287109,0.01403139,1.00000000,1.00000000,0.01403139,0.64419251,0.94619164,-0.41892729,-0.16895120
2004-09-14,5919.74267578,-0.00142543,1.00000000,1.00000000,-0.00142543,0.64327426,0.94484292,-0.41975557,-0.17013580
2004-09-15,5871.04296875,-0.00822666,1.00000000,1.00000000,-0.00822666,0.63798226,0.93707002,-0.42452904,-0.17696281
2004-09-16,5891.02294922,0.00340314,1.00000000,1.00000000,0.00340314,0.64015340,0.94025900,-0.42257063,-0.17416190
2004-09-17,5818.36376953,-0.01233388,1.00000000,1.00000000,-0.01233388,0.63225783,0.92866196,-0.42969258,-0.18434769
2004-09-20,5864.51318359,0.00793168,1.00000000,1.00000000,0.00793168,0.63727270,0.93602781,-0.42516908,-0.17787819
2004-09-21,5949.23242188,0.01444608,1.00000000,1.00000000,0.01444608,0.64647879,0.94954974,-0.41686502,-0.16600175
2004-09-22,5970.15283203,0.00351649,1.00000000,1.00000000,0.00351649,0.64875212,0.95288882,-0.41481444,-0.16306901
2004-09-23,5937.22265625,-0.00551580,1.00000000,1.00000000,-0.00551580,0.64517374,0.94763288,-0.41804220,-0.16768535
2004-09-24,5892.18310547,-0.00758596,1.00000000,1.00000000,-0.00758596,0.64027947,0.94044417,-0.42245691,-0.17399926
2004-09-27,5849.19335938,-0.00729606,1.00000000,1.00000000,-0.00729606,0.63560795,0.93358263,-0.42667071,-0.18002582
2004-09-29,5809.72363281,-0.00674789,1.00000000,1.00000000,-0.00674789,0.63131894,0.92728291,-0.43053947,-0.18555891
2004-09-30,5845.66308594,0.00618609,1.00000000,1.00000000,0.00618609,0.63522433,0.93301917,-0.42701674,-0.18052071
2004-10-01,5945.32275391,0.01704848,1.00000000,1.00000000,0.01704848,0.64605394,0.94892572,-0.41724824,-0.16654983
2004-10-04,6077.93212891,0.02230482,1.00000000,1.00000000,0.02230482,0.66046406,0.97009135,-0.40425007,-0.14795988
2004-10-05,6080.98193359,0.00050178,1.00000000,1.00000000,0.00050178,0.66079547,0.97057812,-0.40395113,-0.14753234
2004-10-06,6060.58203125,-0.00335471,1.00000000,1.00000000,-0.00335471,0.65857870,0.96732212,-0.40595070,-0.15039211
2004-10-07,6102.97216797,0.00699440,1.00000000,1.00000000,0.00699440,0.66318506,0.97408796,-0.40179568,-0.14444962
2004-10-08,6102.13232422,-0.00013761,1.00000000,1.00000000,-0.00013761,0.66309380,0.97395391,-0.40187800,-0.14456735
2004-10-11,6089.25195312,-0.00211080,1.00000000,1.00000000,-0.00211080,0.66169414,0.97189809,-0.40314052,-0.14637300
2004-10-12,5979.53271484,-0.01801851,1.00000000,1.00000000,-0.01801851,0.64977140,0.95438593,-0.41389503,-0.16175408
2004-10-13,5963.04248047,-0.00275778,1.00000000,1.00000000,-0.00275778,0.64797947,0.95175395,-0.41551138,-0.16406578
2004-10-14,5831.04296875,-0.02213627,1.00000000,1.00000000,-0.02213627,0.63363562,0.93068567,-0.42844978,-0.18257024
2004-10-15,5820.79296875,-0.00175783,1.00000000,1.00000000,-0.00175783,0.63252180,0.92904968,-0.42945447,-0.18400715
2004-10-18,5772.09423828,-0.00836634,1.00000000,1.00000000,-0.00836634,0.62722991,0.92127693,-0.43422785,-0.19083402
2004-10-19,5807.76367188,0.00617963,1.00000000,1.00000000,0.00617963,0.63110596,0.92697009,-0.43073158,-0.18583367
2004-10-20,5788.31396484,-0.00334892,1.00000000,1.00000000,-0.00334892,0.62899244,0.92386574,-0.43263801,-0.18856025
2004-10-21,5797.21435547,0.00153765,1.00000000,1.00000000,0.00153765,0.62995961,0.92528632,-0.43176561,-0.18731254
2004-10-22,5774.64404297,-0.00389330,1.00000000,1.00000000,-0.00389330,0.62750698,0.92168390,-0.43397792,-0.19047658
2004-10-26,5662.85449219,-0.01935869,1.00000000,1.00000000,-0.01935869,0.61535927,0.90384131,-0.44493537,-0.20614789
2004-10-27,5650.94482422,-0.00210312,1.00000000,1.00000000,-0.00210312,0.61406509,0.90194042,-0.44610273,-0.20781746
2004-10-28,5695.53466797,0.00789069,1.00000000,1.00000000,0.00789069,0.61891049,0.90905735,-0.44173210,-0.20156659
2004-10-29,5705.90478516,0.00182075,1.00000000,1.00000000,0.00182075,0.62003737,0.91071251,-0.44071564,-0.20011285
2004-11-01,5656.14453125,-0.00872083,1.00000000,1.00000000,-0.00872083,0.61463013,0.90277034,-0.44559307,-0.20708853
2004-11-02,5759.58398438,0.01828798,1.00000000,1.00000000,0.01828798,0.62587047,0.91928019,-0.43545408,-0.19258778
2004-11-03,5862.82324219,0.01792478,1.00000000,1.00000000,0.01792478,0.63708906,0.93575808,-0.42533473,-0.17811510
2004-11-04,5860.70312500,-0.00036162,1.00000000,1.00000000,-0.00036162,0.63685867,0.93541969,-0.42554254,-0.17841231
2004-11-05,5931.28271484,0.01204285,1.00000000,1.00000000,0.01204285,0.64452827,0.94668481,-0.41862443,-0.16851805
2004-11-08,5937.43261719,0.00103686,1.00000000,1.00000000,0.00103686,0.64519655,0.94766639,-0.41802162,-0.16765592
2004-11-09,5945.17285156,0.00130363,1.00000000,1.00000000,0.00130363,0.64603765,0.94890180,-0.41726294,-0.16657085
2004-11-10,5948.46289062,0.00055340,1.00000000,1.00000000,0.00055340,0.64639517,0.94942692,-0.41694045,-0.16610963
2004-11-11,5874.49316406,-0.01243510,1.00000000,1.00000000,-0.01243510,0.63835718,0.93762070,-0.42419086,-0.17647914
2004-11-12,5917.13281250,0.00725844,1.00000000,1.00000000,0.00725844,0.64299066,0.94442636,-0.42001138,-0.17050167
2004-11-15,5906.66308594,-0.00176939,1.00000000,1.00000000,-0.00176939,0.64185295,0.94275530,-0.42103761,-0.17196937
2004-11-16,5910.82324219,0.00070432,1.00000000,1.00000000,0.00070432,0.64230502,0.94341930,-0.42062984,-0.17138618
2004-11-17,6028.65234375,0.01993447,1.00000000,1.00000000,0.01993447,0.65510903,0.96222586,-0.40908040,-0.15486820
2004-11-18,6049.46240234,0.00345186,1.00000000,1.00000000,0.00345186,0.65737037,0.96554733,-0.40704063,-0.15195093
2004-11-19,6026.52197266,-0.00379214,1.00000000,1.00000000,-0.00379214,0.65487753,0.96188583,-0.40928922,-0.15516685
2004-11-22,5838.39306641,-0.03121683,1.00000000,1.00000000,-0.03121683,0.63443433,0.93185881,-0.42772933,-0.18153986
2004-11-23,5851.07324219,0.00217186,1.00000000,1.00000000,0.00217186,0.63581223,0.93388267,-0.42648644,-0.17976228
2004-11-24,5911.28320312,0.01029041,1.00000000,1.00000000,0.01029041,0.64235500,0.94349271,-0.42058475,-0.17132170
2004-11-25,5855.21337891,-0.00948522,1.00000000,1.00000000,-0.00948522,0.63626212,0.93454348,-0.42608063,-0.17918189
2004-11-26,5778.62402344,-0.01308054,1.00000000,1.00000000,-0.01308054,0.62793947,0.92231914,-0.43358781,-0.18991864
2004-11-29,5785.23388672,0.00114385,1.00000000,1.00000000,0.00114385,0.62865774,0.92337414,-0.43293992,-0.18899203
2004-11-30,5844.73291016,0.01028464,1.00000000,1.00000000,0.01028464,0.63512325,0.93287070,-0.42710791,-0.18065111
2004-12-01,5798.59423828,-0.00789406,1.00000000,1.00000000,-0.00789406,0.63010955,0.92550656,-0.43163036,-0.18711910
2004-12-02,5867.92333984,0.01195619,1.00000000,1.00000000,0.01195619,0.63764326,0.93657210,-0.42483482,-0.17740014
2004-12-03,5893.24316406,0.00431495,1.00000000,1.00000000,0.00431495,0.64039467,0.94061336,-0.42235301,-0.17385066
2004-12-06,5919.14257812,0.00439476,1.00000000,1.00000000,0.00439476,0.64320905,0.94474714,-0.41981439,-0.17021992
2004-12-07,5925.25244141,0.00103222,1.00000000,1.00000000,0.00103222,0.64387298,0.94572233,-0.41921551,-0.16936341
2004-12-08,5892.48291016,-0.00553049,1.00000000,1.00000000,-0.00553049,0.64031205,0.94049202,-0.42242753,-0.17395723
2004-12-09,5913.94335938,0.00364200,1.00000000,1.00000000,0.00364200,0.64264407,0.94391730,-0.42032401,-0.17094878
2004-12-10,5911.60302734,-0.00039573,1.00000000,1.00000000,-0.00039573,0.64238976,0.94354376,-0.42055340,-0.17127686
2004-12-13,5878.86328125,-0.00553822,1.00000000,1.00000000,-0.00553822,0.63883206,0.93831821,-0.42376250,-0.17586651
2004-12-14,5909.62304688,0.00523226,1.00000000,1.00000000,0.00523226,0.64217460,0.94322774,-0.42074748,-0.17155443
2004-12-15,6002.55224609,0.01572506,1.00000000,1.00000000,0.01572506,0.65227284,0.95806005,-0.41163869,-0.15852707
2004-12-16,6019.20214844,0.00277380,1.00000000,1.00000000,0.00277380,0.65408211,0.96071752,-0.41000670,-0.15619299
2004-12-17,6009.29199219,-0.00164642,1.00000000,1.00000000,-0.00164642,0.65300522,0.95913578,-0.41097807,-0.15758225
2004-12-20,5985.91259766,-0.00389054,1.00000000,1.00000000,-0.00389054,0.65046467,0.95540422,-0.41326969,-0.16085971
2004-12-21,5987.82226562,0.00031903,1.00000000,1.00000000,0.00031903,0.65067219,0.95570902,-0.41308251,-0.16059200
2004-12-22,6001.49218750,0.00228295,1.00000000,1.00000000,0.00228295,0.65215764,0.95789086,-0.41174260,-0.15867567
2004-12-23,5997.64208984,-0.00064152,1.00000000,1.00000000,-0.00064152,0.65173927,0.95727635,-0.41211998,-0.15921540
2004-12-24,6019.39208984,0.00362643,1.00000000,1.00000000,0.00362643,0.65410275,0.96074784,-0.40998808,-0.15616636
2004-12-27,5985.91259766,-0.00556194,1.00000000,1.00000000,-0.00556194,0.65046467,0.95540422,-0.41326969,-0.16085971
2004-12-28,6000.54199219,0.00244397,1.00000000,1.00000000,0.00244397,0.65205439,0.95773920,-0.41183574,-0.15880888
2004-12-29,6088.46240234,0.01465208,1.00000000,1.00000000,0.01465208,0.66160834,0.97177207,-0.40321791,-0.14648368
2004-12-30,6100.83203125,0.00203165,1.00000000,1.00000000,0.00203165,0.66295250,0.97374637,-0.40200546,-0.14474963
2004-12-31,6139.66210938,0.00636472,1.00000000,1.00000000,0.00636472,0.66717201,0.97994399,-0.39819939,-0.13930620
2005-01-03,6143.09228516,0.00055869,1.00000000,1.00000000,0.00055869,0.66754475,0.98049148,-0.39786317,-0.13882534
2005-01-04,6060.43212891,-0.01345579,1.00000000,1.00000000,-0.01345579,0.65856241,0.96729819,-0.40596539,-0.15041313
2005-01-05,5988.34228516,-0.01189517,1.00000000,1.00000000,-0.01189517,0.65072870,0.95579202,-0.41303153,-0.16051910
2005-01-06,5982.09277344,-0.00104361,1.00000000,1.00000000,-0.00104361,0.65004959,0.95479454,-0.41364410,-0.16139520
2005-01-07,5935.96289062,-0.00771133,1.00000000,1.00000000,-0.00771133,0.64503684,0.94743181,-0.41816568,-0.16786195
2005-01-10,5942.82275391,0.00115564,1.00000000,1.00000000,0.00115564,0.64578228,0.94852670,-0.41749329,-0.16690030
2005-01-11,5975.63281250,0.00552096,1.00000000,1.00000000,0.00552096,0.64934761,0.95376348,-0.41427730,-0.16230079
2005-01-12,5879.05322266,-0.01616224,1.00000000,1.00000000,-0.01616224,0.63885270,0.93834853,-0.42374389,-0.17583989
2005-01-13,5853.91308594,-0.00427622,1.00000000,1.00000000,-0.00427622,0.63612083,0.93433594,-0.42620809,-0.17936418
2005-01-14,5889.49316406,0.00607800,1.00000000,1.00000000,0.00607800,0.63998717,0.94001483,-0.42272058,-0.17437635
2005-01-17,5945.24267578,0.00946593,1.00000000,1.00000000,0.00946593,0.64604524,0.94891294,-0.41725609,-0.16656106
2005-01-18,5933.54248047,-0.00196799,1.00000000,1.00000000,-0.00196799,0.64477383,0.94704549,-0.41840293,-0.16820126
2005-01-19,5895.32324219,-0.00644122,1.00000000,1.00000000,-0.00644122,0.64062070,0.94094536,-0.42214912,-0.17355906
2005-01-20,5888.07324219,-0.00122979,1.00000000,1.00000000,-0.00122979,0.63983287,0.93978820,-0.42285976,-0.17457541
2005-01-21,5848.88330078,-0.00665582,1.00000000,1.00000000,-0.00665582,0.63557426,0.93353314,-0.42670110,-0.18006928
2005-01-24,5771.45410156,-0.01323829,1.00000000,1.00000000,-0.01323829,0.62716035,0.92117476,-0.43429059,-0.19092376
2005-01-25,5782.72412109,0.00195272,1.00000000,1.00000000,0.00195272,0.62838501,0.92297355,-0.43318592,-0.18934386
2005-01-26,5835.34326172,0.00909937,1.00000000,1.00000000,0.00909937,0.63410292,0.93137203,-0.42802827,-0.18196740
2005-01-27,5842.73291016,0.00126636,1.00000000,1.00000000,0.00126636,0.63490592,0.93255148,-0.42730395,-0.18093148
2005-01-28,5879.90332031,0.00636182,1.00000000,1.00000000,0.00636182,0.63894508,0.93848421,-0.42366056,-0.17572071
2005-01-31,5994.20214844,0.01943890,0.00000000,1.00000000,0.01943890,0.65136547,0.95672731,-0.41245716,-0.15969763
2005-02-01,5981.51269531,-0.00211695,0.00000000,0.00000000,-0.00000000,0.64998655,0.95672731,-0.41370096,-0.15969763
2005-02-02,6018.66210938,0.00621071,0.00000000,0.00000000,0.00000000,0.65402343,0.95672731,-0.41005963,-0.15969763
2005-02-03,6034.57226562,0.00264347,0.00000000,0.00000000,0.00000000,0.65575232,0.95672731,-0.40850014,-0.15969763
2005-02-14,6112.37207031,0.01289235,1.00000000,0.00000000,0.00000000,0.66420651,0.95672731,-0.40087432,-0.15969763
2005-02-15,6122.36230469,0.00163443,1.00000000,1.00000000,0.00163443,0.66529211,0.95829101,-0.39989509,-0.15832422
2005-02-16,6143.46240234,0.00344640,1.00000000,1.00000000,0.00344640,0.66758497,0.96159366,-0.39782689,-0.15542347
2005-02-17,6072.13232422,-0.01161073,1.00000000,1.00000000,-0.01161073,0.65983382,0.95042886,-0.40481856,-0.16522962
2005-02-18,6115.40234375,0.00712600,1.00000000,1.00000000,0.00712600,0.66453580,0.95720161,-0.40057729,-0.15928105
2005-02-21,6142.75195312,0.00447225,1.00000000,1.00000000,0.00447225,0.66750777,0.96148246,-0.39789653,-0.15552114
2005-02-22,6107.14208984,-0.00579705,1.00000000,1.00000000,-0.00579705,0.66363819,0.95590869,-0.40138695,-0.16041663
2005-02-23,6121.49218750,0.00234972,1.00000000,1.00000000,0.00234972,0.66519755,0.95815481,-0.39998038,-0.15844384
2005-02-24,6128.31201172,0.00111408,1.00000000,1.00000000,0.00111408,0.66593864,0.95922227,-0.39931191,-0.15750628
2005-02-25,6207.80126953,0.01297082,1.00000000,1.00000000,0.01297082,0.67457641,0.97166418,-0.39152049,-0.14657844
2005-03-01,6259.66064453,0.00835390,1.00000000,1.00000000,0.00835390,0.68021176,0.97978137,-0.38643731,-0.13944904
2005-03-02,6225.22119141,-0.00550181,1.00000000,1.00000000,-0.00550181,0.67646936,0.97439080,-0.38981301,-0.14418363
2005-03-03,6202.35107422,-0.00367378,1.00000000,1.00000000,-0.00367378,0.67398416,0.97081110,-0.39205471,-0.14732771
2005-03-04,6193.59130859,-0.00141233,1.00000000,1.00000000,-0.00141233,0.67303227,0.96943999,-0.39291333,-0.14853197
2005-03-07,6220.49121094,0.00434318,1.00000000,1.00000000,0.00434318,0.67595537,0.97365045,-0.39027664,-0.14483388
2005-03-08,6173.31103516,-0.00758464,1.00000000,1.00000000,-0.00758464,0.67082850,0.96626566,-0.39490117,-0.15132001
2005-03-09,6213.25097656,0.00646978,1.00000000,1.00000000,0.00646978,0.67516861,0.97251718,-0.39098632,-0.14582924
2005-03-10,6192.50097656,-0.00333964,1.00000000,1.00000000,-0.00333964,0.67291379,0.96926933,-0.39302020,-0.14868186
2005-03-11,6204.20117188,0.00188941,1.00000000,1.00000000,0.00188941,0.67418520,0.97110068,-0.39187336,-0.14707337
2005-03-14,6155.48095703,-0.00785278,1.00000000,1.00000000,-0.00785278,0.66889098,0.96347484,-0.39664885,-0.15377121
2005-03-15,6063.45214844,-0.01495071,1.00000000,1.00000000,-0.01495071,0.65889058,0.94907021,-0.40566938,-0.16642293
2005-03-16,6072.33203125,0.00146449,1.00000000,1.00000000,0.00146449,0.65985552,0.95046011,-0.40479898,-0.16520216
2005-03-17,6032.44238281,-0.00656908,1.00000000,1.00000000,-0.00656908,0.65552088,0.94421646,-0.40870891,-0.17068602
2005-03-18,6043.92236328,0.00190304,1.00000000,1.00000000,0.00190304,0.65676836,0.94601335,-0.40758366,-0.16910780
2005-03-21,6058.93212891,0.00248345,1.00000000,1.00000000,0.00248345,0.65839941,0.94836272,-0.40611242,-0.16704433
2005-03-22,6018.76220703,-0.00662987,1.00000000,1.00000000,-0.00662987,0.65403431,0.94207520,-0.41004982,-0.17256671
2005-03-23,6019.46240234,0.00011634,1.00000000,1.00000000,0.00011634,0.65411039,0.94218480,-0.40998119,-0.17247045
2005-03-24,6000.97216797,-0.00307174,1.00000000,1.00000000,-0.00307174,0.65210114,0.93929065,-0.41179357,-0.17501241
2005-03-25,6065.88232422,0.01081661,1.00000000,1.00000000,0.01081661,0.65915466,0.94945059,-0.40543117,-0.16608884
2005-03-28,6048.71240234,-0.00283057,1.00000000,1.00000000,-0.00283057,0.65728887,0.94676310,-0.40711414,-0.16844929
2005-03-29,5961.21289062,-0.01446581,1.00000000,1.00000000,-0.01446581,0.64778066,0.93306740,-0.41569072,-0.18047834
2005-03-30,5957.95263672,-0.00054691,1.00000000,1.00000000,-0.00054691,0.64742638,0.93255710,-0.41601028,-0.18092655
2005-03-31,6005.85205078,0.00803958,1.00000000,1.00000000,0.00803958,0.65263141,0.94005446,-0.41131525,-0.17434154
2005-04-01,6028.72216797,0.00380797,1.00000000,1.00000000,0.00380797,0.65511662,0.94363416,-0.40907356,-0.17119746
2005-04-04,6019.90234375,-0.00146297,1.00000000,1.00000000,-0.00146297,0.65415820,0.94225366,-0.40993806,-0.17240997
2005-04-06,6013.46240234,-0.00106978,1.00000000,1.00000000,-0.00106978,0.65345840,0.94124566,-0.41056930,-0.17329531
2005-04-07,5971.73242188,-0.00693943,1.00000000,1.00000000,-0.00693943,0.64892377,0.93471395,-0.41465961,-0.17903216
2005-04-08,6024.04199219,0.00875953,1.00000000,1.00000000,0.00875953,0.65460804,0.94290161,-0.40953230,-0.17184087
2005-04-11,5979.39257812,-0.00741187,0.00000000,1.00000000,-0.00741187,0.64975617,0.93591295,-0.41390877,-0.17797908
2005-04-12,5993.86230469,0.00241993,0.00000000,0.00000000,0.00000000,0.65132854,0.93591295,-0.41249047,-0.17797908
2005-04-13,5998.05224609,0.00069904,0.00000000,0.00000000,0.00000000,0.65178384,0.93591295,-0.41207978,-0.17797908
2005-04-14,5976.65283203,-0.00356773,0.00000000,0.00000000,-0.00000000,0.64945845,0.93591295,-0.41417732,-0.17797908
2005-04-15,5888.34326172,-0.01477576,0.00000000,0.00000000,-0.00000000,0.63986221,0.93591295,-0.42283329,-0.17797908
2005-04-18,5715.13476562,-0.02941549,0.00000000,0.00000000,-0.00000000,0.62104035,0.93591295,-0.43981093,-0.17797908
2005-04-19,5748.32421875,0.00580729,0.00000000,0.00000000,0.00000000,0.62464692,0.93591295,-0.43655775,-0.17797908
2005-04-20,5692.98437500,-0.00962713,0.00000000,0.00000000,-0.00000000,0.61863336,0.93591295,-0.44198208,-0.17797908
2005-04-21,5721.96484375,0.00509056,0.00000000,0.00000000,0.00000000,0.62178255,0.93591295,-0.43914146,-0.17797908
2005-04-22,5747.06396484,0.00438645,0.00000000,0.00000000,0.00000000,0.62450997,0.93591295,-0.43668128,-0.17797908
2005-04-25,5758.28417969,0.00195234,0.00000000,0.00000000,0.00000000,0.62572922,0.93591295,-0.43558149,-0.17797908
2005-04-26,5805.22363281,0.00815164,0.00000000,0.00000000,0.00000000,0.63082994,0.93591295,-0.43098055,-0.17797908
2005-04-27,5778.24414062,-0.00464745,0.00000000,0.00000000,-0.00000000,0.62789819,0.93591295,-0.43362504,-0.17797908
2005-04-28,5842.24316406,0.01107586,0.00000000,0.00000000,0.00000000,0.63485270,0.93591295,-0.42735195,-0.17797908
2005-04-29,5818.04345703,-0.00414219,0.00000000,0.00000000,-0.00000000,0.63222302,0.93591295,-0.42972397,-0.17797908
2005-05-03,5818.19384766,0.00002585,0.00000000,0.00000000,0.00000000,0.63223936,0.93591295,-0.42970923,-0.17797908
2005-05-04,5803.65380859,-0.00249906,0.00000000,0.00000000,-0.00000000,0.63065936,0.93591295,-0.43113443,-0.17797908
2005-05-05,5927.47265625,0.02133464,0.00000000,0.00000000,0.00000000,0.64411424,0.93591295,-0.41899789,-0.17797908
2005-05-06,5967.93261719,0.00682584,0.00000000,0.00000000,0.00000000,0.64851086,0.93591295,-0.41503206,-0.17797908
2005-05-09,5966.82275391,-0.00018597,0.00000000,0.00000000,-0.00000000,0.64839026,0.93591295,-0.41514085,-0.17797908
2005-05-10,5949.77246094,-0.00285752,0.00000000,0.00000000,-0.00000000,0.64653747,0.93591295,-0.41681209,-0.17797908
2005-05-11,5917.10253906,-0.00549095,0.00000000,0.00000000,-0.00000000,0.64298737,0.93591295,-0.42001435,-0.17797908
2005-05-12,5934.57275391,0.00295249,0.00000000,0.00000000,0.00000000,0.64488578,0.93591295,-0.41830194,-0.17797908
2005-05-13,5981.45263672,0.00789945,0.00000000,0.00000000,0.00000000,0.64998003,0.93591295,-0.41370685,-0.17797908
2005-05-16,5925.85253906,-0.00929542,0.00000000,0.00000000,-0.00000000,0.64393819,0.93591295,-0.41915669,-0.17797908
2005-05-17,5893.98291016,-0.00537807,0.00000000,0.00000000,-0.00000000,0.64047505,0.93591295,-0.42228050,-0.17797908
2005-05-18,5890.80322266,-0.00053948,0.00000000,0.00000000,-0.00000000,0.64012953,0.93591295,-0.42259217,-0.17797908
2005-05-19,5970.68261719,0.01356002,0.00000000,0.00000000,0.00000000,0.64880969,0.93591295,-0.41476251,-0.17797908
2005-05-20,5954.66259766,-0.00268311,0.00000000,0.00000000,-0.00000000,0.64706886,0.93591295,-0.41633277,-0.17797908
2005-05-23,5885.42333984,-0.01162774,0.00000000,0.00000000,-0.00000000,0.63954492,0.93591295,-0.42311950,-0.17797908
2005-05-24,5909.07324219,0.00401839,0.00000000,0.00000000,0.00000000,0.64211486,0.93591295,-0.42080137,-0.17797908
2005-05-25,5888.50292969,-0.00348114,0.00000000,0.00000000,-0.00000000,0.63987956,0.93591295,-0.42281764,-0.17797908
2005-05-26,5939.39257812,0.00864220,0.00000000,0.00000000,0.00000000,0.64540953,0.93591295,-0.41782951,-0.17797908
2005-05-27,5991.52197266,0.00877689,0.00000000,0.00000000,0.00000000,0.65107422,0.93591295,-0.41271987,-0.17797908
2005-05-30,6009.49218750,0.00299927,0.00000000,0.00000000,0.00000000,0.65302697,0.93591295,-0.41095845,-0.17797908
2005-05-31,6011.53222656,0.00033947,0.00000000,0.00000000,0.00000000,0.65324865,0.93591295,-0.41075849,-0.17797908
2005-06-01,5971.59277344,-0.00664381,0.00000000,0.00000000,-0.00000000,0.64890860,0.93591295,-0.41467330,-0.17797908
2005-06-02,6039.45214844,0.01136370,0.00000000,0.00000000,0.00000000,0.65628260,0.93591295,-0.40802182,-0.17797908
2005-06-03,6107.92236328,0.01133716,0.00000000,0.00000000,0.00000000,0.66372298,0.93591295,-0.40131047,-0.17797908
2005-06-06,6137.54199219,0.00484938,0.00000000,0.00000000,0.00000000,0.66694162,0.93591295,-0.39840720,-0.17797908
2005-06-07,6105.76220703,-0.00517793,0.00000000,0.00000000,-0.00000000,0.66348824,0.93591295,-0.40152221,-0.17797908
2005-06-08,6161.63134766,0.00915023,0.00000000,0.00000000,0.00000000,0.66955931,0.93591295,-0.39604600,-0.17797908
2005-06-09,6145.89111328,-0.00255456,0.00000000,0.00000000,-0.00000000,0.66784889,0.93591295,-0.39758883,-0.17797908
2005-06-10,6192.32128906,0.00755467,0.00000000,0.00000000,0.00000000,0.67289426,0.93591295,-0.39303781,-0.17797908
2005-06-13,6231.02099609,0.00624963,1.00000000,0.00000000,0.00000000,0.67709960,0.93591295,-0.38924453,-0.17797908
2005-06-14,6205.73095703,-0.00405873,1.00000000,1.00000000,-0.00405873,0.67435144,0.93211433,-0.39172342,-0.18131544
2005-06-15,6252.07080078,0.00746727,1.00000000,1.00000000,0.00746727,0.67938700,0.93907467,-0.38718125,-0.17520210
2005-06-16,6282.38085938,0.00484800,1.00000000,1.00000000,0.00484800,0.68268067,0.94362731,-0.38421031,-0.17120348
2005-06-17,6293.53076172,0.00177479,1.00000000,1.00000000,0.00177479,0.68389228,0.94530205,-0.38311741,-0.16973254
2005-06-20,6296.86083984,0.00052913,1.00000000,1.00000000,0.00052913,0.68425415,0.94580223,-0.38279100,-0.16929322
2005-06-21,6278.43066406,-0.00292688,1.00000000,1.00000000,-0.00292688,0.68225142,0.94303398,-0.38459750,-0.17172461
2005-06-22,6357.80029297,0.01264164,1.00000000,1.00000000,0.01264164,0.69087619,0.95495547,-0.37681781,-0.16125385
2005-06-23,6373.83007812,0.00252128,1.00000000,1.00000000,0.00252128,0.69261808,0.95736318,-0.37524659,-0.15913914
2005-06-24,6340.66015625,-0.00520408,1.00000000,1.00000000,-0.00520408,0.68901364,0.95238099,-0.37849786,-0.16351505
2005-06-27,6302.96093750,-0.00594563,1.00000000,1.00000000,-0.00594563,0.68491702,0.94671848,-0.38219308,-0.16848848
2005-06-28,6316.81054688,0.00219732,1.00000000,1.00000000,0.00219732,0.68642200,0.94879872,-0.38083556,-0.16666138
2005-06-29,6231.62109375,-0.01348615,1.00000000,1.00000000,-0.01348615,0.67716481,0.93600308,-0.38918570,-0.17789991
2005-06-30,6241.91113281,0.00165126,1.00000000,1.00000000,0.00165126,0.67828299,0.93754867,-0.38817709,-0.17654241
2005-07-01,6272.11083984,0.00483821,1.00000000,1.00000000,0.00483821,0.68156467,0.94208473,-0.38521696,-0.17255834
2005-07-04,6271.17089844,-0.00014986,1.00000000,1.00000000,-0.00014986,0.68146253,0.94194355,-0.38530909,-0.17268234
2005-07-05,6232.01123047,-0.00624439,1.00000000,1.00000000,-0.00624439,0.67720721,0.93606168,-0.38914746,-0.17784844
2005-07-06,6222.02099609,-0.00160305,1.00000000,1.00000000,-0.00160305,0.67612161,0.93456113,-0.39012669,-0.17916639
2005-07-07,6212.57128906,-0.00151875,1.00000000,1.00000000,-0.00151875,0.67509475,0.93314176,-0.39105294,-0.18041304
2005-07-08,6201.37109375,-0.00180283,1.00000000,1.00000000,-0.00180283,0.67387767,0.93145947,-0.39215076,-0.18189061
2005-07-11,6298.83056641,0.01571579,1.00000000,1.00000000,0.01571579,0.68446819,0.94609809,-0.38259793,-0.16903337
2005-07-12,6358.78027344,0.00951759,1.00000000,1.00000000,0.00951759,0.69098268,0.95510267,-0.37672175,-0.16112457
2005-07-13,6377.06005859,0.00287473,1.00000000,1.00000000,0.00287473,0.69296907,0.95784833,-0.37492999,-0.15871303
2005-07-14,6418.32031250,0.00647011,1.00000000,1.00000000,0.00647011,0.69745265,0.96404571,-0.37088572,-0.15326981
2005-07-15,6410.56005859,-0.00120908,1.00000000,1.00000000,-0.00120908,0.69660938,0.96288010,-0.37164637,-0.15429357
2005-07-19,6416.31005859,0.00089696,1.00000000,1.00000000,0.00089696,0.69723421,0.96374377,-0.37108276,-0.15353501
2005-07-20,6423.78027344,0.00116425,1.00000000,1.00000000,0.00116425,0.69804597,0.96486581,-0.37035055,-0.15254951
2005-07-21,6394.00000000,-0.00463594,1.00000000,1.00000000,-0.00463594,0.69480987,0.96039275,-0.37326956,-0.15647824
2005-07-22,6380.70019531,-0.00208004,1.00000000,1.00000000,-0.00208004,0.69336463,0.95839509,-0.37457319,-0.15823281
2005-07-25,6420.42041016,0.00622506,1.00000000,1.00000000,0.00622506,0.69768086,0.96436115,-0.37067987,-0.15299276
2005-07-26,6366.13037109,-0.00845584,1.00000000,1.00000000,-0.00845584,0.69178139,0.95620667,-0.37600130,-0.16015491
2005-07-27,6327.22070312,-0.00611198,1.00000000,1.00000000,-0.00611198,0.68755323,0.95036235,-0.37981517,-0.16528803
2005-07-28,6375.61035156,0.00764785,1.00000000,1.00000000,0.00764785,0.69281154,0.95763058,-0.37507209,-0.15890428
2005-07-29,6311.95068359,-0.00998487,1.00000000,1.00000000,-0.00998487,0.68589390,0.94806876,-0.38131192,-0.16730251
2005-08-01,6307.90087891,-0.00064161,1.00000000,1.00000000,-0.00064161,0.68545383,0.94746047,-0.38170887,-0.16783678
2005-08-02,6343.51025391,0.00564520,1.00000000,1.00000000,0.00564520,0.68932335,0.95280908,-0.37821849,-0.16313905
2005-08-03,6455.54003906,0.01766054,1.00000000,1.00000000,0.01766054,0.70149717,0.96963620,-0.36723750,-0.14835964
2005-08-04,6445.97998047,-0.00148091,1.00000000,1.00000000,-0.00148091,0.70045832,0.96820025,-0.36817456,-0.14962084
2005-08-08,6380.00000000,-0.01023583,1.00000000,1.00000000,-0.01023583,0.69328854,0.95828992,-0.37464182,-0.15832518
2005-08-09,6379.97021484,-0.00000467,1.00000000,1.00000000,-0.00000467,0.69328531,0.95828544,-0.37464474,-0.15832911
2005-08-10,6356.81005859,-0.00363014,1.00000000,1.00000000,-0.00363014,0.69076859,0.95480674,-0.37691487,-0.16138449
2005-08-11,6353.68017578,-0.00049237,1.00000000,1.00000000,-0.00049237,0.69042847,0.95433662,-0.37722165,-0.16179739
2005-08-12,6350.87011719,-0.00044227,1.00000000,1.00000000,-0.00044227,0.69012312,0.95391454,-0.37749709,-0.16216811
2005-08-15,6245.10107422,-0.01665426,1.00000000,1.00000000,-0.01665426,0.67862963,0.93802780,-0.38786442,-0.17612158
2005-08-16,6242.37109375,-0.00043714,1.00000000,1.00000000,-0.00043714,0.67833297,0.93761775,-0.38813201,-0.17648173
2005-08-17,6241.89111328,-0.00007689,1.00000000,1.00000000,-0.00007689,0.67828081,0.93754566,-0.38817905,-0.17654505
2005-08-18,6205.06103516,-0.00590047,1.00000000,1.00000000,-0.00590047,0.67427864,0.93201370,-0.39178908,-0.18140382
2005-08-19,6158.91113281,-0.00743746,1.00000000,1.00000000,-0.00743746,0.66926372,0.92508189,-0.39631263,-0.18749210
2005-08-22,6206.62109375,0.00774649,1.00000000,1.00000000,0.00774649,0.67444816,0.93224803,-0.39163617,-0.18119801
2005-08-23,6195.15136719,-0.00184798,1.00000000,1.00000000,-0.00184798,0.67320180,0.93052525,-0.39276041,-0.18271114
2005-08-24,6127.21240234,-0.01096647,1.00000000,1.00000000,-0.01096647,0.66581915,0.92032067,-0.39941969,-0.19167392
2005-08-25,6109.63232422,-0.00286918,1.00000000,1.00000000,-0.00286918,0.66390879,0.91768010,-0.40114286,-0.19399315
2005-08-26,6136.52197266,0.00440119,1.00000000,1.00000000,0.00440119,0.66683078,0.92171899,-0.39850718,-0.19044576
2005-08-29,6049.41210938,-0.01419532,0.00000000,1.00000000,-0.01419532,0.65736491,0.90863489,-0.40704556,-0.20193764
2005-08-30,6032.09228516,-0.00286306,0.00000000,0.00000000,-0.00000000,0.65548283,0.90863489,-0.40874322,-0.20193764
2005-08-31,6033.44238281,0.00022382,0.00000000,0.00000000,0.00000000,0.65562954,0.90863489,-0.40861089,-0.20193764
2005-09-02,6116.02197266,0.01368698,0.00000000,0.00000000,0.00000000,0.66460313,0.90863489,-0.40051656,-0.20193764
2005-09-05,6098.75195312,-0.00282373,0.00000000,0.00000000,-0.00000000,0.66272647,0.90863489,-0.40220934,-0.20193764
2005-09-06,6140.11230469,0.00678177,0.00000000,0.00000000,0.00000000,0.66722093,0.90863489,-0.39815526,-0.20193764
2005-09-07,6141.11230469,0.00016286,0.00000000,0.00000000,0.00000000,0.66732959,0.90863489,-0.39805724,-0.20193764
2005-09-08,6149.85107422,0.00142299,0.00000000,0.00000000,0.00000000,0.66827920,0.90863489,-0.39720068,-0.20193764
2005-09-09,6119.03222656,-0.00501132,0.00000000,0.00000000,-0.00000000,0.66493024,0.90863489,-0.40022150,-0.20193764
2005-09-12,6164.95117188,0.00750428,0.00000000,0.00000000,0.00000000,0.66992006,0.90863489,-0.39572059,-0.20193764
2005-09-13,6169.05126953,0.00066507,0.00000000,0.00000000,0.00000000,0.67036561,0.90863489,-0.39531871,-0.20193764
2005-09-14,6148.67138672,-0.00330357,0.00000000,0.00000000,-0.00000000,0.66815101,0.90863489,-0.39731631,-0.20193764
2005-09-15,6082.53222656,-0.01075666,0.00000000,0.00000000,-0.00000000,0.66096393,0.90863489,-0.40379917,-0.20193764
2005-09-16,6031.21240234,-0.00843725,0.00000000,0.00000000,-0.00000000,0.65538722,0.90863489,-0.40882947,-0.20193764
2005-09-19,6035.56201172,0.00072118,0.00000000,0.00000000,0.00000000,0.65585987,0.90863489,-0.40840313,-0.20193764
2005-09-20,6105.32226562,0.01155820,0.00000000,0.00000000,0.00000000,0.66344044,0.90863489,-0.40156533,-0.20193764
2005-09-21,6067.31201172,-0.00622576,0.00000000,0.00000000,-0.00000000,0.65931002,0.90863489,-0.40529104,-0.20193764
2005-09-22,5972.03271484,-0.01570371,0.00000000,0.00000000,-0.00000000,0.64895640,0.90863489,-0.41463017,-0.20193764
2005-09-23,5925.51269531,-0.00778965,0.00000000,0.00000000,-0.00000000,0.64390126,0.90863489,-0.41919000,-0.20193764
2005-09-26,5930.17285156,0.00078646,0.00000000,0.00000000,0.00000000,0.64440766,0.90863489,-0.41873322,-0.20193764
2005-09-27,5945.02246094,0.00250408,0.00000000,0.00000000,0.00000000,0.64602131,0.90863489,-0.41727768,-0.20193764
2005-09-28,5931.35253906,-0.00229939,0.00000000,0.00000000,-0.00000000,0.64453586,0.90863489,-0.41861758,-0.20193764
2005-09-29,6009.96240234,0.01325328,0.00000000,0.00000000,0.00000000,0.65307807,0.90863489,-0.41091236,-0.20193764
2005-09-30,6118.58203125,0.01807326,0.00000000,0.00000000,0.00000000,0.66488132,0.90863489,-0.40026563,-0.20193764
2005-10-03,6123.89208984,0.00086786,0.00000000,0.00000000,0.00000000,0.66545834,0.90863489,-0.39974514,-0.20193764
2005-10-04,6142.09228516,0.00297200,0.00000000,0.00000000,0.00000000,0.66743608,0.90863489,-0.39796119,-0.20193764
2005-10-05,6134.98193359,-0.00115764,0.00000000,0.00000000,-0.00000000,0.66666343,0.90863489,-0.39865813,-0.20193764
2005-10-06,6095.78222656,-0.00638954,0.00000000,0.00000000,-0.00000000,0.66240376,0.90863489,-0.40250043,-0.20193764
2005-10-07,6081.81201172,-0.00229178,0.00000000,0.00000000,-0.00000000,0.66088567,0.90863489,-0.40386977,-0.20193764
2005-10-11,6066.56201172,-0.00250748,0.00000000,0.00000000,-0.00000000,0.65922852,0.90863489,-0.40536455,-0.20193764
2005-10-12,5987.37207031,-0.01305351,0.00000000,0.00000000,-0.00000000,0.65062327,0.90863489,-0.41312663,-0.20193764
2005-10-13,5960.08251953,-0.00455785,0.00000000,0.00000000,-0.00000000,0.64765783,0.90863489,-0.41580151,-0.20193764
2005-10-14,5969.04248047,0.00150333,0.00000000,0.00000000,0.00000000,0.64863147,0.90863489,-0.41492327,-0.20193764
2005-10-17,5826.24316406,-0.02392332,0.00000000,0.00000000,-0.00000000,0.63311405,0.90863489,-0.42892025,-0.20193764
2005-10-18,5830.76318359,0.00077580,0.00000000,0.00000000,0.00000000,0.63360522,0.90863489,-0.42847720,-0.20193764
2005-10-19,5694.13476562,-0.02343234,0.00000000,0.00000000,-0.00000000,0.61875837,0.90863489,-0.44186932,-0.20193764
2005-10-20,5747.97412109,0.00945523,0.00000000,0.00000000,0.00000000,0.62460887,0.90863489,-0.43659207,-0.20193764
2005-10-21,5738.73388672,-0.00160756,0.00000000,0.00000000,-0.00000000,0.62360477,0.90863489,-0.43749778,-0.20193764
2005-10-24,5717.25439453,-0.00374290,0.00000000,0.00000000,-0.00000000,0.62127068,0.90863489,-0.43960317,-0.20193764
2005-10-25,5721.28466797,0.00070493,0.00000000,0.00000000,0.00000000,0.62170864,0.90863489,-0.43920813,-0.20193764
2005-10-26,5700.69482422,-0.00359881,0.00000000,0.00000000,-0.00000000,0.61947122,0.90863489,-0.44122631,-0.20193764
2005-10-27,5661.15478516,-0.00693600,0.00000000,0.00000000,-0.00000000,0.61517457,0.90863489,-0.44510197,-0.20193764
2005-10-28,5632.94482422,-0.00498308,0.00000000,0.00000000,-0.00000000,0.61210911,0.90863489,-0.44786707,-0.20193764
2005-10-31,5764.27392578,0.02331447,0.00000000,0.00000000,0.00000000,0.62638010,0.90863489,-0.43499438,-0.20193764
2005-11-01,5798.38427734,0.00591755,0.00000000,0.00000000,0.00000000,0.63008674,0.90863489,-0.43165094,-0.20193764
2005-11-02,5870.34326172,0.01241018,0.00000000,0.00000000,0.00000000,0.63790623,0.90863489,-0.42459762,-0.20193764
2005-11-03,5857.98291016,-0.00210556,0.00000000,0.00000000,-0.00000000,0.63656308,0.90863489,-0.42580917,-0.20193764
2005-11-04,5911.71337891,0.00917218,0.00000000,0.00000000,0.00000000,0.64240175,0.90863489,-0.42054259,-0.20193764
2005-11-07,5860.36328125,-0.00868616,0.00000000,0.00000000,-0.00000000,0.63682174,0.90863489,-0.42557585,-0.20193764
2005-11-08,5849.60302734,-0.00183611,0.00000000,0.00000000,-0.00000000,0.63565247,0.90863489,-0.42663055,-0.20193764
2005-11-09,5971.03271484,0.02075862,0.00000000,0.00000000,0.00000000,0.64884774,0.90863489,-0.41472819,-0.20193764
2005-11-10,5988.34228516,0.00289892,0.00000000,0.00000000,0.00000000,0.65072870,0.90863489,-0.41303153,-0.20193764
2005-11-11,6075.23193359,0.01450980,0.00000000,0.00000000,0.00000000,0.66017064,0.90863489,-0.40451474,-0.20193764
2005-11-14,6083.59228516,0.00137614,0.00000000,0.00000000,0.00000000,0.66107913,0.90863489,-0.40369527,-0.20193764
2005-11-15,6030.71240234,-0.00869221,0.00000000,0.00000000,-0.00000000,0.65533289,0.90863489,-0.40887848,-0.20193764
2005-11-16,6046.17236328,0.00256354,0.00000000,0.00000000,0.00000000,0.65701286,0.90863489,-0.40736312,-0.20193764
2005-11-17,6020.91210938,-0.00417789,0.00000000,0.00000000,-0.00000000,0.65426793,0.90863489,-0.40983909,-0.20193764
2005-11-18,6106.71240234,0.01425038,0.00000000,0.00000000,0.00000000,0.66359150,0.90863489,-0.40142907,-0.20193764
2005-11-21,6103.39208984,-0.00054372,0.00000000,0.00000000,-0.00000000,0.66323069,0.90863489,-0.40175452,-0.20193764
2005-11-22,6059.16210938,-0.00724679,0.00000000,0.00000000,-0.00000000,0.65842440,0.90863489,-0.40608988,-0.20193764
2005-11-23,6123.49218750,0.01061699,0.00000000,0.00000000,0.00000000,0.66541489,0.90863489,-0.39978434,-0.20193764
2005-11-24,6111.86230469,-0.00189922,0.00000000,0.00000000,-0.00000000,0.66415111,0.90863489,-0.40092428,-0.20193764
2005-11-25,6128.17236328,0.00266859,0.00000000,0.00000000,0.00000000,0.66592346,0.90863489,-0.39932560,-0.20193764
2005-11-28,6203.81103516,0.01234278,0.00000000,0.00000000,0.00000000,0.67414281,0.90863489,-0.39191161,-0.20193764
2005-11-29,6139.48193359,-0.01036929,0.00000000,0.00000000,-0.00000000,0.66715243,0.90863489,-0.39821705,-0.20193764
2005-11-30,6203.44140625,0.01041773,0.00000000,0.00000000,0.00000000,0.67410264,0.90863489,-0.39194784,-0.20193764
2005-12-01,6179.79101562,-0.00381246,0.00000000,0.00000000,-0.00000000,0.67153265,0.90863489,-0.39426601,-0.20193764
2005-12-02,6228.92138672,0.00795017,0.00000000,0.00000000,0.00000000,0.67687145,0.90863489,-0.38945033,-0.20193764
2005-12-05,6348.28027344,0.01916205,1.00000000,0.00000000,0.00000000,0.68984169,0.90863489,-0.37775094,-0.20193764
2005-12-06,6350.49023438,0.00034812,1.00000000,1.00000000,0.00034812,0.69008184,0.90895121,-0.37753433,-0.20165982
2005-12-07,6329.49072266,-0.00330675,1.00000000,1.00000000,-0.00330675,0.68779991,0.90594553,-0.37959267,-0.20429973
2005-12-08,6249.16113281,-0.01269132,1.00000000,1.00000000,-0.01269132,0.67907082,0.89444789,-0.38746646,-0.21439822
2005-12-09,6264.33056641,0.00242744,1.00000000,1.00000000,0.00242744,0.68071922,0.89661910,-0.38597957,-0.21249122
2005-12-12,6266.26074219,0.00030812,1.00000000,1.00000000,0.00030812,0.68092896,0.89689537,-0.38579038,-0.21224857
2005-12-13,6261.15087891,-0.00081546,1.00000000,1.00000000,-0.00081546,0.68037369,0.89616399,-0.38629124,-0.21289095
2005-12-14,6235.32128906,-0.00412537,1.00000000,1.00000000,-0.00412537,0.67756690,0.89246698,-0.38882302,-0.21613807
2005-12-15,6258.44091797,0.00370785,1.00000000,1.00000000,0.00370785,0.68007921,0.89577611,-0.38655686,-0.21323163
2005-12-16,6350.66015625,0.01473518,1.00000000,1.00000000,0.01473518,0.69010030,0.90897553,-0.37751767,-0.20163846
2005-12-19,6431.39013672,0.01271206,1.00000000,1.00000000,0.01271206,0.69887290,0.92053048,-0.36960464,-0.19148964
2005-12-20,6427.81005859,-0.00055666,1.00000000,1.00000000,-0.00055666,0.69848387,0.92001806,-0.36995555,-0.19193970
2005-12-21,6471.86035156,0.00685308,1.00000000,1.00000000,0.00685308,0.70327063,0.92632302,-0.36563781,-0.18640200
2005-12-22,6417.17041016,-0.00845042,1.00000000,1.00000000,-0.00845042,0.69732770,0.91849520,-0.37099843,-0.19327724
2005-12-23,6512.59960938,0.01487092,1.00000000,1.00000000,0.01487092,0.70769760,0.93215406,-0.36164461,-0.18128054
2005-12-26,6534.73974609,0.00339959,1.00000000,1.00000000,0.00339959,0.71010348,0.93532300,-0.35947446,-0.17849723
2005-12-27,6531.55957031,-0.00048666,1.00000000,1.00000000,-0.00048666,0.70975790,0.93486782,-0.35978618,-0.17889702
2005-12-28,6524.36962891,-0.00110080,1.00000000,1.00000000,-0.00110080,0.70897660,0.93383872,-0.36049093,-0.17980089
2005-12-29,6575.49951172,0.00783675,1.00000000,1.00000000,0.00783675,0.71453268,0.94115698,-0.35547925,-0.17337319
2005-12-30,6548.30957031,-0.00413504,1.00000000,1.00000000,-0.00413504,0.71157806,0.93726526,-0.35814437,-0.17679132
2006-01-02,6462.03027344,-0.01317581,1.00000000,1.00000000,-0.01317581,0.70220244,0.92491603,-0.36660134,-0.18763777
2006-01-03,6591.73974609,0.02007256,1.00000000,1.00000000,0.02007256,0.71629744,0.94348146,-0.35388741,-0.17133158
2006-01-04,6616.40966797,0.00374255,1.00000000,1.00000000,0.00374255,0.71897822,0.94701249,-0.35146930,-0.16823025
2006-01-05,6709.83886719,0.01412083,1.00000000,1.00000000,0.01412083,0.72913079,0.96038509,-0.34231150,-0.15648497
2006-01-06,6694.78857422,-0.00224302,1.00000000,1.00000000,-0.00224302,0.72749533,0.95823093,-0.34378671,-0.15837699
2006-01-09,6742.35888672,0.00710557,1.00000000,1.00000000,0.00710557,0.73266460,0.96503971,-0.33912394,-0.15239677
2006-01-10,6707.36865234,-0.00518961,1.00000000,1.00000000,-0.00518961,0.72886236,0.96003153,-0.34255363,-0.15679551
2006-01-11,6735.85888672,0.00424760,1.00000000,1.00000000,0.00424760,0.73195827,0.96410936,-0.33976106,-0.15321391
2006-01-12,6725.57861328,-0.00152620,1.00000000,1.00000000,-0.00152620,0.73084116,0.96263793,-0.34076872,-0.15450627
2006-01-13,6682.31933594,-0.00643205,1.00000000,1.00000000,-0.00643205,0.72614035,0.95644620,-0.34500893,-0.15994453
2006-01-16,6724.14892578,0.00625974,1.00000000,1.00000000,0.00625974,0.73068580,0.96243330,-0.34090885,-0.15468600
2006-01-17,6711.00878906,-0.00195417,1.00000000,1.00000000,-0.00195417,0.72925792,0.96055254,-0.34219683,-0.15633789
2006-01-18,6498.88964844,-0.03160764,1.00000000,1.00000000,-0.03160764,0.70620780,0.93019175,-0.36298844,-0.18300406
2006-01-19,6512.25976562,0.00205729,1.00000000,1.00000000,0.00205729,0.70766067,0.93210542,-0.36167792,-0.18132326
2006-01-20,6486.59960938,-0.00394028,1.00000000,1.00000000,-0.00394028,0.70487229,0.92843266,-0.36419309,-0.18454908
2006-01-23,6381.94042969,-0.01613468,1.00000000,1.00000000,-0.01613468,0.69349940,0.91345270,-0.37445163,-0.19770612
2006-01-24,6451.91015625,0.01096371,1.00000000,1.00000000,0.01096371,0.70110273,0.92346753,-0.36759330,-0.18891000
2006-01-25,6532.14990234,0.01243659,1.00000000,1.00000000,0.01243659,0.70982205,0.93495231,-0.35972831,-0.17882281
2006-02-03,6594.56982422,0.00955580,1.00000000,1.00000000,0.00955580,0.71660497,0.94388653,-0.35361001,-0.17097580
2006-02-06,6719.92871094,0.01900941,1.00000000,1.00000000,0.01900941,0.73022721,0.96182926,-0.34132251,-0.15521654
2006-02-07,6720.04882812,0.00001787,1.00000000,1.00000000,0.00001787,0.73024026,0.96184645,-0.34131074,-0.15520144
2006-02-08,6624.07910156,-0.01428111,1.00000000,1.00000000,-0.01428111,0.71981162,0.94811022,-0.35071755,-0.16726610
2006-02-09,6630.09912109,0.00090881,1.00000000,1.00000000,0.00090881,0.72046579,0.94897187,-0.35012748,-0.16650930
2006-02-10,6594.88964844,-0.00531055,1.00000000,1.00000000,-0.00531055,0.71663972,0.94393231,-0.35357866,-0.17093560
2006-02-13,6562.25976562,-0.00494775,1.00000000,1.00000000,-0.00494775,0.71309397,0.93926197,-0.35677699,-0.17503760
2006-02-14,6612.93994141,0.00772298,1.00000000,1.00000000,0.00772298,0.71860117,0.94651586,-0.35180939,-0.16866644
2006-02-15,6598.45996094,-0.00218964,1.00000000,1.00000000,-0.00218964,0.71702769,0.94444333,-0.35322870,-0.17048676
2006-02-16,6683.89892578,0.01294832,1.00000000,1.00000000,0.01294832,0.72631200,0.95667228,-0.34485410,-0.15974596
2006-02-17,6673.71923828,-0.00152302,1.00000000,1.00000000,-0.00152302,0.72520581,0.95521526,-0.34585190,-0.16102568
2006-02-20,6686.51855469,0.00191787,1.00000000,1.00000000,0.00191787,0.72659666,0.95704723,-0.34459733,-0.15941664
2006-02-21,6631.47900391,-0.00823142,1.00000000,1.00000000,-0.00823142,0.72061574,0.94916938,-0.34999222,-0.16633583
2006-02-22,6530.66992188,-0.01520160,1.00000000,1.00000000,-0.01520160,0.70966123,0.93474048,-0.35987338,-0.17900886
2006-02-23,6474.66015625,-0.00857642,1.00000000,1.00000000,-0.00857642,0.70357488,0.92672376,-0.36536337,-0.18605003
2006-02-24,6538.18994141,0.00981206,1.00000000,1.00000000,0.00981206,0.71047840,0.93581683,-0.35913628,-0.17806350
2006-02-27,6561.59960938,0.00358045,1.00000000,1.00000000,0.00358045,0.71302223,0.93916748,-0.35684170,-0.17512059
2006-03-01,6613.35986328,0.00788836,1.00000000,1.00000000,0.00788836,0.71864681,0.94657597,-0.35176823,-0.16861365
2006-03-02,6642.92919922,0.00447115,1.00000000,1.00000000,0.00447115,0.72185998,0.95080825,-0.34886989,-0.16489639
2006-03-03,6553.62988281,-0.01344276,1.00000000,1.00000000,-0.01344276,0.71215619,0.93802676,-0.35762288,-0.17612249
2006-03-06,6575.74951172,0.00337517,1.00000000,1.00000000,0.00337517,0.71455984,0.94119276,-0.35545475,-0.17334176
2006-03-07,6494.11962891,-0.01241378,1.00000000,1.00000000,-0.01241378,0.70568946,0.92950901,-0.36345599,-0.18360371
2006-03-08,6459.54003906,-0.00532475,1.00000000,1.00000000,-0.00532475,0.70193183,0.92455960,-0.36684543,-0.18795082
2006-03-09,6486.43994141,0.00416437,1.00000000,1.00000000,0.00416437,0.70485494,0.92840981,-0.36420874,-0.18456915
2006-03-10,6490.64990234,0.00064904,1.00000000,1.00000000,0.00064904,0.70531242,0.92901238,-0.36379608,-0.18403990
2006-03-13,6544.59960938,0.00831191,1.00000000,1.00000000,0.00831191,0.71117491,0.93673425,-0.35850801,-0.17725772
2006-03-14,6459.97998047,-0.01292969,1.00000000,1.00000000,-0.01292969,0.70197964,0.92462257,-0.36680230,-0.18789552
2006-03-15,6518.66992188,0.00908516,1.00000000,1.00000000,0.00908516,0.70835724,0.93302291,-0.36104960,-0.18051742
2006-03-16,6504.94970703,-0.00210476,1.00000000,1.00000000,-0.00210476,0.70686632,0.93105913,-0.36239444,-0.18224223
2006-03-17,6528.53955078,0.00362645,1.00000000,1.00000000,0.00362645,0.70942973,0.93443556,-0.36008220,-0.17927668
2006-03-20,6516.48974609,-0.00184571,0.00000000,1.00000000,-0.00184571,0.70812033,0.93271086,-0.36126330,-0.18079150
2006-03-21,6458.00000000,-0.00897565,0.00000000,0.00000000,-0.00000000,0.70176448,0.93271086,-0.36699638,-0.18079150
2006-03-22,6391.22998047,-0.01033912,0.00000000,0.00000000,-0.00000000,0.69450886,0.93271086,-0.37354108,-0.18079150
2006-03-23,6364.57031250,-0.00417129,0.00000000,0.00000000,-0.00000000,0.69161186,0.93271086,-0.37615422,-0.18079150
2006-03-24,6376.59033203,0.00188858,0.00000000,0.00000000,0.00000000,0.69291803,0.93271086,-0.37497603,-0.18079150
2006-03-27,6421.82031250,0.00709313,0.00000000,0.00000000,0.00000000,0.69783299,0.93271086,-0.37054266,-0.18079150
2006-03-28,6453.82031250,0.00498301,0.00000000,0.00000000,0.00000000,0.70131029,0.93271086,-0.36740607,-0.18079150
2006-03-29,6497.99951172,0.00684543,0.00000000,0.00000000,0.00000000,0.70611107,0.93271086,-0.36307569,-0.18079150
2006-03-30,6546.02978516,0.00739155,0.00000000,0.00000000,0.00000000,0.71133032,0.93271086,-0.35836783,-0.18079150
2006-03-31,6613.93994141,0.01037425,0.00000000,0.00000000,0.00000000,0.71870984,0.93271086,-0.35171138,-0.18079150
2006-04-03,6660.72900391,0.00707431,0.00000000,0.00000000,0.00000000,0.72379422,0.93271086,-0.34712518,-0.18079150
2006-04-04,6665.56933594,0.00072670,0.00000000,0.00000000,0.00000000,0.72432020,0.93271086,-0.34665074,-0.18079150
2006-04-06,6760.78857422,0.01428524,0.00000000,0.00000000,0.00000000,0.73466728,0.93271086,-0.33731749,-0.18079150
2006-04-07,6781.90869141,0.00312391,0.00000000,0.00000000,0.00000000,0.73696232,0.93271086,-0.33524733,-0.18079150
2006-04-10,6780.60888672,-0.00019166,1.00000000,0.00000000,-0.00000000,0.73682107,0.93271086,-0.33537473,-0.18079150
2006-04-11,6757.13867188,-0.00346137,1.00000000,1.00000000,-0.00346137,0.73427066,0.92948240,-0.33767525,-0.18362708
2006-04-12,6808.46875000,0.00759642,1.00000000,1.00000000,0.00759642,0.73984849,0.93654314,-0.33264395,-0.17742557
2006-04-13,6855.70849609,0.00693838,1.00000000,1.00000000,0.00693838,0.74498184,0.94304124,-0.32801358,-0.17171823
2006-04-14,6952.50830078,0.01411959,1.00000000,1.00000000,0.01411959,0.75550068,0.95635659,-0.31852541,-0.16002323
2006-04-17,7000.05810547,0.00683923,1.00000000,1.00000000,0.00683923,0.76066772,0.96289734,-0.31386464,-0.15427844
2006-04-18,6989.42822266,-0.00151854,1.00000000,1.00000000,-0.00151854,0.75951262,0.96143514,-0.31490657,-0.15556270
2006-04-19,7038.74804688,0.00705635,1.00000000,1.00000000,0.00705635,0.76487200,0.96821936,-0.31007231,-0.14960406
2006-04-20,7102.70800781,0.00908684,1.00000000,1.00000000,0.00908684,0.77182227,0.97701741,-0.30380305,-0.14187665
2006-04-21,7093.01757812,-0.00136433,1.00000000,1.00000000,-0.00136433,0.77076925,0.97568443,-0.30475289,-0.14304741
2006-04-24,7096.00781250,0.00042157,1.00000000,1.00000000,0.00042157,0.77109419,0.97609576,-0.30445979,-0.14268614
2006-04-25,7059.90820312,-0.00508731,1.00000000,1.00000000,-0.00508731,0.76717139,0.97113005,-0.30799823,-0.14704757
2006-04-26,7168.94677734,0.01544476,1.00000000,1.00000000,0.01544476,0.77902017,0.98612892,-0.29731043,-0.13387392
2006-04-27,7136.17724609,-0.00457104,1.00000000,1.00000000,-0.00457104,0.77545924,0.98162129,-0.30052245,-0.13783302
2006-04-28,7171.73681641,0.00498300,1.00000000,1.00000000,0.00498300,0.77932335,0.98651271,-0.29703695,-0.13353684
2006-05-02,7199.56689453,0.00388052,1.00000000,1.00000000,0.00388052,0.78234753,0.99034089,-0.29430909,-0.13017451
2006-05-03,7242.33691406,0.00594064,1.00000000,1.00000000,0.00594064,0.78699517,0.99622415,-0.29011683,-0.12500719
2006-05-04,7345.00634766,0.01417629,1.00000000,1.00000000,0.01417629,0.79815184,1.01034691,-0.28005333,-0.11260305
2006-05-05,7370.40625000,0.00345812,1.00000000,1.00000000,0.00345812,0.80091194,1.01384081,-0.27756367,-0.10953432
2006-05-08,7474.01562500,0.01405748,1.00000000,1.00000000,0.01405748,0.81217075,1.02809286,-0.26740803,-0.09701662
2006-05-09,7388.90576172,-0.01138743,1.00000000,1.00000000,-0.01138743,0.80292221,1.01638552,-0.27575037,-0.10729928
2006-05-10,7324.67626953,-0.00869269,1.00000000,1.00000000,-0.00869269,0.79594265,1.00755039,-0.28204605,-0.11505925
2006-05-11,7361.41650391,0.00501595,1.00000000,1.00000000,0.00501595,0.79993507,1.01260422,-0.27844483,-0.11062043
2006-05-12,7278.92626953,-0.01120576,1.00000000,1.00000000,-0.01120576,0.79097119,1.00125722,-0.28653040,-0.12058660
2006-05-15,7176.31689453,-0.01409677,1.00000000,1.00000000,-0.01409677,0.77982105,0.98714272,-0.29658802,-0.13298349
2006-05-16,7069.86816406,-0.01483334,1.00000000,1.00000000,-0.01483334,0.76825370,0.97250010,-0.30702196,-0.14584424
2006-05-17,7116.79736328,0.00663792,1.00000000,1.00000000,0.00663792,0.77335330,0.97895548,-0.30242203,-0.14017443
2006-05-18,7033.99804688,-0.01163435,1.00000000,1.00000000,-0.01163435,0.76435584,0.96756597,-0.31053790,-0.15017794
2006-05-19,7074.11816406,0.00570374,1.00000000,1.00000000,0.00570374,0.76871553,0.97308471,-0.30660539,-0.14533077
2006-05-22,6938.22802734,-0.01920948,1.00000000,1.00000000,-0.01920948,0.75394890,0.95439226,-0.31992514,-0.16174852
2006-05-23,6843.94824219,-0.01358845,1.00000000,1.00000000,-0.01358845,0.74370390,0.94142355,-0.32916630,-0.17313907
2006-05-24,6876.97802734,0.00482613,1.00000000,1.00000000,0.00482613,0.74729312,0.94596698,-0.32592877,-0.16914853
2006-05-25,6861.61816406,-0.00223352,1.00000000,1.00000000,-0.00223352,0.74562402,0.94385414,-0.32743432,-0.17100425
2006-05-26,6879.47802734,0.00260286,1.00000000,1.00000000,0.00260286,0.74756478,0.94631087,-0.32568372,-0.16884649
2006-05-29,6878.84814453,-0.00009156,1.00000000,1.00000000,-0.00009156,0.74749633,0.94622422,-0.32574546,-0.16892259
2006-05-30,6846.91845703,-0.00464172,1.00000000,1.00000000,-0.00464172,0.74402666,0.94183212,-0.32887517,-0.17278021
2006-06-01,6872.80810547,0.00378121,1.00000000,1.00000000,0.00378121,0.74683999,0.94539338,-0.32633750,-0.16965232
2006-06-02,6959.60839844,0.01262952,1.00000000,1.00000000,0.01262952,0.75627222,0.95733325,-0.31782946,-0.15916543
2006-06-05,6715.23876953,-0.03511255,1.00000000,1.00000000,-0.03511255,0.72971757,0.92371884,-0.34178221,-0.18868928
2006-06-06,6730.23876953,0.00223373,1.00000000,1.00000000,0.00223373,0.73134756,0.92578217,-0.34031194,-0.18687703
2006-06-07,6612.70996094,-0.01746280,1.00000000,1.00000000,-0.01746280,0.71857618,0.90961542,-0.35183194,-0.20107643
2006-06-08,6331.78027344,-0.04248329,1.00000000,1.00000000,-0.04248329,0.68804870,0.87097196,-0.37936825,-0.23501734
2006-06-09,6444.60009766,0.01781803,1.00000000,1.00000000,0.01781803,0.70030837,0.88649097,-0.36830982,-0.22138686
2006-06-12,6442.87011719,-0.00026844,0.00000000,1.00000000,-0.00026844,0.70012038,0.88625300,-0.36847939,-0.22159587
2006-06-13,6337.18017578,-0.01640417,0.00000000,0.00000000,-0.00000000,0.68863549,0.88625300,-0.37883896,-0.22159587
2006-06-14,6468.97998047,0.02079786,0.00000000,0.00000000,0.00000000,0.70295763,0.88625300,-0.36592014,-0.22159587
2006-06-15,6426.36035156,-0.00658831,0.00000000,0.00000000,-0.00000000,0.69832633,0.88625300,-0.37009765,-0.22159587
2006-06-16,6575.73974609,0.02324479,0.00000000,0.00000000,0.00000000,0.71455878,0.88625300,-0.35545570,-0.22159587
2006-06-19,6583.00976562,0.00110558,0.00000000,0.00000000,0.00000000,0.71534878,0.88625300,-0.35474311,-0.22159587
2006-06-20,6363.52001953,-0.03334185,0.00000000,0.00000000,-0.00000000,0.69149773,0.88625300,-0.37625717,-0.22159587
2006-06-21,6299.56054688,-0.01005096,0.00000000,0.00000000,-0.00000000,0.68454752,0.88625300,-0.38252638,-0.22159587
2006-06-22,6485.12011719,0.02945595,0.00000000,0.00000000,0.00000000,0.70471152,0.88625300,-0.36433810,-0.22159587
2006-06-23,6452.28027344,-0.00506388,0.00000000,0.00000000,-0.00000000,0.70114294,0.88625300,-0.36755702,-0.22159587
2006-06-26,6523.64990234,0.01106115,0.00000000,0.00000000,0.00000000,0.70889839,0.88625300,-0.36056147,-0.22159587
2006-06-27,6572.35986328,0.00746667,0.00000000,0.00000000,0.00000000,0.71419150,0.88625300,-0.35578699,-0.22159587
2006-06-28,6540.89990234,-0.00478671,0.00000000,0.00000000,-0.00000000,0.71077288,0.88625300,-0.35887065,-0.22159587
2006-06-29,6607.35986328,0.01016068,0.00000000,0.00000000,0.00000000,0.71799481,0.88625300,-0.35235635,-0.22159587
2006-06-30,6704.37890625,0.01468348,0.00000000,0.00000000,0.00000000,0.72853747,0.88625300,-0.34284668,-0.22159587
2006-07-03,6718.46875000,0.00210159,0.00000000,0.00000000,0.00000000,0.73006856,0.88625300,-0.34146562,-0.22159587
2006-07-04,6734.47851562,0.00238295,0.00000000,0.00000000,0.00000000,0.73180828,0.88625300,-0.33989636,-0.22159587
2006-07-05,6659.92919922,-0.01106980,0.00000000,0.00000000,-0.00000000,0.72370731,0.88625300,-0.34720358,-0.22159587
2006-07-06,6659.03906250,-0.00013366,0.00000000,0.00000000,-0.00000000,0.72361058,0.88625300,-0.34729083,-0.22159587
2006-07-07,6660.57910156,0.00023127,0.00000000,0.00000000,0.00000000,0.72377793,0.88625300,-0.34713987,-0.22159587
2006-07-10,6682.42919922,0.00328051,0.00000000,0.00000000,0.00000000,0.72615229,0.88625300,-0.34499816,-0.22159587
2006-07-11,6639.09912109,-0.00648418,0.00000000,0.00000000,-0.00000000,0.72144379,0.88625300,-0.34924531,-0.22159587
2006-07-12,6634.05908203,-0.00075915,0.00000000,0.00000000,-0.00000000,0.72089611,0.88625300,-0.34973933,-0.22159587
2006-07-13,6567.56982422,-0.01002241,0.00000000,0.00000000,-0.00000000,0.71367099,0.88625300,-0.35625651,-0.22159587
2006-07-14,6428.00000000,-0.02125137,0.00000000,0.00000000,-0.00000000,0.69850451,0.88625300,-0.36993693,-0.22159587
2006-07-17,6257.77050781,-0.02648250,0.00000000,0.00000000,-0.00000000,0.68000636,0.88625300,-0.38662258,-0.22159587
2006-07-18,6285.28076172,0.00439617,0.00000000,0.00000000,0.00000000,0.68299579,0.88625300,-0.38392606,-0.22159587
2006-07-19,6277.21093750,-0.00128392,0.00000000,0.00000000,-0.00000000,0.68211887,0.88625300,-0.38471706,-0.22159587
2006-07-20,6443.71044922,0.02652444,0.00000000,0.00000000,0.00000000,0.70021170,0.88625300,-0.36839702,-0.22159587
2006-07-21,6419.97998047,-0.00368273,0.00000000,0.00000000,-0.00000000,0.69763300,0.88625300,-0.37072304,-0.22159587
2006-07-24,6359.60009766,-0.00940500,0.00000000,0.00000000,-0.00000000,0.69107177,0.88625300,-0.37664139,-0.22159587
2006-07-25,6390.96044922,0.00493118,0.00000000,0.00000000,0.00000000,0.69447957,0.88625300,-0.37356750,-0.22159587
2006-07-26,6376.36035156,-0.00228449,0.00000000,0.00000000,-0.00000000,0.69289304,0.88625300,-0.37499858,-0.22159587
2006-07-27,6459.22021484,0.01299485,0.00000000,0.00000000,0.00000000,0.70189708,0.88625300,-0.36687677,-0.22159587
2006-07-28,6480.04003906,0.00322327,0.00000000,0.00000000,0.00000000,0.70415949,0.88625300,-0.36483605,-0.22159587
2006-07-31,6454.55029297,-0.00393358,0.00000000,0.00000000,-0.00000000,0.70138962,0.88625300,-0.36733451,-0.22159587
2006-08-01,6441.43017578,-0.00203269,0.00000000,0.00000000,-0.00000000,0.69996391,0.88625300,-0.36862053,-0.22159587
2006-08-02,6471.39013672,0.00465113,0.00000000,0.00000000,0.00000000,0.70321954,0.88625300,-0.36568390,-0.22159587
2006-08-03,6462.29003906,-0.00140620,0.00000000,0.00000000,-0.00000000,0.70223067,0.88625300,-0.36657588,-0.22159587
2006-08-04,6442.58007812,-0.00305000,0.00000000,0.00000000,-0.00000000,0.70008886,0.88625300,-0.36850782,-0.22159587
2006-08-07,6416.58007812,-0.00403565,0.00000000,0.00000000,-0.00000000,0.69726355,0.88625300,-0.37105630,-0.22159587
2006-08-08,6502.10986328,0.01332950,0.00000000,0.00000000,0.00000000,0.70655772,0.88625300,-0.36267279,-0.22159587
2006-08-09,6573.18994141,0.01093185,0.00000000,0.00000000,0.00000000,0.71428170,0.88625300,-0.35570563,-0.22159587
2006-08-10,6578.57958984,0.00081994,0.00000000,0.00000000,0.00000000,0.71486738,0.88625300,-0.35517735,-0.22159587
2006-08-11,6571.06982422,-0.00114155,0.00000000,0.00000000,-0.00000000,0.71405132,0.88625300,-0.35591344,-0.22159587
2006-08-14,6611.86962891,0.00620900,0.00000000,0.00000000,0.00000000,0.71848487,0.88625300,-0.35191430,-0.22159587
2006-08-15,6615.09960938,0.00048851,0.00000000,0.00000000,0.00000000,0.71883586,0.88625300,-0.35159771,-0.22159587
2006-08-16,6696.59863281,0.01232015,0.00000000,0.00000000,0.00000000,0.72769202,0.88625300,-0.34360929,-0.22159587
2006-08-17,6733.42871094,0.00549982,0.00000000,0.00000000,0.00000000,0.73169420,0.88625300,-0.33999926,-0.22159587
2006-08-18,6721.04882812,-0.00183857,0.00000000,0.00000000,-0.00000000,0.73034893,0.88625300,-0.34121272,-0.22159587
2006-08-21,6505.88964844,-0.03201274,0.00000000,0.00000000,-0.00000000,0.70696846,0.88625300,-0.36230231,-0.22159587
2006-08-22,6590.16992188,0.01295446,0.00000000,0.00000000,0.00000000,0.71612685,0.88625300,-0.35404128,-0.22159587
2006-08-23,6556.29980469,-0.00513949,0.00000000,0.00000000,-0.00000000,0.71244632,0.88625300,-0.35736118,-0.22159587
2006-08-24,6550.60986328,-0.00086786,0.00000000,0.00000000,-0.00000000,0.71182802,0.88625300,-0.35791890,-0.22159587
2006-08-25,6526.18994141,-0.00372789,0.00000000,0.00000000,-0.00000000,0.70917441,0.88625300,-0.36031250,-0.22159587
2006-08-28,6444.72998047,-0.01248201,0.00000000,0.00000000,-0.00000000,0.70032249,0.88625300,-0.36829709,-0.22159587
2006-08-29,6479.88037109,0.00545413,0.00000000,0.00000000,0.00000000,0.70414213,0.88625300,-0.36485170,-0.22159587
2006-08-30,6587.08984375,0.01654498,0.00000000,0.00000000,0.00000000,0.71579215,0.88625300,-0.35434318,-0.22159587
2006-08-31,6611.73974609,0.00374215,0.00000000,0.00000000,0.00000000,0.71847075,0.88625300,-0.35192704,-0.22159587
2006-09-01,6651.42919922,0.00600288,0.00000000,0.00000000,0.00000000,0.72278365,0.88625300,-0.34803673,-0.22159587
2006-09-04,6750.74853516,0.01493203,0.00000000,0.00000000,0.00000000,0.73357627,0.88625300,-0.33830160,-0.22159587
2006-09-05,6734.69873047,-0.00237749,0.00000000,0.00000000,-0.00000000,0.73183220,0.88625300,-0.33987478,-0.22159587
2006-09-06,6688.36865234,-0.00687931,0.00000000,0.00000000,-0.00000000,0.72679770,0.88625300,-0.34441598,-0.22159587
2006-09-07,6685.19873047,-0.00047395,0.00000000,0.00000000,-0.00000000,0.72645324,0.88625300,-0.34472669,-0.22159587
2006-09-08,6693.07861328,0.00117871,0.00000000,0.00000000,0.00000000,0.72730952,0.88625300,-0.34395432,-0.22159587
2006-09-11,6693.84863281,0.00011505,0.00000000,0.00000000,0.00000000,0.72739319,0.88625300,-0.34387884,-0.22159587
2006-09-12,6625.69921875,-0.01018090,0.00000000,0.00000000,-0.00000000,0.71998767,0.88625300,-0.35055875,-0.22159587
2006-09-13,6664.83935547,0.00590732,0.00000000,0.00000000,0.00000000,0.72424087,0.88625300,-0.34672229,-0.22159587
2006-09-14,6598.83984375,-0.00990264,0.00000000,0.00000000,-0.00000000,0.71706897,0.88625300,-0.35319146,-0.22159587
2006-09-15,6681.05908203,0.01245965,0.00000000,0.00000000,0.00000000,0.72600340,0.88625300,-0.34513246,-0.22159587
2006-09-18,6882.44824219,0.03014330,0.00000000,0.00000000,0.00000000,0.74788754,0.88625300,-0.32539259,-0.22159587
2006-09-19,6881.83837891,-0.00008861,0.00000000,0.00000000,-0.00000000,0.74782127,0.88625300,-0.32545237,-0.22159587
2006-09-20,6877.73828125,-0.00059579,0.00000000,0.00000000,-0.00000000,0.74737573,0.88625300,-0.32585425,-0.22159587
2006-09-21,6889.85839844,0.00176222,0.00000000,0.00000000,0.00000000,0.74869277,0.88625300,-0.32466626,-0.22159587
2006-09-22,6885.56835938,-0.00062266,0.00000000,0.00000000,-0.00000000,0.74822659,0.88625300,-0.32508676,-0.22159587
2006-09-25,6911.17822266,0.00371935,1.00000000,0.00000000,0.00000000,0.75100951,0.88625300,-0.32257652,-0.22159587
2006-09-26,6901.71826172,-0.00136879,1.00000000,1.00000000,-0.00136879,0.74998154,0.88503990,-0.32350377,-0.22266134
2006-09-27,6946.23828125,0.00645057,1.00000000,1.00000000,0.00645057,0.75481934,0.89074891,-0.31913998,-0.21764706
2006-09-28,6885.08837891,-0.00880331,1.00000000,1.00000000,-0.00880331,0.74817443,0.88290737,-0.32513381,-0.22453436
2006-09-29,6883.01806641,-0.00030070,1.00000000,1.00000000,-0.00030070,0.74794946,0.88264189,-0.32533674,-0.22476754
2006-10-02,6960.91845703,0.01131777,1.00000000,1.00000000,0.01131777,0.75641458,0.89263142,-0.31770105,-0.21599364
2006-10-03,6956.84814453,-0.00058474,1.00000000,1.00000000,-0.00058474,0.75597227,0.89210947,-0.31810002,-0.21645207
2006-10-04,6874.94824219,-0.01177256,1.00000000,1.00000000,-0.01177256,0.74707255,0.88160706,-0.32612773,-0.22567644
2006-10-05,6997.20849609,0.01778344,1.00000000,1.00000000,0.01778344,0.76035807,0.89728506,-0.31414396,-0.21190630
2006-10-11,7006.63818359,0.00134764,1.00000000,1.00000000,0.00134764,0.76138275,0.89849428,-0.31321967,-0.21084424
2006-10-12,6984.54833984,-0.00315270,1.00000000,1.00000000,-0.00315270,0.75898234,0.89566159,-0.31538489,-0.21333221
2006-10-13,7068.76806641,0.01205801,1.00000000,1.00000000,0.01205801,0.76813416,0.90646149,-0.30712979,-0.20384656
2006-10-16,7151.38720703,0.01168791,1.00000000,1.00000000,0.01168791,0.77711204,0.91705613,-0.29903159,-0.19454119
2006-10-17,7075.09765625,-0.01066780,1.00000000,1.00000000,-0.01066780,0.76882197,0.90727316,-0.30650938,-0.20313366
2006-10-18,7017.56835938,-0.00813124,1.00000000,1.00000000,-0.00813124,0.76257049,0.89989591,-0.31214831,-0.20961317
2006-10-19,6995.79833984,-0.00310222,1.00000000,1.00000000,-0.00310222,0.76020483,0.89710423,-0.31428218,-0.21206512
2006-10-20,7039.33837891,0.00622374,1.00000000,1.00000000,0.00622374,0.76493615,0.90268758,-0.31001445,-0.20716122
2006-10-23,7040.22802734,0.00012638,1.00000000,1.00000000,0.00012638,0.76503283,0.90280166,-0.30992725,-0.20706102
2006-10-24,7097.38769531,0.00811901,1.00000000,1.00000000,0.00811901,0.77124413,0.91013152,-0.30432454,-0.20062314
2006-10-25,7059.85839844,-0.00528776,1.00000000,1.00000000,-0.00528776,0.76716598,0.90531896,-0.30800311,-0.20485006
2006-10-26,7080.80761719,0.00296737,1.00000000,1.00000000,0.00296737,0.76944244,0.90800537,-0.30594970,-0.20249055
2006-10-27,7086.70800781,0.00083329,1.00000000,1.00000000,0.00083329,0.77008362,0.90876201,-0.30537135,-0.20182599
2006-10-30,6995.16845703,-0.01291708,1.00000000,1.00000000,-0.01291708,0.76013639,0.89702346,-0.31434392,-0.21213607
2006-10-31,7021.28808594,0.00373395,1.00000000,1.00000000,0.00373395,0.76297470,0.90037290,-0.31178371,-0.20919422
2006-11-01,7013.95849609,-0.00104391,1.00000000,1.00000000,-0.00104391,0.76217822,0.89943300,-0.31250215,-0.21001975
2006-11-02,7078.06787109,0.00914026,1.00000000,1.00000000,0.00914026,0.76914473,0.90765404,-0.30621824,-0.20279913
2006-11-03,7161.57714844,0.01179832,1.00000000,1.00000000,0.01179832,0.77821934,0.91836283,-0.29803279,-0.19339350
2006-11-06,7120.40722656,-0.00574872,1.00000000,1.00000000,-0.00574872,0.77374557,0.91308342,-0.30206820,-0.19803046
2006-11-07,7184.61669922,0.00901767,1.00000000,1.00000000,0.00901767,0.78072295,0.92131730,-0.29577448,-0.19079856
2006-11-08,7178.30664062,-0.00087827,1.00000000,1.00000000,-0.00087827,0.78003726,0.92050813,-0.29639299,-0.19150926
2006-11-09,7151.09716797,-0.00379051,1.00000000,1.00000000,-0.00379051,0.77708052,0.91701894,-0.29906002,-0.19457386
2006-11-10,7174.16699219,0.00322605,1.00000000,1.00000000,0.00322605,0.77958743,0.91997729,-0.29679875,-0.19197551
2006-11-13,7136.02734375,-0.00531625,1.00000000,1.00000000,-0.00531625,0.77544295,0.91508646,-0.30053714,-0.19627117
2006-11-14,7204.00683594,0.00952624,1.00000000,1.00000000,0.00952624,0.78283000,0.92380379,-0.29387389,-0.18861466
2006-11-15,7236.81689453,0.00455442,1.00000000,1.00000000,0.00455442,0.78639534,0.92801118,-0.29065790,-0.18491927
2006-11-16,7257.44628906,0.00285062,1.00000000,1.00000000,0.00285062,0.78863705,0.93065659,-0.28863583,-0.18259579
2006-11-17,7259.50634766,0.00028385,1.00000000,1.00000000,0.00028385,0.78886091,0.93092076,-0.28843391,-0.18236376
2006-11-20,7261.44628906,0.00026723,1.00000000,1.00000000,0.00026723,0.78907171,0.93116952,-0.28824376,-0.18214527
2006-11-21,7309.65625000,0.00663917,1.00000000,1.00000000,0.00663917,0.79431049,0.93735171,-0.28351829,-0.17671539
2006-11-22,7348.73632812,0.00534636,1.00000000,1.00000000,0.00534636,0.79855716,0.94236314,-0.27968772,-0.17231381
2006-11-23,7384.65576172,0.00488784,1.00000000,1.00000000,0.00488784,0.80246038,0.94696926,-0.27616695,-0.16826822
2006-11-24,7427.32568359,0.00577819,1.00000000,1.00000000,0.00577819,0.80709715,0.95244102,-0.27198451,-0.16346232
2006-11-27,7498.11572266,0.00953103,1.00000000,1.00000000,0.00953103,0.81478961,0.96151876,-0.26504577,-0.15548925
2006-11-28,7444.90576172,-0.00709644,1.00000000,1.00000000,-0.00709644,0.80900750,0.95469540,-0.27026133,-0.16148228
2006-11-29,7474.15576172,0.00392886,1.00000000,1.00000000,0.00392886,0.81218598,0.95844626,-0.26739429,-0.15818786
2006-11-30,7567.68505859,0.01251369,1.00000000,1.00000000,0.01251369,0.82234943,0.97043997,-0.25822669,-0.14765368
2006-12-01,7613.53466797,0.00605860,1.00000000,1.00000000,0.00605860,0.82733172,0.97631948,-0.25373258,-0.14248965
2006-12-04,7646.97460938,0.00439217,1.00000000,1.00000000,0.00439217,0.83096550,0.98060764,-0.25045484,-0.13872332
2006-12-05,7609.86474609,-0.00485288,1.00000000,1.00000000,-0.00485288,0.82693292,0.97584887,-0.25409230,-0.14290299
2006-12-06,7693.29492188,0.01096342,1.00000000,1.00000000,0.01096342,0.83599894,0.98654751,-0.24591459,-0.13350627
2006-12-07,7686.48486328,-0.00088519,1.00000000,1.00000000,-0.00088519,0.83525892,0.98567423,-0.24658211,-0.13427329
2006-12-08,7636.26464844,-0.00653357,1.00000000,1.00000000,-0.00653357,0.82980169,0.97923425,-0.25150462,-0.13992958
2006-12-11,7612.08496094,-0.00316643,1.00000000,1.00000000,-0.00316643,0.82717418,0.97613358,-0.25387468,-0.14265293
2006-12-12,7458.52587891,-0.02017306,1.00000000,1.00000000,-0.02017306,0.81048754,0.95644197,-0.26892631,-0.15994825
2006-12-13,7450.26562500,-0.00110749,1.00000000,1.00000000,-0.00110749,0.80958994,0.95538272,-0.26973597,-0.16087860
2006-12-14,7480.37597656,0.00404151,1.00000000,1.00000000,0.00404151,0.81286191,0.95924391,-0.26678460,-0.15748728
2006-12-15,7538.78515625,0.00780832,1.00000000,1.00000000,0.00780832,0.81920899,0.96673400,-0.26105941,-0.15090867
2006-12-18,7624.58496094,0.01138112,1.00000000,1.00000000,0.01138112,0.82853251,0.97773651,-0.25264944,-0.14124506
2006-12-19,7598.84472656,-0.00337595,1.00000000,1.00000000,-0.00337595,0.82573542,0.97443572,-0.25517246,-0.14414417
2006-12-20,7648.31494141,0.00651023,1.00000000,1.00000000,0.00651023,0.83111115,0.98077952,-0.25032347,-0.13857236
2006-12-21,7620.90478516,-0.00358382,1.00000000,1.00000000,-0.00358382,0.82813260,0.97726458,-0.25301017,-0.14165955
2006-12-22,7652.43505859,0.00413734,1.00000000,1.00000000,0.00413734,0.83155886,0.98130786,-0.24991962,-0.13810831
2006-12-25,7646.77490234,-0.00073965,1.00000000,1.00000000,-0.00073965,0.83094380,0.98058203,-0.25047442,-0.13874581
2006-12-26,7727.55468750,0.01056390,1.00000000,1.00000000,0.01056390,0.83972181,0.99094080,-0.24255650,-0.12964760
2006-12-27,7733.14501953,0.00072343,1.00000000,1.00000000,0.00072343,0.84032929,0.99165768,-0.24200855,-0.12901797
2006-12-28,7732.89501953,-0.00003233,1.00000000,1.00000000,-0.00003233,0.84030212,0.99162562,-0.24203305,-0.12904612
2006-12-29,7823.68408203,0.01174063,1.00000000,1.00000000,0.01174063,0.85016780,1.00326793,-0.23313404,-0.11882058
2007-01-02,7920.76269531,0.01240830,1.00000000,1.00000000,0.01240830,0.86071693,1.01571678,-0.22361854,-0.10788664
2007-01-03,7917.26269531,-0.00044188,1.00000000,1.00000000,-0.00044188,0.86033660,1.01526796,-0.22396160,-0.10828084
2007-01-04,7934.47265625,0.00217373,1.00000000,1.00000000,0.00217373,0.86220674,1.01747487,-0.22227471,-0.10634249
2007-01-05,7835.53369141,-0.01246951,1.00000000,1.00000000,-0.01246951,0.85145544,1.00478746,-0.23197256,-0.11748596
2007-01-08,7736.67480469,-0.01261674,1.00000000,1.00000000,-0.01261674,0.84071285,0.99211032,-0.24166256,-0.12862041
2007-01-09,7789.97412109,0.00688918,1.00000000,1.00000000,0.00688918,0.84650467,0.99894514,-0.23643824,-0.12261732
2007-01-10,7698.48486328,-0.01174449,1.00000000,1.00000000,-0.01174449,0.83656291,0.98721304,-0.24540588,-0.13292173
2007-01-11,7618.51464844,-0.01038779,1.00000000,1.00000000,-0.01038779,0.82787287,0.97695808,-0.25324445,-0.14192875
2007-01-12,7761.67431641,0.01879102,1.00000000,1.00000000,0.01879102,0.84342945,0.99531612,-0.23921215,-0.12580472
2007-01-15,7783.46435547,0.00280739,1.00000000,1.00000000,0.00280739,0.84579728,0.99811036,-0.23707632,-0.12335051
2007-01-16,7792.04443359,0.00110235,1.00000000,1.00000000,0.00110235,0.84672964,0.99921063,-0.23623531,-0.12238414
2007-01-17,7833.94384766,0.00537720,1.00000000,1.00000000,0.00537720,0.85128268,1.00458359,-0.23212839,-0.11766502
2007-01-18,7895.14306641,0.00781206,1.00000000,1.00000000,0.00781206,0.85793295,1.01243145,-0.22612974,-0.11077217
2007-01-19,7840.04394531,-0.00697886,1.00000000,1.00000000,-0.00697886,0.85194555,1.00536583,-0.23153047,-0.11697797
2007-01-22,7842.43408203,0.00030486,1.00000000,1.00000000,0.00030486,0.85220528,1.00567233,-0.23129619,-0.11670877
2007-01-23,7852.32324219,0.00126098,1.00000000,1.00000000,0.00126098,0.85327990,1.00694046,-0.23032687,-0.11559496
2007-01-24,7935.50292969,0.01059300,1.00000000,1.00000000,0.01059300,0.86231869,1.01760699,-0.22217372,-0.10622645
2007-01-25,7923.73291016,-0.00148321,1.00000000,1.00000000,-0.00148321,0.86103969,1.01609766,-0.22332740,-0.10755210
2007-01-26,7821.28369141,-0.01292941,1.00000000,1.00000000,-0.01292941,0.84990695,1.00296012,-0.23336932,-0.11909093
2007-01-29,7751.75439453,-0.00888976,1.00000000,1.00000000,-0.00888976,0.84235149,0.99404405,-0.24018448,-0.12692200
2007-01-30,7739.87451172,-0.00153254,1.00000000,1.00000000,-0.00153254,0.84106055,0.99252063,-0.24134893,-0.12826003
2007-01-31,7699.60498047,-0.00520287,1.00000000,1.00000000,-0.00520287,0.83668463,0.98735668,-0.24529609,-0.13279557
2007-02-01,7701.50488281,0.00024675,1.00000000,1.00000000,0.00024675,0.83689108,0.98760031,-0.24510987,-0.13258159
2007-02-02,7776.99414062,0.00980188,1.00000000,1.00000000,0.00980188,0.84509419,0.99728066,-0.23771052,-0.12407925
2007-02-05,7783.08447266,0.00078312,1.00000000,1.00000000,0.00078312,0.84575600,0.99806165,-0.23711356,-0.12339330
2007-02-06,7875.71337891,0.01190131,1.00000000,1.00000000,0.01190131,0.85582161,1.00993989,-0.22803421,-0.11296053
2007-02-07,7850.02392578,-0.00326186,1.00000000,1.00000000,-0.00326186,0.85303004,1.00664561,-0.23055225,-0.11585393
2007-02-08,7842.18408203,-0.00099870,1.00000000,1.00000000,-0.00099870,0.85217811,1.00564027,-0.23132070,-0.11673693
2007-02-09,7859.49316406,0.00220718,1.00000000,1.00000000,0.00220718,0.85405902,1.00785990,-0.22962409,-0.11478741
2007-02-12,7776.32421875,-0.01058197,1.00000000,1.00000000,-0.01058197,0.84502139,0.99719475,-0.23777619,-0.12415471
2007-02-13,7736.79492188,-0.00508329,1.00000000,1.00000000,-0.00508329,0.84072591,0.99212572,-0.24165079,-0.12860688
2007-02-14,7809.41455078,0.00938627,1.00000000,1.00000000,0.00938627,0.84861718,1.00143808,-0.23453272,-0.12042775
2007-02-26,7900.16308594,0.01162040,1.00000000,1.00000000,0.01162040,0.85847846,1.01307519,-0.22563768,-0.11020677
2007-02-27,7901.92285156,0.00022275,1.00000000,1.00000000,0.00022275,0.85866968,1.01330086,-0.22546519,-0.11000857
2007-03-01,7678.63476562,-0.02825744,1.00000000,1.00000000,-0.02825744,0.83440588,0.98466757,-0.24735156,-0.13515744
2007-03-02,7670.73486328,-0.00102882,1.00000000,1.00000000,-0.00102882,0.83354743,0.98365453,-0.24812590,-0.13604721
2007-03-05,7344.52636719,-0.04252637,0.00000000,1.00000000,-0.04252637,0.79809968,0.94182327,-0.28010037,-0.17278798
2007-03-06,7451.02587891,0.01450053,0.00000000,0.00000000,0.00000000,0.80967255,0.94182327,-0.26966145,-0.17278798
2007-03-07,7480.85595703,0.00400349,0.00000000,0.00000000,0.00000000,0.81291406,0.94182327,-0.26673755,-0.17278798
2007-03-08,7573.83496094,0.01242893,0.00000000,0.00000000,0.00000000,0.82301771,0.94182327,-0.25762388,-0.17278798
2007-03-09,7568.16503906,-0.00074862,0.00000000,0.00000000,-0.00000000,0.82240158,0.94182327,-0.25817964,-0.17278798
2007-03-12,7629.11474609,0.00805343,0.00000000,0.00000000,0.00000000,0.82902474,0.94182327,-0.25220544,-0.17278798
2007-03-13,7683.96484375,0.00718958,0.00000000,0.00000000,0.00000000,0.83498508,0.94182327,-0.24682912,-0.17278798
2007-03-14,7570.23486328,-0.01480095,0.00000000,0.00000000,-0.00000000,0.82262650,0.94182327,-0.25797676,-0.17278798
2007-03-15,7695.92480469,0.01660318,0.00000000,0.00000000,0.00000000,0.83628472,0.94182327,-0.24565682,-0.17278798
2007-03-16,7719.76464844,0.00309772,0.00000000,0.00000000,0.00000000,0.83887530,0.94182327,-0.24332007,-0.17278798
2007-03-19,7737.42431641,0.00228759,0.00000000,0.00000000,0.00000000,0.84079430,0.94182327,-0.24158910,-0.17278798
2007-03-20,7736.16503906,-0.00016275,0.00000000,0.00000000,-0.00000000,0.84065746,0.94182327,-0.24171253,-0.17278798
2007-03-21,7756.99414062,0.00269243,0.00000000,0.00000000,0.00000000,0.84292087,0.94182327,-0.23967089,-0.17278798
2007-03-22,7823.63378906,0.00859091,0.00000000,0.00000000,0.00000000,0.85016233,0.94182327,-0.23313897,-0.17278798
2007-03-23,7859.28320312,0.00455663,0.00000000,0.00000000,0.00000000,0.85403621,0.94182327,-0.22964467,-0.17278798
2007-03-26,7877.78271484,0.00235384,0.00000000,0.00000000,0.00000000,0.85604647,0.94182327,-0.22783137,-0.17278798
2007-03-27,7845.13378906,-0.00414443,0.00000000,0.00000000,-0.00000000,0.85249865,0.94182327,-0.23103157,-0.17278798
2007-03-28,7788.10449219,-0.00726938,0.00000000,0.00000000,-0.00000000,0.84630151,0.94182327,-0.23662150,-0.17278798
2007-03-29,7848.29394531,0.00772838,0.00000000,0.00000000,0.00000000,0.85284205,0.94182327,-0.23072182,-0.17278798
2007-03-30,7884.37304688,0.00459706,0.00000000,0.00000000,0.00000000,0.85676262,0.94182327,-0.22718540,-0.17278798
2007-04-02,7884.95312500,0.00007357,0.00000000,0.00000000,0.00000000,0.85682565,0.94182327,-0.22712854,-0.17278798
2007-04-03,7932.87304688,0.00607739,0.00000000,0.00000000,0.00000000,0.86203291,0.94182327,-0.22243150,-0.17278798
2007-04-04,8004.57226562,0.00903824,0.00000000,0.00000000,0.00000000,0.86982418,0.94182327,-0.21540365,-0.17278798
2007-04-09,8056.52246094,0.00649007,0.00000000,0.00000000,0.00000000,0.87546939,0.94182327,-0.21031157,-0.17278798
2007-04-10,8048.35253906,-0.00101408,0.00000000,0.00000000,-0.00000000,0.87458160,0.94182327,-0.21111237,-0.17278798
2007-04-11,8084.41259766,0.00448043,0.00000000,0.00000000,0.00000000,0.87850010,0.94182327,-0.20757782,-0.17278798
2007-04-12,8075.16259766,-0.00114418,0.00000000,0.00000000,-0.00000000,0.87749494,0.94182327,-0.20848449,-0.17278798
2007-04-13,8002.26220703,-0.00902773,0.00000000,0.00000000,-0.00000000,0.86957315,0.94182327,-0.21563008,-0.17278798
2007-04-16,8043.50244141,0.00515357,0.00000000,0.00000000,0.00000000,0.87405456,0.94182327,-0.21158777,-0.17278798
2007-04-17,7959.25292969,-0.01047423,0.00000000,0.00000000,-0.00000000,0.86489951,0.94182327,-0.21984578,-0.17278798
2007-04-18,8003.27246094,0.00553061,0.00000000,0.00000000,0.00000000,0.86968293,0.94182327,-0.21553105,-0.17278798
2007-04-19,7888.59277344,-0.01432910,0.00000000,0.00000000,-0.00000000,0.85722116,0.94182327,-0.22677179,-0.17278798
2007-04-20,7942.63281250,0.00685040,0.00000000,0.00000000,0.00000000,0.86309347,0.94182327,-0.22147486,-0.17278798
2007-04-23,8010.42236328,0.00853490,0.00000000,0.00000000,0.00000000,0.87045988,0.94182327,-0.21483023,-0.17278798
2007-04-24,8044.97216797,0.00431311,0.00000000,0.00000000,0.00000000,0.87421427,0.94182327,-0.21144371,-0.17278798
2007-04-25,7984.61230469,-0.00750281,0.00000000,0.00000000,-0.00000000,0.86765521,0.94182327,-0.21736010,-0.17278798
2007-04-26,8000.00244141,0.00192747,0.00000000,0.00000000,0.00000000,0.86932759,0.94182327,-0.21585158,-0.17278798
2007-04-27,7949.38281250,-0.00632745,0.00000000,0.00000000,-0.00000000,0.86382696,0.94182327,-0.22081324,-0.17278798
2007-04-30,7875.38330078,-0.00930884,0.00000000,0.00000000,-0.00000000,0.85578574,0.94182327,-0.22806656,-0.17278798
2007-05-02,7903.00292969,0.00350708,0.00000000,0.00000000,0.00000000,0.85878705,0.94182327,-0.22535933,-0.17278798
2007-05-03,7926.62304688,0.00298875,0.00000000,0.00000000,0.00000000,0.86135375,0.94182327,-0.22304412,-0.17278798
2007-05-04,8066.02246094,0.01758623,0.00000000,0.00000000,0.00000000,0.87650172,0.94182327,-0.20938039,-0.17278798
2007-05-07,8115.23242188,0.00610090,0.00000000,0.00000000,0.00000000,0.88184916,0.94182327,-0.20455690,-0.17278798
2007-05-08,8095.80224609,-0.00239428,0.00000000,0.00000000,-0.00000000,0.87973776,0.94182327,-0.20646142,-0.17278798
2007-05-09,8052.66259766,-0.00532864,0.00000000,0.00000000,-0.00000000,0.87504996,0.94182327,-0.21068991,-0.17278798
2007-05-10,8096.82226562,0.00548386,0.00000000,0.00000000,0.00000000,0.87984861,0.94182327,-0.20636144,-0.17278798
2007-05-11,8031.50244141,-0.00806734,0.00000000,0.00000000,-0.00000000,0.87275057,0.94182327,-0.21276399,-0.17278798
2007-05-14,8030.52246094,-0.00012202,0.00000000,0.00000000,-0.00000000,0.87264408,0.94182327,-0.21286005,-0.17278798
2007-05-15,7974.99267578,-0.00691484,0.00000000,0.00000000,-0.00000000,0.86660988,0.94182327,-0.21830300,-0.17278798
2007-05-16,7988.53222656,0.00169775,0.00000000,0.00000000,0.00000000,0.86808117,0.94182327,-0.21697587,-0.17278798
2007-05-17,8037.92236328,0.00618263,0.00000000,0.00000000,0.00000000,0.87344819,0.94182327,-0.21213472,-0.17278798
2007-05-18,8034.10253906,-0.00047523,0.00000000,0.00000000,-0.00000000,0.87303311,0.94182327,-0.21250914,-0.17278798
2007-05-21,8141.55224609,0.01337420,0.00000000,0.00000000,0.00000000,0.88470923,0.94182327,-0.20197707,-0.17278798
2007-05-22,8188.59228516,0.00577777,0.00000000,0.00000000,0.00000000,0.88982088,0.94182327,-0.19736628,-0.17278798
2007-05-23,8221.75000000,0.00404926,0.00000000,0.00000000,0.00000000,0.89342399,0.94182327,-0.19411621,-0.17278798
2007-05-24,8216.37011719,-0.00065435,0.00000000,0.00000000,-0.00000000,0.89283938,0.94182327,-0.19464354,-0.17278798
2007-05-25,8159.93261719,-0.00686891,0.00000000,0.00000000,-0.00000000,0.88670655,0.94182327,-0.20017546,-0.17278798
2007-05-28,8156.78222656,-0.00038608,0.00000000,0.00000000,-0.00000000,0.88636421,0.94182327,-0.20048425,-0.17278798
2007-05-29,8181.45263672,0.00302453,0.00000000,0.00000000,0.00000000,0.88904504,0.94182327,-0.19806610,-0.17278798
2007-05-30,8147.30224609,-0.00417412,0.00000000,0.00000000,-0.00000000,0.88533406,0.94182327,-0.20141347,-0.17278798
2007-05-31,8144.91259766,-0.00029331,0.00000000,0.00000000,-0.00000000,0.88507439,0.94182327,-0.20164770,-0.17278798
2007-06-01,8249.86035156,0.01288507,0.00000000,0.00000000,0.00000000,0.89647863,0.94182327,-0.19136087,-0.17278798
2007-06-04,8294.75000000,0.00544126,1.00000000,0.00000000,0.00000000,0.90135660,0.94182327,-0.18696086,-0.17278798
2007-06-05,8303.95019531,0.00110916,1.00000000,1.00000000,0.00110916,0.90235635,0.94286791,-0.18605907,-0.17187047
2007-06-06,8314.63964844,0.00128727,1.00000000,1.00000000,0.00128727,0.90351793,0.94408163,-0.18501130,-0.17080444
2007-06-07,8355.21972656,0.00488056,1.00000000,1.00000000,0.00488056,0.90792760,0.94868928,-0.18103370,-0.16675751
2007-06-08,8300.66992188,-0.00652883,1.00000000,1.00000000,-0.00652883,0.90199990,0.94249545,-0.18638059,-0.17219760
2007-06-11,8338.83984375,0.00459841,1.00000000,1.00000000,0.00459841,0.90614767,0.94682943,-0.18263923,-0.16839103
2007-06-12,8370.21972656,0.00376310,1.00000000,1.00000000,0.00376310,0.90955759,0.95039245,-0.17956343,-0.16526160
2007-06-13,8346.34960938,-0.00285179,1.00000000,1.00000000,-0.00285179,0.90696372,0.94768213,-0.18190314,-0.16764210
2007-06-14,8450.67968750,0.01250008,1.00000000,1.00000000,0.01250008,0.91830085,0.95952823,-0.17167686,-0.15723755
2007-06-15,8573.59960938,0.01454557,1.00000000,1.00000000,0.01454557,0.93165805,0.97348512,-0.15962843,-0.14497910
2007-06-20,8755.83984375,0.02125598,1.00000000,1.00000000,0.02125598,0.95146135,0.99417749,-0.14176551,-0.12680479
2007-06-21,8851.95019531,0.01097671,1.00000000,1.00000000,0.01097671,0.96190527,1.00509029,-0.13234492,-0.11721998
2007-06-22,8846.34960938,-0.00063270,1.00000000,1.00000000,-0.00063270,0.96129668,1.00445438,-0.13289388,-0.11777851
2007-06-25,8939.14941406,0.01049018,1.00000000,1.00000000,0.01049018,0.97138086,1.01499129,-0.12379778,-0.10852385
2007-06-26,8865.70996094,-0.00821549,1.00000000,1.00000000,-0.00821549,0.96340049,1.00665264,-0.13099620,-0.11584775
2007-06-27,8844.17968750,-0.00242849,1.00000000,1.00000000,-0.00242849,0.96106088,1.00420800,-0.13310657,-0.11799491
2007-06-28,8892.78906250,0.00549620,1.00000000,1.00000000,0.00549620,0.96634307,1.00972732,-0.12834195,-0.11314723
2007-06-29,8883.16894531,-0.00108179,1.00000000,1.00000000,-0.00108179,0.96529769,1.00863501,-0.12928490,-0.11410662
2007-07-02,8939.44921875,0.00633561,1.00000000,1.00000000,0.00633561,0.97141344,1.01502533,-0.12376839,-0.10849395
2007-07-03,8996.15917969,0.00634379,1.00000000,1.00000000,0.00634379,0.97757588,1.02146443,-0.11820976,-0.10283842
2007-07-04,9068.93847656,0.00809004,1.00000000,1.00000000,0.00809004,0.98548450,1.02972812,-0.11107605,-0.09558035
2007-07-05,9148.73828125,0.00879924,1.00000000,1.00000000,0.00879924,0.99415602,1.03878895,-0.10325419,-0.08762214
2007-07-06,9188.26757812,0.00432074,1.00000000,1.00000000,0.00432074,0.99845151,1.04327728,-0.09937958,-0.08367999
2007-07-09,9369.79785156,0.01975675,1.00000000,1.00000000,0.01975675,1.01817766,1.06388905,-0.08158625,-0.06557649
2007-07-10,9384.68847656,0.00158922,1.00000000,1.00000000,0.00158922,1.01979577,1.06557980,-0.08012670,-0.06409149
2007-07-11,9290.90820312,-0.00999290,1.00000000,1.00000000,-0.00999290,1.00960505,1.05493156,-0.08931890,-0.07344393
2007-07-12,9354.36816406,0.00683033,1.00000000,1.00000000,0.00683033,1.01650098,1.06213709,-0.08309865,-0.06711525
2007-07-13,9471.25683594,0.01249562,1.00000000,1.00000000,0.01249562,1.02920280,1.07540916,-0.07164139,-0.05545827
2007-07-16,9417.27832031,-0.00569919,1.00000000,1.00000000,-0.00569919,1.02333717,1.06928020,-0.07693229,-0.06084140
2007-07-17,9509.68750000,0.00981273,1.00000000,1.00000000,0.00981273,1.03337890,1.07977275,-0.06787448,-0.05162569
2007-07-18,9485.30664062,-0.00256379,1.00000000,1.00000000,-0.00256379,1.03072953,1.07700444,-0.07026425,-0.05405713
2007-07-19,9473.26660156,-0.00126934,1.00000000,1.00000000,-0.00126934,1.02942119,1.07563736,-0.07144440,-0.05525784
2007-07-20,9585.85644531,0.01188501,1.00000000,1.00000000,0.01188501,1.04165587,1.08842132,-0.06040851,-0.04402958
2007-07-23,9621.52636719,0.00372110,1.00000000,1.00000000,0.00372110,1.04553197,1.09247144,-0.05691220,-0.04047232
2007-07-24,9744.01464844,0.01273065,1.00000000,1.00000000,0.01273065,1.05884228,1.10637931,-0.04490608,-0.02825691
2007-07-25,9740.08496094,-0.00040329,1.00000000,1.00000000,-0.00040329,1.05841525,1.10593312,-0.04529126,-0.02864880
2007-07-26,9566.37597656,-0.01783444,1.00000000,1.00000000,-0.01783444,1.03953901,1.08620942,-0.06231796,-0.04597231
2007-07-27,9162.23828125,-0.04224564,1.00000000,1.00000000,-0.04224564,0.99562301,1.04032180,-0.10193094,-0.08627582
2007-07-30,9072.52832031,-0.00979127,1.00000000,1.00000000,-0.00979127,0.98587460,1.03013573,-0.11072417,-0.09522234
2007-07-31,9287.20800781,0.02366261,1.00000000,1.00000000,0.02366261,1.00920296,1.05451143,-0.08968159,-0.07381294
2007-08-01,8891.83886719,-0.04257137,1.00000000,1.00000000,-0.04257137,0.96623981,1.00961943,-0.12843509,-0.11324199
2007-08-02,8950.52929688,0.00660048,1.00000000,1.00000000,0.00660048,0.97261746,1.01628341,-0.12268234,-0.10738896
2007-08-03,9057.77832031,0.01198242,1.00000000,1.00000000,0.01198242,0.98427178,1.02846095,-0.11216995,-0.09669332
2007-08-06,8941.68945312,-0.01281648,1.00000000,1.00000000,-0.01281648,0.97165687,1.01527969,-0.12354881,-0.10827053
2007-08-07,8862.26953125,-0.00888198,1.00000000,1.00000000,-0.00888198,0.96302663,1.00626200,-0.13133343,-0.11619086
2007-08-08,9099.41796875,0.02675933,1.00000000,1.00000000,0.02675933,0.98879659,1.03318890,-0.10808849,-0.09254071
2007-08-09,9182.55761719,0.00913681,1.00000000,1.00000000,0.00913681,0.99783103,1.04262895,-0.09993926,-0.08424943
2007-08-10,8931.26855469,-0.02736591,1.00000000,1.00000000,-0.02736591,0.97052448,1.01409646,-0.12457025,-0.10930978
2007-08-13,8938.91894531,0.00085658,1.00000000,1.00000000,0.00085658,0.97135581,1.01496512,-0.12382037,-0.10854683
2007-08-14,8910.94921875,-0.00312898,1.00000000,1.00000000,-0.00312898,0.96831646,1.01178931,-0.12656192,-0.11133617
2007-08-15,8593.00000000,-0.03568074,1.00000000,1.00000000,-0.03568074,0.93376621,0.97568792,-0.15772683,-0.14304435
2007-08-16,8201.33007812,-0.04558011,1.00000000,1.00000000,-0.04558011,0.89120504,0.93121596,-0.19611774,-0.18210449
2007-08-17,8090.25244141,-0.01354386,1.00000000,1.00000000,-0.01354386,0.87913469,0.91860370,-0.20700540,-0.19318195
2007-08-20,8515.55957031,0.05257032,0.00000000,1.00000000,0.05257032,0.92535108,0.96689499,-0.16531743,-0.15076727
2007-08-21,8479.04003906,-0.00428857,0.00000000,0.00000000,-0.00000000,0.92138265,0.96689499,-0.16889702,-0.15076727
2007-08-22,8493.41992188,0.00169593,0.00000000,0.00000000,0.00000000,0.92294525,0.96689499,-0.16748752,-0.15076727
2007-08-23,8732.79980469,0.02818416,0.00000000,0.00000000,0.00000000,0.94895769,0.96689499,-0.14402386,-0.15076727
2007-08-24,8690.04980469,-0.00489534,0.00000000,0.00000000,-0.00000000,0.94431222,0.96689499,-0.14821415,-0.15076727
2007-08-27,8718.26953125,0.00324736,0.00000000,0.00000000,0.00000000,0.94737874,0.96689499,-0.14544810,-0.15076727
2007-08-28,8727.50976562,0.00105987,0.00000000,0.00000000,0.00000000,0.94838284,0.96689499,-0.14454238,-0.15076727
2007-08-29,8643.28027344,-0.00965103,0.00000000,0.00000000,-0.00000000,0.93922997,0.96689499,-0.15279843,-0.15076727
2007-08-30,8771.16992188,0.01479643,0.00000000,0.00000000,0.00000000,0.95312721,0.96689499,-0.14026288,-0.15076727
2007-08-31,8982.11914062,0.02405029,0.00000000,0.00000000,0.00000000,0.97605020,0.96689499,-0.11958595,-0.15076727
2007-09-03,8979.91894531,-0.00024495,0.00000000,0.00000000,-0.00000000,0.97581112,0.96689499,-0.11980161,-0.15076727
2007-09-04,8922.93945312,-0.00634521,0.00000000,0.00000000,-0.00000000,0.96961939,0.96689499,-0.12538665,-0.15076727
2007-09-05,8913.80859375,-0.00102330,0.00000000,0.00000000,-0.00000000,0.96862717,0.96689499,-0.12628165,-0.15076727
2007-09-06,9017.03906250,0.01158096,0.00000000,0.00000000,0.00000000,0.97984481,0.96689499,-0.11616315,-0.15076727
2007-09-07,9018.03906250,0.00011090,0.00000000,0.00000000,0.00000000,0.97995347,0.96689499,-0.11606513,-0.15076727
2007-09-10,8937.53906250,-0.00892655,0.00000000,0.00000000,-0.00000000,0.97120587,0.96689499,-0.12395562,-0.15076727
2007-09-11,9003.07910156,0.00733312,0.00000000,0.00000000,0.00000000,0.97832784,0.96689499,-0.11753148,-0.15076727
2007-09-12,9018.07910156,0.00166610,0.00000000,0.00000000,0.00000000,0.97995782,0.96689499,-0.11606121,-0.15076727
2007-09-13,8927.37890625,-0.01005760,0.00000000,0.00000000,-0.00000000,0.97010180,0.96689499,-0.12495151,-0.15076727
2007-09-14,9031.58886719,0.01167307,0.00000000,0.00000000,0.00000000,0.98142588,0.96689499,-0.11473700,-0.15076727
2007-09-17,8899.86914062,-0.01458434,0.00000000,0.00000000,-0.00000000,0.96711243,0.96689499,-0.12764797,-0.15076727
2007-09-19,8926.33886719,0.00297417,0.00000000,0.00000000,0.00000000,0.96998879,0.96689499,-0.12505345,-0.15076727
2007-09-20,8982.98925781,0.00634643,0.00000000,0.00000000,0.00000000,0.97614475,0.96689499,-0.11950066,-0.15076727
2007-09-21,9105.23828125,0.01360895,0.00000000,0.00000000,0.00000000,0.98942906,0.96689499,-0.10751799,-0.15076727
2007-09-26,9257.42773438,0.01671449,0.00000000,0.00000000,0.00000000,1.00596686,0.96689499,-0.09260061,-0.15076727
2007-09-27,9413.60839844,0.01687085,0.00000000,0.00000000,0.00000000,1.02293838,0.96689499,-0.07729201,-0.15076727
2007-09-28,9411.90820312,-0.00018061,0.00000000,0.00000000,-0.00000000,1.02275362,0.96689499,-0.07745866,-0.15076727
2007-10-01,9488.45703125,0.00813319,0.00000000,0.00000000,0.00000000,1.03107187,0.96689499,-0.06995546,-0.15076727
2007-10-02,9623.20605469,0.01420136,0.00000000,0.00000000,0.00000000,1.04571450,0.96689499,-0.05674756,-0.15076727
2007-10-03,9700.02539062,0.00798272,0.00000000,0.00000000,0.00000000,1.05406214,0.96689499,-0.04921784,-0.15076727
2007-10-04,9627.34570312,-0.00749273,0.00000000,0.00000000,-0.00000000,1.04616434,0.96689499,-0.05634179,-0.15076727
2007-10-05,9617.21582031,-0.00105220,0.00000000,0.00000000,-0.00000000,1.04506356,0.96689499,-0.05733471,-0.15076727
2007-10-08,9717.12500000,0.01038858,1.00000000,0.00000000,0.00000000,1.05592029,0.96689499,-0.04754176,-0.15076727
2007-10-09,9639.78613281,-0.00795903,1.00000000,1.00000000,-0.00795903,1.04751619,0.95919944,-0.05512240,-0.15752633
2007-10-11,9697.62500000,0.00600002,1.00000000,1.00000000,0.00600002,1.05380130,0.96495466,-0.04945312,-0.15247148
2007-10-12,9496.42675781,-0.02074717,1.00000000,1.00000000,-0.02074717,1.03193791,0.94493458,-0.06917428,-0.17005529
2007-10-15,9518.40722656,0.00231460,1.00000000,1.00000000,0.00231460,1.03432644,0.94712173,-0.06701978,-0.16813430
2007-10-16,9592.42578125,0.00777636,1.00000000,1.00000000,0.00777636,1.04236973,0.95448689,-0.05976459,-0.16166541
2007-10-17,9562.11621094,-0.00315974,1.00000000,1.00000000,-0.00315974,1.03907611,0.95147096,-0.06273549,-0.16431433
2007-10-18,9637.02636719,0.00783406,1.00000000,1.00000000,0.00783406,1.04721630,0.95892484,-0.05539291,-0.15776752
2007-10-19,9611.67578125,-0.00263054,1.00000000,1.00000000,-0.00263054,1.04446155,0.95640234,-0.05787774,-0.15998305
2007-10-22,9360.58789062,-0.02612322,1.00000000,1.00000000,-0.02612322,1.01717686,0.93141804,-0.08248900,-0.18192699
2007-10-23,9502.34667969,0.01514422,1.00000000,1.00000000,0.01514422,1.03258120,0.94552364,-0.06859401,-0.16953792
2007-10-24,9442.57812500,-0.00628987,1.00000000,1.00000000,-0.00628987,1.02608640,0.93957641,-0.07445244,-0.17476142
2007-10-25,9568.21582031,0.01330544,1.00000000,1.00000000,0.01330544,1.03973893,0.95207790,-0.06213762,-0.16378125
2007-10-26,9631.46582031,0.00661043,1.00000000,1.00000000,0.00661043,1.04661205,0.95837154,-0.05593795,-0.15825349
2007-10-29,9809.83496094,0.01851942,1.00000000,1.00000000,0.01851942,1.06599470,0.97612002,-0.03845447,-0.14266483
2007-10-30,9757.88476562,-0.00529573,1.00000000,1.00000000,-0.00529573,1.06034948,0.97095076,-0.04354655,-0.14720505
2007-10-31,9711.32519531,-0.00477148,1.00000000,1.00000000,-0.00477148,1.05529005,0.96631788,-0.04811025,-0.15127414
2007-11-01,9598.18652344,-0.01165018,1.00000000,1.00000000,-0.01165018,1.04299573,0.95506011,-0.05919993,-0.16116195
2007-11-02,9273.04785156,-0.03387501,1.00000000,1.00000000,-0.03387501,1.00766424,0.92270744,-0.09106955,-0.18957760
2007-11-05,9308.55761719,0.00382935,1.00000000,1.00000000,0.00382935,1.01152294,0.92624081,-0.08758893,-0.18647421
2007-11-06,9292.75781250,-0.00169734,1.00000000,1.00000000,-0.00169734,1.00980604,0.92466866,-0.08913760,-0.18785504
2007-11-07,9300.17773438,0.00079846,1.00000000,1.00000000,0.00079846,1.01061233,0.92540697,-0.08841031,-0.18720657
2007-11-08,8937.53906250,-0.03899266,1.00000000,1.00000000,-0.03899266,0.97120587,0.88932289,-0.12395562,-0.21889955
2007-11-09,8970.87890625,0.00373032,1.00000000,1.00000000,0.00373032,0.97482877,0.89264035,-0.12068770,-0.21598580
2007-11-12,8670.57031250,-0.03347594,0.00000000,1.00000000,-0.03347594,0.94219546,0.86275837,-0.15012350,-0.24223141
2007-11-13,8727.16992188,0.00652778,0.00000000,0.00000000,0.00000000,0.94834591,0.86275837,-0.14457569,-0.24223141
2007-11-14,8942.88867188,0.02471806,0.00000000,0.00000000,0.00000000,0.97178719,0.86275837,-0.12343126,-0.24223141
2007-11-15,8905.36914062,-0.00419546,0.00000000,0.00000000,-0.00000000,0.96771009,0.86275837,-0.12710887,-0.24223141
2007-11-16,8764.78027344,-0.01578698,0.00000000,0.00000000,-0.00000000,0.95243287,0.86275837,-0.14088918,-0.24223141
2007-11-19,8680.66992188,-0.00959640,0.00000000,0.00000000,-0.00000000,0.94329295,0.86275837,-0.14913356,-0.24223141
2007-11-20,8680.82031250,0.00001732,0.00000000,0.00000000,0.00000000,0.94330929,0.86275837,-0.14911881,-0.24223141
2007-11-21,8484.07031250,-0.02266491,0.00000000,0.00000000,-0.00000000,0.92192927,0.86275837,-0.16840396,-0.24223141
2007-11-22,8499.33007812,0.00179864,0.00000000,0.00000000,0.00000000,0.92358749,0.86275837,-0.16690822,-0.24223141
2007-11-23,8342.16015625,-0.01849204,0.00000000,0.00000000,-0.00000000,0.90650847,0.86275837,-0.18231378,-0.24223141
2007-11-26,8528.29003906,0.02231195,0.00000000,0.00000000,0.00000000,0.92673445,0.86275837,-0.16406961,-0.24223141
2007-11-27,8375.71972656,-0.01788991,0.00000000,0.00000000,-0.00000000,0.91015525,0.86275837,-0.17902432,-0.24223141
2007-11-28,8276.21972656,-0.01187958,0.00000000,0.00000000,-0.00000000,0.89934300,0.86275837,-0.18877717,-0.24223141
2007-11-29,8446.99023438,0.02063388,0.00000000,0.00000000,0.00000000,0.91789993,0.86275837,-0.17203849,-0.24223141
2007-11-30,8586.36035156,0.01649938,0.00000000,0.00000000,0.00000000,0.93304471,0.86275837,-0.15837764,-0.24223141
2007-12-03,8583.79980469,-0.00029821,0.00000000,0.00000000,-0.00000000,0.93276647,0.86275837,-0.15862862,-0.24223141
2007-12-04,8651.24023438,0.00785671,0.00000000,0.00000000,0.00000000,0.94009494,0.86275837,-0.15201821,-0.24223141
2007-12-05,8676.91015625,0.00296720,0.00000000,0.00000000,0.00000000,0.94288439,0.86275837,-0.14950208,-0.24223141
2007-12-06,8694.37011719,0.00201223,0.00000000,0.00000000,0.00000000,0.94478169,0.86275837,-0.14779068,-0.24223141
2007-12-07,8722.33984375,0.00321699,0.00000000,0.00000000,0.00000000,0.94782105,0.86275837,-0.14504913,-0.24223141
2007-12-10,8597.99023438,-0.01425645,0.00000000,0.00000000,-0.00000000,0.93430848,0.86275837,-0.15723770,-0.24223141
2007-12-11,8638.29003906,0.00468712,0.00000000,0.00000000,0.00000000,0.93868770,0.86275837,-0.15328757,-0.24223141
2007-12-12,8490.79980469,-0.01707401,0.00000000,0.00000000,-0.00000000,0.92266054,0.86275837,-0.16774434,-0.24223141
2007-12-13,8187.91259766,-0.03567240,0.00000000,0.00000000,-0.00000000,0.88974702,0.86275837,-0.19743290,-0.24223141
2007-12-14,8118.04248047,-0.00853332,0.00000000,0.00000000,-0.00000000,0.88215452,0.86275837,-0.20428147,-0.24223141
2007-12-17,7830.81396484,-0.03538150,0.00000000,0.00000000,-0.00000000,0.85094257,0.86275837,-0.23243518,-0.24223141
2007-12-18,7807.35449219,-0.00299579,0.00000000,0.00000000,-0.00000000,0.84839333,0.86275837,-0.23473464,-0.24223141
2007-12-19,8014.27246094,0.02650296,0.00000000,0.00000000,0.00000000,0.87087826,0.86275837,-0.21445285,-0.24223141
2007-12-20,7857.04345703,-0.01961862,0.00000000,0.00000000,-0.00000000,0.85379282,0.86275837,-0.22986421,-0.24223141
2007-12-21,7941.40283203,0.01073678,0.00000000,0.00000000,0.00000000,0.86295981,0.86275837,-0.22159542,-0.24223141
2007-12-24,8135.44238281,0.02443391,0.00000000,0.00000000,0.00000000,0.88404530,0.86275837,-0.20257595,-0.24223141
2007-12-25,8167.03222656,0.00388299,0.00000000,0.00000000,0.00000000,0.88747804,0.86275837,-0.19947956,-0.24223141
2007-12-26,8156.35253906,-0.00130766,0.00000000,0.00000000,-0.00000000,0.88631752,0.86275837,-0.20052637,-0.24223141
2007-12-27,8313.67968750,0.01928891,0.00000000,0.00000000,0.00000000,0.90341362,0.86275837,-0.18510540,-0.24223141
2007-12-28,8396.91015625,0.01001127,0.00000000,0.00000000,0.00000000,0.91245793,0.86275837,-0.17694727,-0.24223141
2007-12-31,8506.24023438,0.01302027,0.00000000,0.00000000,0.00000000,0.92433838,0.86275837,-0.16623090,-0.24223141
2008-01-02,8323.00976562,-0.02154071,0.00000000,0.00000000,-0.00000000,0.90442748,0.86275837,-0.18419088,-0.24223141
2008-01-03,8184.16259766,-0.01668233,0.00000000,0.00000000,-0.00000000,0.88933952,0.86275837,-0.19780047,-0.24223141
2008-01-04,8221.05957031,0.00450834,0.00000000,0.00000000,0.00000000,0.89334897,0.86275837,-0.19418388,-0.24223141
2008-01-07,7883.33300781,-0.04108066,0.00000000,0.00000000,-0.00000000,0.85664960,0.86275837,-0.22728734,-0.24223141
2008-01-08,7962.87304688,0.01008965,0.00000000,0.00000000,0.00000000,0.86529289,0.86275837,-0.21949095,-0.24223141
2008-01-09,8085.02246094,0.01533987,0.00000000,0.00000000,0.00000000,0.87856637,0.86275837,-0.20751804,-0.24223141
2008-01-10,8057.23242188,-0.00343722,0.00000000,0.00000000,-0.00000000,0.87554654,0.86275837,-0.21024198,-0.24223141
2008-01-11,8029.27246094,-0.00347017,0.00000000,0.00000000,-0.00000000,0.87250824,0.86275837,-0.21298257,-0.24223141
2008-01-14,8173.37255859,0.01794684,0.00000000,0.00000000,0.00000000,0.88816701,0.86275837,-0.19885809,-0.24223141
2008-01-15,8428.79980469,0.03125114,0.00000000,0.00000000,0.00000000,0.91592325,0.86275837,-0.17382149,-0.24223141
2008-01-16,8179.50244141,-0.02957685,0.00000000,0.00000000,-0.00000000,0.88883312,0.86275837,-0.19825725,-0.24223141
2008-01-17,8101.59228516,-0.00952505,0.00000000,0.00000000,-0.00000000,0.88036694,0.86275837,-0.20589389,-0.24223141
2008-01-18,8184.61230469,0.01024737,0.00000000,0.00000000,0.00000000,0.88938839,0.86275837,-0.19775639,-0.24223141
2008-01-21,8110.16259766,-0.00909630,0.00000000,0.00000000,-0.00000000,0.88129825,0.86275837,-0.20505384,-0.24223141
2008-01-22,7581.92480469,-0.06513282,0.00000000,0.00000000,-0.00000000,0.82389680,0.86275837,-0.25683093,-0.24223141
2008-01-23,7408.36572266,-0.02289116,0.00000000,0.00000000,-0.00000000,0.80503685,0.86275837,-0.27384293,-0.24223141
2008-01-24,7517.01513672,0.01466577,0.00000000,0.00000000,0.00000000,0.81684333,0.86275837,-0.26319328,-0.24223141
2008-01-25,7739.55419922,0.02960471,0.00000000,0.00000000,0.00000000,0.84102574,0.86275837,-0.24138033,-0.24223141
2008-01-28,7485.75585938,-0.03279237,0.00000000,0.00000000,-0.00000000,0.81344652,0.86275837,-0.26625727,-0.24223141
2008-01-29,7576.38476562,0.01210685,0.00000000,0.00000000,0.00000000,0.82329479,0.86275837,-0.25737396,-0.24223141
2008-01-30,7543.46533203,-0.00434501,0.00000000,0.00000000,-0.00000000,0.81971757,0.86275837,-0.26060067,-0.24223141
2008-01-31,7521.09521484,-0.00296550,0.00000000,0.00000000,-0.00000000,0.81728670,0.86275837,-0.26279336,-0.24223141
2008-02-01,7673.95507812,0.02032415,0.00000000,0.00000000,0.00000000,0.83389736,0.86275837,-0.24781026,-0.24223141
2008-02-12,7553.26464844,-0.01572728,0.00000000,0.00000000,-0.00000000,0.82078242,0.86275837,-0.25964016,-0.24223141
2008-02-13,7550.51464844,-0.00036408,0.00000000,0.00000000,-0.00000000,0.82048359,0.86275837,-0.25990971,-0.24223141
2008-02-14,7865.24316406,0.04168305,0.00000000,0.00000000,0.00000000,0.85468385,0.86275837,-0.22906048,-0.24223141
2008-02-15,7876.33349609,0.00141004,0.00000000,0.00000000,0.00000000,0.85588899,0.86275837,-0.22797342,-0.24223141
2008-02-18,7890.86279297,0.00184468,0.00000000,0.00000000,0.00000000,0.85746783,0.86275837,-0.22654928,-0.24223141
2008-02-19,8024.37255859,0.01691954,0.00000000,0.00000000,0.00000000,0.87197579,0.86275837,-0.21346285,-0.24223141
2008-02-20,7894.43310547,-0.01619310,0.00000000,0.00000000,-0.00000000,0.85785580,0.86275837,-0.22619933,-0.24223141
2008-02-21,8085.89257812,0.02425247,0.00000000,0.00000000,0.00000000,0.87866092,0.86275837,-0.20743275,-0.24223141
2008-02-22,8108.67236328,0.00281723,0.00000000,0.00000000,0.00000000,0.88113631,0.86275837,-0.20519991,-0.24223141
2008-02-25,8286.26953125,0.02190213,0.00000000,0.00000000,0.00000000,0.90043507,0.86275837,-0.18779210,-0.24223141
2008-02-26,8307.62988281,0.00257780,0.00000000,0.00000000,0.00000000,0.90275621,0.86275837,-0.18569839,-0.24223141
2008-02-27,8462.04003906,0.01858655,0.00000000,0.00000000,0.00000000,0.91953533,0.86275837,-0.17056333,-0.24223141
2008-02-29,8412.71972656,-0.00582842,0.00000000,0.00000000,-0.00000000,0.91417589,0.86275837,-0.17539764,-0.24223141
2008-03-03,8262.83007812,-0.01781703,0.00000000,0.00000000,-0.00000000,0.89788800,0.86275837,-0.19008960,-0.24223141
2008-03-04,8470.07031250,0.02508102,0.00000000,0.00000000,0.00000000,0.92040795,0.86275837,-0.16977622,-0.24223141
2008-03-05,8483.91015625,0.00163397,0.00000000,0.00000000,0.00000000,0.92191187,0.86275837,-0.16841966,-0.24223141
2008-03-06,8658.59960938,0.02059068,0.00000000,0.00000000,0.00000000,0.94089466,0.86275837,-0.15129685,-0.24223141
2008-03-07,8531.33984375,-0.01469750,0.00000000,0.00000000,-0.00000000,0.92706586,0.86275837,-0.16377067,-0.24223141
2008-03-10,8299.33007812,-0.02719500,1.00000000,0.00000000,-0.00000000,0.90185430,0.86275837,-0.18651192,-0.24223141
2008-03-11,8381.55957031,0.00990797,1.00000000,1.00000000,0.00990797,0.91078985,0.87130656,-0.17845191,-0.23472346
2008-03-12,8435.25976562,0.00640695,1.00000000,1.00000000,0.00640695,0.91662523,0.87688897,-0.17318830,-0.22982038
2008-03-13,8210.95019531,-0.02659190,1.00000000,1.00000000,-0.02659190,0.89225042,0.85357083,-0.19517479,-0.25030091
2008-03-14,8161.35253906,-0.00604043,1.00000000,1.00000000,-0.00604043,0.88686085,0.84841489,-0.20003628,-0.25482942
2008-03-17,8005.42236328,-0.01910592,1.00000000,1.00000000,-0.01910592,0.86991655,0.83220514,-0.21532032,-0.26906659
2008-03-18,8057.78222656,0.00654055,1.00000000,1.00000000,0.00654055,0.87560628,0.83764822,-0.21018809,-0.26428588
2008-03-19,8179.31250000,0.01508235,1.00000000,1.00000000,0.01508235,0.88881248,0.85028193,-0.19827587,-0.25318959
2008-03-20,8337.58007812,0.01934974,1.00000000,1.00000000,0.01934974,0.90601077,0.86673466,-0.18276272,-0.23873900
2008-03-21,8524.95019531,0.02247296,1.00000000,1.00000000,0.02247296,0.92637152,0.88621276,-0.16439697,-0.22163121
2008-03-24,8865.30957031,0.03992509,1.00000000,1.00000000,0.03992509,0.96335698,0.92159488,-0.13103545,-0.19055477
2008-03-25,8795.04980469,-0.00792525,1.00000000,1.00000000,-0.00792525,0.95572214,0.91429101,-0.13792221,-0.19696982
2008-03-26,8767.97949219,-0.00307790,1.00000000,1.00000000,-0.00307790,0.95278052,0.91147691,-0.14057560,-0.19944147
2008-03-27,8605.91015625,-0.01848423,1.00000000,1.00000000,-0.01848423,0.93516911,0.89462896,-0.15646140,-0.21423918
2008-03-28,8623.44042969,0.00203700,1.00000000,1.00000000,0.00203700,0.93707405,0.89645133,-0.15474311,-0.21263858
2008-03-31,8572.54980469,-0.00590143,1.00000000,1.00000000,-0.00590143,0.93154397,0.89116098,-0.15973133,-0.21728514
2008-04-01,8419.67968750,-0.01783251,1.00000000,1.00000000,-0.01783251,0.91493220,0.87526934,-0.17471543,-0.23124291
2008-04-02,8605.28027344,0.02204366,1.00000000,1.00000000,0.02204366,0.93510066,0.89456348,-0.15652314,-0.21429669
2008-04-03,8596.29980469,-0.00104360,1.00000000,1.00000000,-0.00104360,0.93412479,0.89362992,-0.15740339,-0.21511665
2008-04-07,8729.75000000,0.01552414,1.00000000,1.00000000,0.01552414,0.94862628,0.90750276,-0.14432280,-0.20293201
2008-04-08,8672.80957031,-0.00652257,1.00000000,1.00000000,-0.00652257,0.94243879,0.90158350,-0.14990402,-0.20813094
2008-04-09,8667.88964844,-0.00056728,1.00000000,1.00000000,-0.00056728,0.94190417,0.90107205,-0.15038626,-0.20858015
2008-04-10,8829.36035156,0.01862861,1.00000000,1.00000000,0.01862861,0.95945053,0.91785777,-0.13455914,-0.19383710
2008-04-11,8909.53906250,0.00908092,1.00000000,1.00000000,0.00908092,0.96816322,0.92619276,-0.12670014,-0.18651640
2008-04-14,8892.63867188,-0.00189689,1.00000000,1.00000000,-0.00189689,0.96632672,0.92443588,-0.12835669,-0.18805949
2008-04-15,8924.73925781,0.00360979,1.00000000,1.00000000,0.00360979,0.96981496,0.92777290,-0.12521024,-0.18512855
2008-04-16,9065.99804688,0.01582778,1.00000000,1.00000000,0.01582778,0.98516498,0.94245748,-0.11136426,-0.17223095
2008-04-17,9090.38769531,0.00269023,1.00000000,1.00000000,0.00269023,0.98781530,0.94499291,-0.10897362,-0.17000406
2008-04-18,9074.29785156,-0.00176998,1.00000000,1.00000000,-0.00176998,0.98606689,0.94332029,-0.11055073,-0.17147314
2008-04-21,9083.27832031,0.00098966,1.00000000,1.00000000,0.00098966,0.98704276,0.94425386,-0.10967047,-0.17065318
2008-04-22,9037.20898438,-0.00507188,1.00000000,1.00000000,-0.00507188,0.98203659,0.93946471,-0.11418612,-0.17485953
2008-04-23,9008.44921875,-0.00318237,1.00000000,1.00000000,-0.00318237,0.97891138,0.93647498,-0.11700511,-0.17748543
2008-04-24,8990.28906250,-0.00201590,1.00000000,1.00000000,-0.00201590,0.97693799,0.93458714,-0.11878514,-0.17914354
2008-04-25,8947.78906250,-0.00472732,1.00000000,1.00000000,-0.00472732,0.97231969,0.93016905,-0.12295093,-0.18302400
2008-04-28,9079.55761719,0.01472638,1.00000000,1.00000000,0.01472638,0.98663844,0.94386707,-0.11003517,-0.17099290
2008-04-29,8891.69921875,-0.02069026,1.00000000,1.00000000,-0.02069026,0.96622464,0.92433822,-0.12844878,-0.18814527
2008-04-30,8919.87890625,0.00316921,1.00000000,1.00000000,0.00316921,0.96928681,0.92726764,-0.12568664,-0.18557233
2008-05-02,8963.58886719,0.00490029,1.00000000,1.00000000,0.00490029,0.97403659,0.93181152,-0.12140226,-0.18158140
2008-05-05,8837.03027344,-0.01411919,1.00000000,1.00000000,-0.01411919,0.96028399,0.91865510,-0.13380734,-0.19313680
2008-05-06,8857.33007812,0.00229713,1.00000000,1.00000000,0.00229713,0.96248988,0.92076537,-0.13181759,-0.19128333
2008-05-07,8926.29882812,0.00778663,1.00000000,1.00000000,0.00778663,0.96998444,0.92793503,-0.12505737,-0.18498616
2008-05-08,8866.58007812,-0.00669020,1.00000000,1.00000000,-0.00669020,0.96349504,0.92172695,-0.13091092,-0.19043876
2008-05-09,8792.34960938,-0.00837194,1.00000000,1.00000000,-0.00837194,0.95542872,0.91401031,-0.13818688,-0.19721636
2008-05-12,8830.00976562,0.00428329,1.00000000,1.00000000,0.00428329,0.95952110,0.91792528,-0.13449548,-0.19377781
2008-05-13,8989.48925781,0.01806108,1.00000000,1.00000000,0.01806108,0.97685108,0.93450400,-0.11886354,-0.17921657
2008-05-14,9018.37890625,0.00321371,1.00000000,1.00000000,0.00321371,0.97999040,0.93750723,-0.11603182,-0.17657880
2008-05-15,9157.13769531,0.01538622,1.00000000,1.00000000,0.01538622,0.99506875,0.95193192,-0.10243089,-0.16390946
2008-05-16,9197.36816406,0.00439335,1.00000000,1.00000000,0.00439335,0.99944043,0.95611409,-0.09848756,-0.16023623
2008-05-19,9295.15820312,0.01063239,1.00000000,1.00000000,0.01063239,1.01006688,0.96627987,-0.08890232,-0.15130753
2008-05-20,9068.84765625,-0.02434714,1.00000000,1.00000000,-0.02434714,0.98547464,0.94275372,-0.11108495,-0.17197077
2008-05-21,9015.52929688,-0.00587929,1.00000000,1.00000000,-0.00587929,0.97968075,0.93721100,-0.11631113,-0.17683899
2008-05-22,9007.98925781,-0.00083634,1.00000000,1.00000000,-0.00083634,0.97886140,0.93642717,-0.11705020,-0.17752743
2008-05-23,8834.69042969,-0.01923835,1.00000000,1.00000000,-0.01923835,0.96002973,0.91841186,-0.13403669,-0.19335044
2008-05-26,8707.79003906,-0.01436388,1.00000000,1.00000000,-0.01436388,0.94623998,0.90521990,-0.14647528,-0.20493706
2008-05-27,8778.34960938,0.00810304,1.00000000,1.00000000,0.00810304,0.95390740,0.91255494,-0.13955914,-0.19849463
2008-05-28,8665.69042969,-0.01283375,1.00000000,1.00000000,-0.01283375,0.94166519,0.90084343,-0.15060182,-0.20878095
2008-05-29,8684.87988281,0.00221442,1.00000000,1.00000000,0.00221442,0.94375043,0.90283828,-0.14872090,-0.20702886
2008-05-30,8619.04003906,-0.00758097,1.00000000,1.00000000,-0.00758097,0.93659588,0.89599388,-0.15517443,-0.21304036
2008-06-02,8724.42968750,0.01222754,1.00000000,1.00000000,0.01222754,0.94804814,0.90694968,-0.14484429,-0.20341778
2008-06-03,8579.38964844,-0.01662459,1.00000000,1.00000000,-0.01662459,0.93228723,0.89187202,-0.15906090,-0.21666063
2008-06-04,8627.75976562,0.00563794,1.00000000,1.00000000,0.00563794,0.93754342,0.89690034,-0.15431973,-0.21224420
2008-06-05,8738.41992188,0.01282606,1.00000000,1.00000000,0.01282606,0.94956840,0.90840404,-0.14347299,-0.20214040
2008-06-06,8745.30957031,0.00078843,1.00000000,1.00000000,0.00078843,0.95031707,0.90912025,-0.14279767,-0.20151134
2008-06-09,8587.91992188,-0.01799704,1.00000000,1.00000000,-0.01799704,0.93321418,0.89275878,-0.15822477,-0.21588177
2008-06-10,8369.95996094,-0.02537983,1.00000000,1.00000000,-0.02537983,0.90952936,0.87010072,-0.17958889,-0.23578256
2008-06-11,8345.54980469,-0.00291640,1.00000000,1.00000000,-0.00291640,0.90687681,0.86756316,-0.18198153,-0.23801132
2008-06-12,8062.27246094,-0.03394352,1.00000000,1.00000000,-0.03394352,0.87609422,0.83811501,-0.20974796,-0.26387590
2008-06-13,8105.55224609,0.00536819,1.00000000,1.00000000,0.00536819,0.88079726,0.84261417,-0.20550574,-0.25992425
2008-06-16,8169.73242188,0.00791805,0.00000000,1.00000000,0.00791805,0.88777146,0.84928603,-0.19921489,-0.25406429
2008-06-17,8201.75000000,0.00391905,0.00000000,0.00000000,0.00000000,0.89125067,0.84928603,-0.19607658,-0.25406429
2008-06-18,8217.54003906,0.00192520,0.00000000,0.00000000,0.00000000,0.89296651,0.84928603,-0.19452886,-0.25406429
2008-06-19,8047.70263672,-0.02066767,0.00000000,0.00000000,-0.00000000,0.87451098,0.84928603,-0.21117607,-0.25406429
2008-06-20,7902.40283203,-0.01805482,0.00000000,0.00000000,-0.00000000,0.85872184,0.84928603,-0.22541815,-0.25406429
2008-06-23,7876.45361328,-0.00328371,0.00000000,0.00000000,-0.00000000,0.85590204,0.84928603,-0.22796165,-0.25406429
2008-06-24,7738.08447266,-0.01756744,0.00000000,0.00000000,-0.00000000,0.84086604,0.84928603,-0.24152439,-0.25406429
2008-06-25,7855.02343750,0.01511213,0.00000000,0.00000000,0.00000000,0.85357332,0.84928603,-0.23006220,-0.25406429
2008-06-26,7811.76416016,-0.00550721,0.00000000,0.00000000,-0.00000000,0.84887251,0.84928603,-0.23430241,-0.25406429
2008-06-27,7548.72460938,-0.03367223,0.00000000,0.00000000,-0.00000000,0.82028907,0.84928603,-0.26008516,-0.25406429
2008-06-30,7523.50537109,-0.00334086,0.00000000,0.00000000,-0.00000000,0.81754860,0.84928603,-0.26255712,-0.25406429
2008-07-01,7407.94580078,-0.01535980,0.00000000,0.00000000,-0.00000000,0.80499121,0.84928603,-0.27388409,-0.25406429
2008-07-02,7353.82617188,-0.00730562,0.00000000,0.00000000,-0.00000000,0.79911026,0.84928603,-0.27918882,-0.25406429
2008-07-03,7394.06591797,0.00547195,0.00000000,0.00000000,0.00000000,0.80348294,0.84928603,-0.27524458,-0.25406429
2008-07-04,7228.37695312,-0.02240837,0.00000000,0.00000000,-0.00000000,0.78547820,0.84928603,-0.29148517,-0.25406429
2008-07-07,7341.07617188,0.01559122,0.00000000,0.00000000,0.00000000,0.79772476,0.84928603,-0.28043856,-0.25406429
2008-07-08,7051.81835938,-0.03940264,0.00000000,0.00000000,-0.00000000,0.76629230,0.84928603,-0.30879118,-0.25406429
2008-07-09,7048.21826172,-0.00051052,0.00000000,0.00000000,-0.00000000,0.76590109,0.84928603,-0.30914406,-0.25406429
2008-07-10,7075.61767578,0.00388742,0.00000000,0.00000000,0.00000000,0.76887847,0.84928603,-0.30645841,-0.25406429
2008-07-11,7244.72656250,0.02390023,0.00000000,0.00000000,0.00000000,0.78725485,0.84928603,-0.28988260,-0.25406429
2008-07-14,7156.92724609,-0.01211907,0.00000000,0.00000000,-0.00000000,0.77771405,0.84928603,-0.29848856,-0.25406429
2008-07-15,6834.20849609,-0.04509180,0.00000000,0.00000000,-0.00000000,0.74264552,0.84928603,-0.33012098,-0.25406429
2008-07-16,6710.60888672,-0.01808543,0.00000000,0.00000000,-0.00000000,0.72921446,0.84928603,-0.34223603,-0.25406429
2008-07-17,6974.47802734,0.03932119,0.00000000,0.00000000,0.00000000,0.75788804,0.84928603,-0.31637196,-0.25406429
2008-07-18,6815.28857422,-0.02282457,0.00000000,0.00000000,-0.00000000,0.74058957,0.84928603,-0.33197548,-0.25406429
2008-07-21,7085.63769531,0.03966804,0.00000000,0.00000000,0.00000000,0.76996731,0.84928603,-0.30547626,-0.25406429
2008-07-22,7065.61816406,-0.00282537,0.00000000,0.00000000,-0.00000000,0.76779187,0.84928603,-0.30743854,-0.25406429
2008-07-23,7309.79638672,0.03455865,0.00000000,0.00000000,0.00000000,0.79432572,0.84928603,-0.28350455,-0.25406429
2008-07-24,7368.04638672,0.00796876,0.00000000,0.00000000,0.00000000,0.80065551,0.84928603,-0.27779498,-0.25406429
2008-07-25,7233.58691406,-0.01824900,0.00000000,0.00000000,-0.00000000,0.78604435,0.84928603,-0.29097449,-0.25406429
2008-07-29,7014.43847656,-0.03029596,0.00000000,0.00000000,-0.00000000,0.76223038,0.84928603,-0.31245510,-0.25406429
2008-07-30,7070.31835938,0.00796641,0.00000000,0.00000000,0.00000000,0.76830262,0.84928603,-0.30697784,-0.25406429
2008-07-31,7024.02832031,-0.00654709,0.00000000,0.00000000,-0.00000000,0.76327247,0.84928603,-0.31151512,-0.25406429
2008-08-01,7002.50830078,-0.00306377,0.00000000,0.00000000,-0.00000000,0.76093398,0.84928603,-0.31362448,-0.25406429
2008-08-04,6977.32812500,-0.00359588,0.00000000,0.00000000,-0.00000000,0.75819775,0.84928603,-0.31609260,-0.25406429
2008-08-05,6813.36865234,-0.02349889,0.00000000,0.00000000,-0.00000000,0.74038094,0.84928603,-0.33216367,-0.25406429
2008-08-06,7026.20849609,0.03123856,0.00000000,0.00000000,0.00000000,0.76350938,0.84928603,-0.31130142,-0.25406429
2008-08-07,7024.54833984,-0.00023628,0.00000000,0.00000000,-0.00000000,0.76332898,0.84928603,-0.31146415,-0.25406429
2008-08-08,7209.00683594,0.02625913,0.00000000,0.00000000,0.00000000,0.78337333,0.84928603,-0.29338380,-0.25406429
2008-08-11,7325.58642578,0.01617138,0.00000000,0.00000000,0.00000000,0.79604156,0.84928603,-0.28195684,-0.25406429
2008-08-12,7293.76611328,-0.00434372,0.00000000,0.00000000,-0.00000000,0.79258377,0.84928603,-0.28507582,-0.25406429
2008-08-13,7292.30615234,-0.00020017,0.00000000,0.00000000,-0.00000000,0.79242513,0.84928603,-0.28521892,-0.25406429
2008-08-14,7326.03613281,0.00462542,0.00000000,0.00000000,0.00000000,0.79609043,0.84928603,-0.28191276,-0.25406429
2008-08-15,7196.46679688,-0.01768614,0.00000000,0.00000000,-0.00000000,0.78201065,0.84928603,-0.29461295,-0.25406429
2008-08-18,7000.70849609,-0.02720200,0.00000000,0.00000000,-0.00000000,0.76073840,0.84928603,-0.31380089,-0.25406429
2008-08-19,6978.56835938,-0.00316256,0.00000000,0.00000000,-0.00000000,0.75833252,0.84928603,-0.31597104,-0.25406429
2008-08-20,7040.86816406,0.00892730,0.00000000,0.00000000,0.00000000,0.76510239,0.84928603,-0.30986450,-0.25406429
2008-08-21,6918.44824219,-0.01738705,0.00000000,0.00000000,-0.00000000,0.75179951,0.84928603,-0.32186392,-0.25406429
2008-08-22,6911.60839844,-0.00098864,0.00000000,0.00000000,-0.00000000,0.75105626,0.84928603,-0.32253435,-0.25406429
2008-08-25,7030.68847656,0.01722900,0.00000000,0.00000000,0.00000000,0.76399620,0.84928603,-0.31086230,-0.25406429
2008-08-26,6964.56835938,-0.00940450,0.00000000,0.00000000,-0.00000000,0.75681120,0.84928603,-0.31734330,-0.25406429
2008-08-27,7080.93798828,0.01670881,0.00000000,0.00000000,0.00000000,0.76945661,0.84928603,-0.30593692,-0.25406429
2008-08-28,7033.33837891,-0.00672222,0.00000000,0.00000000,-0.00000000,0.76428416,0.84928603,-0.31060256,-0.25406429
2008-08-29,7046.07812500,0.00181134,0.00000000,0.00000000,0.00000000,0.76566853,0.84928603,-0.30935383,-0.25406429
2008-09-01,6813.05859375,-0.03307081,0.00000000,0.00000000,-0.00000000,0.74034725,0.84928603,-0.33219406,-0.25406429
2008-09-02,6699.78857422,-0.01662543,0.00000000,0.00000000,-0.00000000,0.72803866,0.84928603,-0.34329662,-0.25406429
2008-09-03,6584.89990234,-0.01714810,0.00000000,0.00000000,-0.00000000,0.71555418,0.84928603,-0.35455784,-0.25406429
2008-09-04,6412.60009766,-0.02616590,0.00000000,0.00000000,-0.00000000,0.69683106,0.84928603,-0.37144641,-0.25406429
2008-09-05,6307.25048828,-0.01642853,0.00000000,0.00000000,-0.00000000,0.68538315,0.84928603,-0.38177262,-0.25406429
2008-09-08,6658.65917969,0.05571504,0.00000000,0.00000000,0.00000000,0.72356930,0.84928603,-0.34732806,-0.25406429
2008-09-09,6424.74023438,-0.03513004,0.00000000,0.00000000,-0.00000000,0.69815028,0.84928603,-0.37025645,-0.25406429
2008-09-10,6457.97998047,0.00517371,0.00000000,0.00000000,0.00000000,0.70176231,0.84928603,-0.36699834,-0.25406429
2008-09-11,6251.92089844,-0.03190767,0.00000000,0.00000000,-0.00000000,0.67937071,0.84928603,-0.38719595,-0.25406429
2008-09-12,6310.65087891,0.00939391,0.00000000,0.00000000,0.00000000,0.68575266,0.84928603,-0.38143932,-0.25406429
2008-09-15,6052.42236328,-0.04091947,0.00000000,0.00000000,-0.00000000,0.65769202,0.84928603,-0.40675050,-0.25406429
2008-09-16,5756.56396484,-0.04888264,0.00000000,0.00000000,-0.00000000,0.62554229,0.84928603,-0.43575010,-0.25406429
2008-09-17,5800.84423828,0.00769214,0.00000000,0.00000000,0.00000000,0.63035405,0.84928603,-0.43140982,-0.25406429
2008-09-18,5641.92480469,-0.02739591,0.00000000,0.00000000,-0.00000000,0.61308493,0.84928603,-0.44698686,-0.25406429
2008-09-19,5970.35253906,0.05821200,0.00000000,0.00000000,0.00000000,0.64877383,0.84928603,-0.41479486,-0.25406429
2008-09-22,6110.57226562,0.02348600,0.00000000,0.00000000,0.00000000,0.66401093,0.84928603,-0.40105073,-0.25406429
2008-09-23,6182.18115234,0.01171885,0.00000000,0.00000000,0.00000000,0.67179238,0.84928603,-0.39403173,-0.25406429
2008-09-24,6132.57226562,-0.00802450,0.00000000,0.00000000,-0.00000000,0.66640158,0.84928603,-0.39889432,-0.25406429
2008-09-25,6060.80224609,-0.01170309,0.00000000,0.00000000,-0.00000000,0.65860263,0.84928603,-0.40592912,-0.25406429
2008-09-26,5929.60253906,-0.02164725,0.00000000,0.00000000,-0.00000000,0.64434569,0.84928603,-0.41878912,-0.25406429
2008-09-30,5719.25439453,-0.03547424,0.00000000,0.00000000,-0.00000000,0.62148802,0.84928603,-0.43940713,-0.25406429
2008-10-01,5763.98388672,0.00782086,0.00000000,0.00000000,0.00000000,0.62634859,0.84928603,-0.43502281,-0.25406429
2008-10-02,5703.69482422,-0.01045962,0.00000000,0.00000000,-0.00000000,0.61979722,0.84928603,-0.44093226,-0.25406429
2008-10-03,5742.20410156,0.00675164,0.00000000,0.00000000,0.00000000,0.62398187,0.84928603,-0.43715764,-0.25406429
2008-10-06,5505.67529297,-0.04119129,0.00000000,0.00000000,-0.00000000,0.59827925,0.84928603,-0.46034184,-0.25406429
2008-10-07,5524.63525391,0.00344371,0.00000000,0.00000000,0.00000000,0.60033955,0.84928603,-0.45848341,-0.25406429
2008-10-08,5206.37597656,-0.05760729,0.00000000,0.00000000,-0.00000000,0.56575561,0.84928603,-0.48967872,-0.25406429
2008-10-09,5130.68603516,-0.01453793,0.00000000,0.00000000,-0.00000000,0.55753070,0.84928603,-0.49709773,-0.25406429
2008-10-13,5020.41650391,-0.02149216,0.00000000,0.00000000,-0.00000000,0.54554816,0.84928603,-0.50790619,-0.25406429
2008-10-14,5291.53613281,0.05400341,0.00000000,0.00000000,0.00000000,0.57500962,0.84928603,-0.48133144,-0.25406429
2008-10-15,5246.23583984,-0.00856090,0.00000000,0.00000000,-0.00000000,0.57008702,0.84928603,-0.48577171,-0.25406429
2008-10-16,5075.94677734,-0.03245928,0.00000000,0.00000000,-0.00000000,0.55158240,0.84928603,-0.50246319,-0.25406429
2008-10-17,4960.37695312,-0.02276813,0.00000000,0.00000000,-0.00000000,0.53902390,0.84928603,-0.51379118,-0.25406429
2008-10-20,4931.81738281,-0.00575754,0.00000000,0.00000000,-0.00000000,0.53592045,0.84928603,-0.51659054,-0.25406429
2008-10-21,4942.69775391,0.00220616,0.00000000,0.00000000,0.00000000,0.53710278,0.84928603,-0.51552407,-0.25406429
2008-10-22,4862.56738281,-0.01621187,0.00000000,0.00000000,-0.00000000,0.52839534,0.84928603,-0.52337833,-0.25406429
2008-10-23,4730.48828125,-0.02716242,0.00000000,0.00000000,-0.00000000,0.51404284,0.84928603,-0.53632453,-0.25406429
2008-10-24,4579.59912109,-0.03189716,0.00000000,0.00000000,-0.00000000,0.49764633,0.84928603,-0.55111446,-0.25406429
2008-10-27,4366.85009766,-0.04645582,0.00000000,0.00000000,-0.00000000,0.47452776,0.84928603,-0.57196780,-0.25406429
2008-10-28,4399.95019531,0.00757986,0.00000000,0.00000000,0.00000000,0.47812462,0.84928603,-0.56872338,-0.25406429
2008-10-29,4406.50000000,0.00148861,0.00000000,0.00000000,0.00000000,0.47883636,0.84928603,-0.56808138,-0.25406429
2008-10-30,4683.61914062,0.06288872,0.00000000,0.00000000,0.00000000,0.50894976,0.84928603,-0.54091857,-0.25406429
2008-10-31,4870.63769531,0.03993035,0.00000000,0.00000000,0.00000000,0.52927231,0.84928603,-0.52258729,-0.25406429
2008-11-03,4995.03710938,0.02554068,0.00000000,0.00000000,0.00000000,0.54279028,0.84928603,-0.51039384,-0.25406429
2008-11-04,4992.60693359,-0.00048652,0.00000000,0.00000000,-0.00000000,0.54252620,0.84928603,-0.51063204,-0.25406429
2008-11-05,4978.23681641,-0.00287828,0.00000000,0.00000000,-0.00000000,0.54096466,0.84928603,-0.51204058,-0.25406429
2008-11-06,4694.09912109,-0.05707597,0.00000000,0.00000000,-0.00000000,0.51008858,0.84928603,-0.53989134,-0.25406429
2008-11-07,4742.30859375,0.01027023,0.00000000,0.00000000,0.00000000,0.51532731,0.84928603,-0.53516592,-0.25406429
2008-11-10,4740.24853516,-0.00043440,0.00000000,0.00000000,-0.00000000,0.51510345,0.84928603,-0.53536784,-0.25406429
2008-11-11,4638.54882812,-0.02145451,0.00000000,0.00000000,-0.00000000,0.50405216,0.84928603,-0.54533629,-0.25406429
2008-11-12,4615.54882812,-0.00495845,0.00000000,0.00000000,-0.00000000,0.50155284,0.84928603,-0.54759072,-0.25406429
2008-11-13,4437.80957031,-0.03850880,0.00000000,0.00000000,-0.00000000,0.48223864,0.84928603,-0.56501246,-0.25406429
2008-11-14,4452.67968750,0.00335078,0.00000000,0.00000000,0.00000000,0.48385452,0.84928603,-0.56355491,-0.25406429
2008-11-17,4439.77929688,-0.00289722,0.00000000,0.00000000,-0.00000000,0.48245268,0.84928603,-0.56481939,-0.25406429
2008-11-18,4305.16015625,-0.03032113,0.00000000,0.00000000,-0.00000000,0.46782417,0.84928603,-0.57801456,-0.25406429
2008-11-19,4284.06982422,-0.00489885,0.00000000,0.00000000,-0.00000000,0.46553237,0.84928603,-0.58008180,-0.25406429
2008-11-20,4089.91113281,-0.04532108,0.00000000,0.00000000,-0.00000000,0.44443394,0.84928603,-0.59911295,-0.25406429
2008-11-21,4171.08007812,0.01984614,0.00000000,0.00000000,0.00000000,0.45325424,0.84928603,-0.59115689,-0.25406429
2008-11-24,4160.52001953,-0.00253173,0.00000000,0.00000000,-0.00000000,0.45210672,0.84928603,-0.59219197,-0.25406429
2008-11-25,4266.47021484,0.02546561,0.00000000,0.00000000,0.00000000,0.46361989,0.84928603,-0.58180689,-0.25406429
2008-11-26,4271.77978516,0.00124449,0.00000000,0.00000000,0.00000000,0.46419686,0.84928603,-0.58128645,-0.25406429
2008-11-27,4453.72949219,0.04259342,0.00000000,0.00000000,0.00000000,0.48396859,0.84928603,-0.56345201,-0.25406429
2008-11-28,4460.46972656,0.00151339,0.00000000,0.00000000,0.00000000,0.48470103,0.84928603,-0.56279135,-0.25406429
2008-12-01,4518.40966797,0.01298965,0.00000000,0.00000000,0.00000000,0.49099712,0.84928603,-0.55711216,-0.25406429
2008-12-02,4356.95996094,-0.03573153,0.00000000,0.00000000,-0.00000000,0.47345304,0.84928603,-0.57293722,-0.25406429
2008-12-03,4307.23974609,-0.01141168,0.00000000,0.00000000,-0.00000000,0.46805015,0.84928603,-0.57781072,-0.25406429
2008-12-04,4254.93994141,-0.01214230,0.00000000,0.00000000,-0.00000000,0.46236695,0.84928603,-0.58293707,-0.25406429
2008-12-05,4225.04980469,-0.00702481,0.00000000,0.00000000,-0.00000000,0.45911891,0.84928603,-0.58586686,-0.25406429
2008-12-08,4418.31005859,0.04574153,0.00000000,0.00000000,0.00000000,0.48011971,0.84928603,-0.56692377,-0.25406429
2008-12-09,4472.63964844,0.01229646,0.00000000,0.00000000,0.00000000,0.48602348,0.84928603,-0.56159847,-0.25406429
2008-12-10,4658.84912109,0.04163301,0.00000000,0.00000000,0.00000000,0.50625811,0.84928603,-0.54334649,-0.25406429
2008-12-11,4655.54882812,-0.00070839,0.00000000,0.00000000,-0.00000000,0.50589948,0.84928603,-0.54366998,-0.25406429
2008-12-12,4481.24951172,-0.03743905,0.00000000,0.00000000,-0.00000000,0.48695908,0.84928603,-0.56075454,-0.25406429
2008-12-15,4613.69921875,0.02955642,0.00000000,0.00000000,0.00000000,0.50135185,0.84928603,-0.54777202,-0.25406429
2008-12-16,4616.86914062,0.00068707,0.00000000,0.00000000,0.00000000,0.50169631,0.84928603,-0.54746131,-0.25406429
2008-12-17,4647.99902344,0.00674264,0.00000000,0.00000000,0.00000000,0.50507907,0.84928603,-0.54441000,-0.25406429
2008-12-18,4694.78906250,0.01006671,0.00000000,0.00000000,0.00000000,0.51016355,0.84928603,-0.53982371,-0.25406429
2008-12-19,4694.49902344,-0.00006178,0.00000000,0.00000000,-0.00000000,0.51013204,0.84928603,-0.53985214,-0.25406429
2008-12-22,4535.51904297,-0.03386516,1.00000000,0.00000000,-0.00000000,0.49285633,0.84928603,-0.55543512,-0.25406429
2008-12-23,4405.83984375,-0.02859192,1.00000000,1.00000000,-0.02859192,0.47876462,0.82500331,-0.56814609,-0.27539203
2008-12-24,4423.06982422,0.00391071,1.00000000,1.00000000,0.00391071,0.48063693,0.82822966,-0.56645723,-0.27255829
2008-12-25,4413.43017578,-0.00217940,1.00000000,1.00000000,-0.00217940,0.47958943,0.82642462,-0.56740209,-0.27414368
2008-12-26,4425.06005859,0.00263511,1.00000000,1.00000000,0.00263511,0.48085320,0.82860234,-0.56626215,-0.27223097
2008-12-29,4416.14013672,-0.00201577,1.00000000,1.00000000,-0.00201577,0.47988391,0.82693206,-0.56713647,-0.27369799
2008-12-30,4589.01904297,0.03914706,1.00000000,1.00000000,0.03914706,0.49866996,0.85930402,-0.55019113,-0.24526540
2008-12-31,4591.19921875,0.00047509,1.00000000,1.00000000,0.00047509,0.49890687,0.85971226,-0.54997743,-0.24490683
2009-01-05,4698.28906250,0.02332503,1.00000000,1.00000000,0.02332503,0.51054388,0.87976508,-0.53948065,-0.22729427
2009-01-06,4727.23828125,0.00616165,1.00000000,1.00000000,0.00616165,0.51368968,0.88518588,-0.53664309,-0.22253312
2009-01-07,4789.81787109,0.01323809,1.00000000,1.00000000,0.01323809,0.52048995,0.89690405,-0.53050913,-0.21224095
2009-01-08,4535.76904297,-0.05303935,1.00000000,1.00000000,-0.05303935,0.49288350,0.84933284,-0.55541062,-0.25402318
2009-01-09,4502.71972656,-0.00728638,1.00000000,1.00000000,-0.00728638,0.48929216,0.84314428,-0.55865006,-0.25945864
2009-01-12,4453.87939453,-0.01084685,1.00000000,1.00000000,-0.01084685,0.48398488,0.83399882,-0.56343732,-0.26749119
2009-01-13,4532.33886719,0.01761599,1.00000000,1.00000000,0.01761599,0.49251075,0.84869053,-0.55574684,-0.25458732
2009-01-14,4521.44970703,-0.00240255,1.00000000,1.00000000,-0.00240255,0.49132747,0.84665151,-0.55681418,-0.25637821
2009-01-15,4320.75000000,-0.04438835,1.00000000,1.00000000,-0.04438835,0.46951826,0.80907005,-0.57648647,-0.28938636
2009-01-16,4353.68017578,0.00762140,1.00000000,1.00000000,0.00762140,0.47309664,0.81523629,-0.57325870,-0.28397049
2009-01-19,4366.73974609,0.00299966,1.00000000,1.00000000,0.00299966,0.47451577,0.81768173,-0.57197862,-0.28182264
2009-01-20,4242.58984375,-0.02843080,1.00000000,1.00000000,-0.02843080,0.46102491,0.79443438,-0.58414761,-0.30224100
2009-01-21,4247.95019531,0.00126346,1.00000000,1.00000000,0.00126346,0.46160740,0.79543812,-0.58362220,-0.30135940
2009-02-02,4259.95996094,0.00282719,1.00000000,1.00000000,0.00282719,0.46291245,0.79768698,-0.58244502,-0.29938421
2009-02-03,4372.79003906,0.02648618,1.00000000,1.00000000,0.02648618,0.47517323,0.81881466,-0.57138558,-0.28082758
2009-02-04,4389.95019531,0.00392430,1.00000000,1.00000000,0.00392430,0.47703796,0.82202794,-0.56970357,-0.27800532
2009-02-05,4363.22998047,-0.00608668,1.00000000,1.00000000,-0.00608668,0.47413438,0.81702452,-0.57232264,-0.28239987
2009-02-06,4471.22949219,0.02475219,1.00000000,1.00000000,0.02475219,0.48587025,0.83724767,-0.56173669,-0.26463770
2009-02-09,4494.56933594,0.00522001,1.00000000,1.00000000,0.00522001,0.48840649,0.84161810,-0.55944895,-0.26079910
2009-02-10,4526.07958984,0.00701074,1.00000000,1.00000000,0.00701074,0.49183058,0.84751847,-0.55636036,-0.25561676
2009-02-11,4575.92919922,0.01101386,1.00000000,1.00000000,0.01101386,0.49724754,0.85685292,-0.55147418,-0.24741822
2009-02-12,4466.39941406,-0.02393608,1.00000000,1.00000000,-0.02393608,0.48534538,0.83634322,-0.56221013,-0.26543208
2009-02-13,4592.47900391,0.02822846,1.00000000,1.00000000,0.02822846,0.49904594,0.85995191,-0.54985199,-0.24469635
2009-02-16,4591.23876953,-0.00027006,1.00000000,1.00000000,-0.00027006,0.49891117,0.85971967,-0.54997356,-0.24490033
2009-02-17,4491.75927734,-0.02166724,1.00000000,1.00000000,-0.02166724,0.48810114,0.84109191,-0.55972439,-0.26126126
2009-02-18,4498.34960938,0.00146721,1.00000000,1.00000000,0.00146721,0.48881728,0.84232597,-0.55907842,-0.26017738
2009-02-19,4528.84912109,0.00678016,1.00000000,1.00000000,0.00678016,0.49213154,0.84803707,-0.55608890,-0.25516127
2009-02-20,4436.91992188,-0.02029858,1.00000000,1.00000000,-0.02029858,0.48214197,0.83082312,-0.56509966,-0.27028043
2009-02-23,4477.75927734,0.00920444,1.00000000,1.00000000,0.00920444,0.48657981,0.83847038,-0.56109665,-0.26356377
2009-02-24,4430.16015625,-0.01063012,1.00000000,1.00000000,-0.01063012,0.48140741,0.82955734,-0.56576224,-0.27139218
2009-02-25,4493.71972656,0.01434701,1.00000000,1.00000000,0.01434701,0.48831417,0.84145901,-0.55953223,-0.26093883
2009-02-26,4518.53955078,0.00552322,1.00000000,1.00000000,0.00552322,0.49101124,0.84610658,-0.55709943,-0.25685683
2009-02-27,4557.12890625,0.00854023,1.00000000,1.00000000,0.00854023,0.49520459,0.85333252,-0.55331696,-0.25051022
2009-03-02,4425.81005859,-0.02881614,1.00000000,1.00000000,-0.02881614,0.48093470,0.82874278,-0.56618863,-0.27210762
2009-03-03,4435.31982422,0.00214871,1.00000000,1.00000000,0.00214871,0.48196809,0.83052350,-0.56525650,-0.27054359
2009-03-04,4541.39892578,0.02391690,1.00000000,1.00000000,0.02391690,0.49349527,0.85038705,-0.55485878,-0.25309726
2009-03-05,4637.17919922,0.02109048,1.00000000,1.00000000,0.02109048,0.50390332,0.86832212,-0.54547054,-0.23734472
2009-03-06,4653.60888672,0.00354303,1.00000000,1.00000000,0.00354303,0.50568867,0.87139861,-0.54386013,-0.23464261
2009-03-09,4628.21923828,-0.00545591,1.00000000,1.00000000,-0.00545591,0.50292968,0.86664434,-0.54634879,-0.23881832
2009-03-10,4670.99902344,0.00924325,1.00000000,1.00000000,0.00924325,0.50757839,0.87465495,-0.54215557,-0.23178253
2009-03-11,4759.93847656,0.01904078,1.00000000,1.00000000,0.01904078,0.51724307,0.89130906,-0.53343786,-0.21715507
2009-03-12,4754.62841797,-0.00111557,1.00000000,1.00000000,-0.00111557,0.51666605,0.89031474,-0.53395834,-0.21802840
2009-03-13,4897.36767578,0.03002112,1.00000000,1.00000000,0.03002112,0.53217694,0.91704299,-0.51996725,-0.19455273
2009-03-16,4971.29687500,0.01509570,1.00000000,1.00000000,0.01509570,0.54021053,0.93088640,-0.51272082,-0.18239394
2009-03-17,5041.36669922,0.01409488,1.00000000,1.00000000,0.01409488,0.54782473,0.94400713,-0.50585268,-0.17086988
2009-03-18,5047.51660156,0.00121989,1.00000000,1.00000000,0.00121989,0.54849301,0.94515871,-0.50524988,-0.16985844
2009-03-19,5035.90673828,-0.00230011,1.00000000,1.00000000,-0.00230011,0.54723142,0.94298474,-0.50638786,-0.17176786
2009-03-20,4961.59716797,-0.01475595,1.00000000,1.00000000,-0.01475595,0.53915650,0.92907010,-0.51367157,-0.18398921
2009-03-23,5124.15625000,0.03276346,1.00000000,1.00000000,0.03276346,0.55682113,0.95950965,-0.49773777,-0.15725387
2009-03-24,5242.15625000,0.02302818,1.00000000,1.00000000,0.02302818,0.56964371,0.98160542,-0.48617159,-0.13784696
2009-03-25,5346.35595703,0.01987726,1.00000000,1.00000000,0.01987726,0.58096667,1.00111704,-0.47595809,-0.12070972
2009-03-26,5386.53564453,0.00751534,1.00000000,1.00000000,0.00751534,0.58533283,1.00864078,-0.47201973,-0.11410155
2009-03-27,5390.67529297,0.00076852,1.00000000,1.00000000,0.00076852,0.58578267,1.00941594,-0.47161397,-0.11342073
2009-03-30,5206.02587891,-0.03425348,1.00000000,1.00000000,-0.03425348,0.56571757,0.97483992,-0.48971303,-0.14378916
2009-03-31,5210.81591797,0.00092010,1.00000000,1.00000000,0.00092010,0.56623808,0.97573687,-0.48924352,-0.14300136
2009-04-02,5473.75488281,0.05046023,1.00000000,1.00000000,0.05046023,0.59481059,1.02497277,-0.46347063,-0.09975701
2009-04-03,5529.60498047,0.01020325,1.00000000,1.00000000,0.01020325,0.60087959,1.03543083,-0.45799629,-0.09057161
2009-04-06,5556.19531250,0.00480872,1.00000000,1.00000000,0.00480872,0.60376905,1.04040993,-0.45538994,-0.08619842
2009-04-07,5576.82519531,0.00371295,1.00000000,1.00000000,0.00371295,0.60601082,1.04427292,-0.45336783,-0.08280552
2009-04-08,5443.53515625,-0.02390070,1.00000000,1.00000000,-0.02390070,0.59152673,1.01931406,-0.46643272,-0.10472711
2009-04-09,5667.77441406,0.04119368,1.00000000,1.00000000,0.04119368,0.61589390,1.06130336,-0.44445312,-0.06784752
2009-04-10,5781.93408203,0.02014189,1.00000000,1.00000000,0.02014189,0.62829916,1.08268001,-0.43326336,-0.04907221
2009-04-13,5857.61328125,0.01308891,1.00000000,1.00000000,0.01308891,0.63652291,1.09685111,-0.42584540,-0.03662561
2009-04-14,5892.65332031,0.00598197,1.00000000,1.00000000,0.00598197,0.64033057,1.10341244,-0.42241082,-0.03086274
2009-04-15,5875.16308594,-0.00296814,1.00000000,1.00000000,-0.00296814,0.63842998,1.10013735,-0.42412519,-0.03373927
2009-04-16,5997.14208984,0.02076181,1.00000000,1.00000000,0.02076181,0.65168494,1.12297819,-0.41216899,-0.01367795
2009-04-17,5755.35400391,-0.04031722,1.00000000,1.00000000,-0.04031722,0.62541081,1.07770284,-0.43586870,-0.05344372
2009-04-20,5781.63427734,0.00456623,1.00000000,1.00000000,0.00456623,0.62826658,1.08262388,-0.43329275,-0.04912152
2009-04-21,5881.38330078,0.01725274,1.00000000,1.00000000,0.01725274,0.63910590,1.10130210,-0.42351550,-0.03271626
2009-04-22,5886.08300781,0.00079908,1.00000000,1.00000000,0.00079908,0.63961660,1.10218213,-0.42305484,-0.03194333
2009-04-23,5875.21337891,-0.00184667,1.00000000,1.00000000,-0.00184667,0.63843544,1.10014677,-0.42412026,-0.03373100
2009-04-24,5880.74316406,0.00094121,1.00000000,1.00000000,0.00094121,0.63903634,1.10118224,-0.42357824,-0.03282154
2009-04-27,5705.02441406,-0.02988036,1.00000000,1.00000000,-0.02988036,0.61994170,1.06827851,-0.44080193,-0.06172119
2009-04-28,5596.70458984,-0.01898674,1.00000000,1.00000000,-0.01898674,0.60817103,1.04799538,-0.45141928,-0.07953605
2009-04-29,5614.03466797,0.00309648,1.00000000,1.00000000,0.00309648,0.61005422,1.05124048,-0.44972061,-0.07668585
2009-04-30,5992.54199219,0.06742162,1.00000000,1.00000000,0.06742162,0.65118506,1.12211681,-0.41261988,-0.01443451
2009-05-04,6330.37011719,0.05637476,1.00000000,1.00000000,0.05637476,0.68789547,1.18537588,-0.37950647,0.00000000
2009-05-05,6379.91015625,0.00782577,1.00000000,1.00000000,0.00782577,0.69327878,1.19465236,-0.37465063,0.00000000
2009-05-06,6566.66992188,0.02927310,1.00000000,1.00000000,0.02927310,0.71357320,1.22962355,-0.35634471,0.00000000
2009-05-07,6572.83984375,0.00093958,1.00000000,1.00000000,0.00093958,0.71424366,1.23077888,-0.35573995,0.00000000
2009-05-08,6583.83984375,0.00167355,1.00000000,1.00000000,0.00167355,0.71543899,1.23283865,-0.35466174,0.00000000
2009-05-11,6647.46923828,0.00966448,1.00000000,1.00000000,0.00966448,0.72235333,1.24475340,-0.34842488,0.00000000
2009-05-12,6432.52001953,-0.03233550,1.00000000,1.00000000,-0.03233550,0.69899568,1.20450368,-0.36949389,-0.03233550
2009-05-13,6485.11035156,0.00817570,1.00000000,1.00000000,0.00817570,0.70471046,1.21435134,-0.36433906,-0.02442417
2009-05-14,6364.14013672,-0.01865353,1.00000000,1.00000000,-0.01865353,0.69156512,1.19169939,-0.37619638,-0.04262210
2009-05-15,6489.05957031,0.01962864,1.00000000,1.00000000,0.01962864,0.70513960,1.21509083,-0.36395197,-0.02383007
2009-05-18,6577.77978516,0.01367228,1.00000000,1.00000000,0.01367228,0.71478046,1.23170389,-0.35525574,-0.01048361
2009-05-19,6655.55908203,0.01182455,1.00000000,1.00000000,0.01182455,0.72323242,1.24626824,-0.34763193,0.00000000
2009-05-20,6703.58886719,0.00721649,1.00000000,1.00000000,0.00721649,0.72845162,1.25526192,-0.34292412,0.00000000
2009-05-21,6718.77880859,0.00226594,1.00000000,1.00000000,0.00226594,0.73010225,1.25810627,-0.34143522,0.00000000
2009-05-22,6737.25878906,0.00275050,1.00000000,1.00000000,0.00275050,0.73211040,1.26156669,-0.33962384,0.00000000
2009-05-25,6734.42871094,-0.00042006,1.00000000,1.00000000,-0.00042006,0.73180286,1.26103675,-0.33990124,-0.00042006
2009-05-26,6683.07861328,-0.00762501,1.00000000,1.00000000,-0.00762501,0.72622286,1.25142133,-0.34493451,-0.00804187
2009-05-27,6890.40820312,0.03102307,1.00000000,1.00000000,0.03102307,0.74875252,1.29024426,-0.32461236,0.00000000
2009-06-01,6954.06835938,0.00923895,1.00000000,1.00000000,0.00923895,0.75567021,1.30216476,-0.31837249,0.00000000
2009-06-02,6949.04833984,-0.00072188,1.00000000,1.00000000,-0.00072188,0.75512470,1.30122476,-0.31886455,-0.00072188
2009-06-03,6893.10839844,-0.00805001,1.00000000,1.00000000,-0.00805001,0.74904594,1.29074988,-0.32434770,-0.00876609
2009-06-04,6786.02880859,-0.01553430,1.00000000,1.00000000,-0.01553430,0.73741003,1.27069899,-0.33484348,-0.02416421
2009-06-05,6767.06884766,-0.00279397,1.00000000,1.00000000,-0.00279397,0.73534973,1.26714869,-0.33670191,-0.02689066
2009-06-08,6627.98925781,-0.02055241,1.00000000,1.00000000,-0.02055241,0.72023652,1.24110573,-0.35033428,-0.04689041
2009-06-09,6414.36035156,-0.03223133,1.00000000,1.00000000,-0.03223133,0.69702234,1.20110324,-0.37127387,-0.07761040
2009-06-10,6462.24023438,0.00746448,1.00000000,1.00000000,0.00746448,0.70222525,1.21006885,-0.36658076,-0.07072524
2009-06-11,6567.33984375,0.01626365,1.00000000,1.00000000,0.01626365,0.71364600,1.22974899,-0.35627905,-0.05561184
2009-06-12,6448.20019531,-0.01814123,1.00000000,1.00000000,-0.01814123,0.70069958,1.20743983,-0.36795694,-0.07274420
2009-06-15,6225.53125000,-0.03453195,1.00000000,1.00000000,-0.03453195,0.67650305,1.16574457,-0.38978262,-0.10476416
2009-06-16,6220.78125000,-0.00076299,1.00000000,1.00000000,-0.00076299,0.67598689,1.16485512,-0.39024821,-0.10544721
2009-06-17,6195.88134766,-0.00400270,1.00000000,1.00000000,-0.00400270,0.67328112,1.16019256,-0.39268886,-0.10902783
2009-06-18,6144.50097656,-0.00829267,1.00000000,1.00000000,-0.00829267,0.66769783,1.15057147,-0.39772509,-0.11641637
2009-06-19,6231.12109375,0.01409718,1.00000000,1.00000000,0.01409718,0.67711048,1.16679128,-0.38923471,-0.10396033
2009-06-22,6341.18017578,0.01766281,1.00000000,1.00000000,0.01766281,0.68907015,1.18740009,-0.37844689,-0.08813376
2009-06-23,6197.44140625,-0.02266751,1.00000000,1.00000000,-0.02266751,0.67345065,1.16048469,-0.39253595,-0.10880350
2009-06-24,6380.05029297,0.02946521,1.00000000,1.00000000,0.02946521,0.69329401,1.19467861,-0.37463689,-0.08254421
2009-06-25,6457.58007812,0.01215191,1.00000000,1.00000000,0.01215191,0.70171885,1.20919623,-0.36703754,-0.07139537
2009-06-26,6463.53027344,0.00092143,1.00000000,1.00000000,0.00092143,0.70236544,1.21031042,-0.36645431,-0.07053973
2009-06-29,6391.12011719,-0.01120288,1.00000000,1.00000000,-0.01120288,0.69449692,1.19675145,-0.37355185,-0.08095236
2009-06-30,6432.13037109,0.00641676,1.00000000,1.00000000,0.00641676,0.69895334,1.20443072,-0.36953208,-0.07505506
2009-07-01,6578.93994141,0.02282441,1.00000000,1.00000000,0.02282441,0.71490653,1.23192113,-0.35514202,-0.05394373
2009-07-02,6667.49902344,0.01346100,1.00000000,1.00000000,0.01346100,0.72452989,1.24850402,-0.34646159,-0.04120888
2009-07-03,6665.36914062,-0.00031944,1.00000000,1.00000000,-0.00031944,0.72429844,1.24810519,-0.34667036,-0.04151515
2009-07-06,6649.87939453,-0.00232391,1.00000000,1.00000000,-0.00232391,0.72261523,1.24520470,-0.34818864,-0.04374259
2009-07-07,6715.18896484,0.00982117,1.00000000,1.00000000,0.00982117,0.72971216,1.25743407,-0.34178710,-0.03435103
2009-07-08,6668.10937500,-0.00701091,1.00000000,1.00000000,-0.00701091,0.72459621,1.24861831,-0.34640177,-0.04112111
2009-07-09,6748.14892578,0.01200334,1.00000000,1.00000000,0.01200334,0.73329378,1.26360589,-0.33855641,-0.02961136
2009-07-10,6769.82861328,0.00321269,1.00000000,1.00000000,0.00321269,0.73564963,1.26766546,-0.33643140,-0.02649381
2009-07-13,6530.78955078,-0.03530947,1.00000000,1.00000000,-0.03530947,0.70967423,1.22290487,-0.35986165,-0.06086780
2009-07-14,6639.37939453,0.01662737,1.00000000,1.00000000,0.01662737,0.72147424,1.24323856,-0.34921784,-0.04525250
2009-07-15,6738.56884766,0.01493957,1.00000000,1.00000000,0.01493957,0.73225275,1.26181200,-0.33949543,-0.03098898
2009-07-16,6780.26855469,0.00618821,1.00000000,1.00000000,0.00618821,0.73678409,1.26962036,-0.33540809,-0.02499254
2009-07-17,6850.95849609,0.01042583,1.00000000,1.00000000,0.01042583,0.74446568,1.28285721,-0.32847917,-0.01482727
2009-07-20,6938.82812500,0.01282589,1.00000000,1.00000000,0.01282589,0.75401411,1.29931100,-0.31986632,-0.00219156
2009-07-21,6953.30810547,0.00208680,1.00000000,1.00000000,0.00208680,0.75558759,1.30202241,-0.31844701,-0.00010933
2009-07-22,6985.28808594,0.00459925,1.00000000,1.00000000,0.00459925,0.75906273,1.30801073,-0.31531238,0.00000000
2009-07-23,6980.84814453,-0.00063561,1.00000000,1.00000000,-0.00063561,0.75858026,1.30717934,-0.31574758,-0.00063561
2009-07-24,6973.24804688,-0.00108871,1.00000000,1.00000000,-0.00108871,0.75775438,1.30575620,-0.31649253,-0.00172363
2009-07-27,7028.39843750,0.00790885,1.00000000,1.00000000,0.00790885,0.76374735,1.31608324,-0.31108677,0.00000000
2009-07-28,7142.59716797,0.01624819,1.00000000,1.00000000,0.01624819,0.77615686,1.33746720,-0.29989318,0.00000000
2009-07-29,7083.59765625,-0.00826023,1.00000000,1.00000000,-0.00826023,0.76974563,1.32641941,-0.30567622,-0.00826023
2009-07-30,7027.07812500,-0.00797893,1.00000000,1.00000000,-0.00797893,0.76360388,1.31583601,-0.31121618,-0.01617325
2009-07-31,7077.67773438,0.00720066,1.00000000,1.00000000,0.00720066,0.76910233,1.32531090,-0.30625648,-0.00908905
2009-08-03,7056.67822266,-0.00296701,1.00000000,1.00000000,-0.00296701,0.76682040,1.32137869,-0.30831482,-0.01202909
2009-08-04,6955.83837891,-0.01428999,1.00000000,1.00000000,-0.01428999,0.75586255,1.30249620,-0.31819900,-0.02614718
2009-08-05,6848.20849609,-0.01547332,1.00000000,1.00000000,-0.01547332,0.74416685,1.28234227,-0.32874872,-0.04121591
2009-08-06,6868.61816406,0.00298029,1.00000000,1.00000000,0.00298029,0.74638468,1.28616403,-0.32674819,-0.03835846
2009-08-10,6882.83837891,0.00207032,1.00000000,1.00000000,0.00207032,0.74792994,1.28882679,-0.32535435,-0.03636755
2009-08-11,6908.98828125,0.00379929,1.00000000,1.00000000,0.00379929,0.75077154,1.29372342,-0.32279117,-0.03270643
2009-08-12,6898.86816406,-0.00146478,1.00000000,1.00000000,-0.00146478,0.74967183,1.29182841,-0.32378313,-0.03412330
2009-08-13,7034.92822266,0.01972208,1.00000000,1.00000000,0.01972208,0.76445692,1.31730595,-0.31044673,-0.01507420
2009-08-14,7069.47802734,0.00491118,1.00000000,1.00000000,0.00491118,0.76821130,1.32377548,-0.30706021,-0.01023705
2009-08-17,6931.76806641,-0.01947951,1.00000000,1.00000000,-0.01947951,0.75324692,1.29798899,-0.32055833,-0.02951715
2009-08-18,6789.73876953,-0.02048962,1.00000000,1.00000000,-0.02048962,0.73781318,1.27139368,-0.33447983,-0.04940197
2009-08-19,6788.54882812,-0.00017526,1.00000000,1.00000000,-0.00017526,0.73768388,1.27117086,-0.33459647,-0.04956857
2009-08-20,6733.19873047,-0.00815345,1.00000000,1.00000000,-0.00815345,0.73166921,1.26080644,-0.34002181,-0.05731787
2009-08-21,6654.76904297,-0.01164821,1.00000000,1.00000000,-0.01164821,0.72314657,1.24612030,-0.34770937,-0.06829842
2009-08-24,6838.21826172,0.02756658,1.00000000,1.00000000,0.02756658,0.74308125,1.28047158,-0.32972795,-0.04261460
2009-08-25,6809.37890625,-0.00421738,1.00000000,1.00000000,-0.00421738,0.73994739,1.27507134,-0.33255474,-0.04665225
2009-08-26,6719.17871094,-0.01324646,1.00000000,1.00000000,-0.01324646,0.73014571,1.25818116,-0.34139603,-0.05928074
2009-08-27,6690.71875000,-0.00423563,1.00000000,1.00000000,-0.00423563,0.72705308,1.25285196,-0.34418563,-0.06326528
2009-08-28,6809.82861328,0.01780225,1.00000000,1.00000000,0.01780225,0.73999626,1.27515555,-0.33251066,-0.04658929
2009-08-31,6825.91894531,0.00236281,0.00000000,1.00000000,0.00236281,0.74174473,1.27816850,-0.33093351,-0.04433656
2009-09-01,7019.71826172,0.02839168,0.00000000,0.00000000,0.00000000,0.76280411,1.27816850,-0.31193758,-0.04433656
2009-09-02,7039.73828125,0.00285197,0.00000000,0.00000000,0.00000000,0.76497961,1.27816850,-0.30997525,-0.04433656
2009-09-03,7104.61767578,0.00921617,0.00000000,0.00000000,0.00000000,0.77202979,1.27816850,-0.30361587,-0.04433656
2009-09-04,7153.09716797,0.00682366,0.00000000,0.00000000,0.00000000,0.77729785,1.27816850,-0.29886398,-0.04433656
2009-09-07,7224.55664062,0.00999000,0.00000000,0.00000000,0.00000000,0.78506306,1.27816850,-0.29185963,-0.04433656
2009-09-08,7313.95654297,0.01237445,0.00000000,0.00000000,0.00000000,0.79477779,1.27816850,-0.28309678,-0.04433656
2009-09-09,7250.68652344,-0.00865059,0.00000000,0.00000000,-0.00000000,0.78790249,1.27816850,-0.28929842,-0.04433656
2009-09-10,7332.04638672,0.01122099,0.00000000,0.00000000,0.00000000,0.79674354,1.27816850,-0.28132364,-0.04433656
2009-09-11,7337.10644531,0.00069013,0.00000000,0.00000000,0.00000000,0.79729339,1.27816850,-0.28082766,-0.04433656
2009-09-14,7256.91650391,-0.01092937,1.00000000,0.00000000,-0.00000000,0.78857948,1.27816850,-0.28868776,-0.04433656
2009-09-15,7346.22607422,0.01230682,1.00000000,1.00000000,0.01230682,0.79828438,1.29389869,-0.27993377,-0.03257539
2009-09-16,7440.20605469,0.01279296,1.00000000,1.00000000,0.01279296,0.80849680,1.31045149,-0.27072199,-0.02019916
2009-09-17,7477.26562500,0.00498099,1.00000000,1.00000000,0.00498099,0.81252392,1.31697883,-0.26708947,-0.01531879
2009-09-18,7526.51513672,0.00658657,1.00000000,1.00000000,0.00658657,0.81787566,1.32565320,-0.26226210,-0.00883312
2009-09-21,7502.42578125,-0.00320060,1.00000000,1.00000000,-0.00320060,0.81525797,1.32141031,-0.26462331,-0.01200544
2009-09-22,7468.99560547,-0.00445592,1.00000000,1.00000000,-0.00445592,0.81162525,1.31552222,-0.26790008,-0.01640787
2009-09-23,7376.72558594,-0.01235374,1.00000000,1.00000000,-0.01235374,0.80159864,1.29927060,-0.27694425,-0.02855891
2009-09-24,7324.18652344,-0.00712227,1.00000000,1.00000000,-0.00712227,0.79588944,1.29001684,-0.28209405,-0.03547778
2009-09-25,7345.18652344,0.00286721,1.00000000,1.00000000,0.00286721,0.79817142,1.29371560,-0.28003567,-0.03271228
2009-09-28,7284.57617188,-0.00825171,1.00000000,1.00000000,-0.00825171,0.79158514,1.28304023,-0.28597660,-0.04069406
2009-09-29,7429.94580078,0.01995581,1.00000000,1.00000000,0.01995581,0.80738186,1.30864434,-0.27172769,-0.02155033
2009-09-30,7509.13574219,0.01065821,1.00000000,1.00000000,0.01065821,0.81598711,1.32259215,-0.26396561,-0.01112181
2009-10-01,7545.25488281,0.00481003,1.00000000,1.00000000,0.00481003,0.81991203,1.32895385,-0.26042526,-0.00636528
2009-10-02,7411.84570312,-0.01768120,1.00000000,1.00000000,-0.01768120,0.80541500,1.30545635,-0.27350183,-0.02393394
2009-10-05,7437.94580078,0.00352140,1.00000000,1.00000000,0.00352140,0.80825119,1.31005339,-0.27094354,-0.02049681
2009-10-06,7536.01513672,0.01318500,1.00000000,1.00000000,0.01318500,0.81890799,1.32732644,-0.26133093,-0.00758206
2009-10-07,7608.62500000,0.00963505,1.00000000,1.00000000,0.00963505,0.82679820,1.34011530,-0.25421382,0.00000000
2009-10-08,7503.27587891,-0.01384601,1.00000000,1.00000000,-0.01384601,0.81535034,1.32156004,-0.26453998,-0.01384601
2009-10-09,7571.92480469,0.00914919,1.00000000,1.00000000,0.00914919,0.82281014,1.33365125,-0.25781111,-0.00482350
2009-10-12,7599.84472656,0.00368730,1.00000000,1.00000000,0.00368730,0.82584409,1.33856882,-0.25507444,-0.00115399
2009-10-13,7596.56494141,-0.00043156,1.00000000,1.00000000,-0.00043156,0.82548769,1.33799115,-0.25539592,-0.00158505
2009-10-14,7695.71484375,0.01305194,1.00000000,1.00000000,0.01305194,0.83626190,1.35545453,-0.24567740,0.00000000
2009-10-15,7710.36474609,0.00190364,1.00000000,1.00000000,0.00190364,0.83785385,1.35803483,-0.24424144,0.00000000
2009-10-16,7715.06494141,0.00060959,1.00000000,1.00000000,0.00060959,0.83836460,1.35886268,-0.24378073,0.00000000
2009-10-19,7751.28417969,0.00469461,1.00000000,1.00000000,0.00469461,0.84230039,1.36524201,-0.24023057,0.00000000
2009-10-20,7753.48437500,0.00028385,1.00000000,1.00000000,0.00028385,0.84253948,1.36562953,-0.24001491,0.00000000
2009-10-21,7701.46484375,-0.00670918,1.00000000,1.00000000,-0.00670918,0.83688673,1.35646728,-0.24511379,-0.00670918
2009-10-22,7607.89501953,-0.01214961,1.00000000,1.00000000,-0.01214961,0.82671888,1.33998673,-0.25428537,-0.01877728
2009-10-23,7649.24462891,0.00543509,1.00000000,1.00000000,0.00543509,0.83121217,1.34726968,-0.25023234,-0.01344425
2009-10-26,7668.36474609,0.00249961,1.00000000,1.00000000,0.00249961,0.83328988,1.35063732,-0.24835821,-0.01097824
2009-10-27,7657.30468750,-0.00144230,1.00000000,1.00000000,-0.00144230,0.83208803,1.34868930,-0.24944230,-0.01240471
2009-10-28,7533.91552734,-0.01611392,1.00000000,1.00000000,-0.01611392,0.81867983,1.32695664,-0.26153673,-0.02831873
2009-10-29,7355.65625000,-0.02366091,1.00000000,1.00000000,-0.02366091,0.79930912,1.29555964,-0.27900944,-0.05130959
2009-10-30,7340.04638672,-0.00212216,1.00000000,1.00000000,-0.00212216,0.79761286,1.29281026,-0.28053949,-0.05332286
2009-11-02,7335.14648438,-0.00066756,0.00000000,1.00000000,-0.00066756,0.79708041,1.29194723,-0.28101978,-0.05395482
2009-11-03,7322.89648438,-0.00167004,0.00000000,0.00000000,-0.00000000,0.79574925,1.29194723,-0.28222050,-0.05395482
2009-11-04,7467.00585938,0.01967929,0.00000000,0.00000000,0.00000000,0.81140903,1.29194723,-0.26809511,-0.05395482
2009-11-05,7417.42578125,-0.00663989,0.00000000,0.00000000,-0.00000000,0.80602137,1.29194723,-0.27295488,-0.05395482
2009-11-06,7463.01562500,0.00614632,0.00000000,0.00000000,0.00000000,0.81097543,1.29194723,-0.26848623,-0.05395482
2009-11-09,7536.66552734,0.00986865,0.00000000,0.00000000,0.00000000,0.81897866,1.29194723,-0.26126718,-0.05395482
2009-11-10,7593.45507812,0.00753510,0.00000000,0.00000000,0.00000000,0.82514975,1.29194723,-0.25570075,-0.05395482
2009-11-11,7668.02490234,0.00982028,0.00000000,0.00000000,0.00000000,0.83325295,1.29194723,-0.24839152,-0.05395482
2009-11-12,7670.89501953,0.00037430,0.00000000,0.00000000,0.00000000,0.83356483,1.29194723,-0.24811020,-0.05395482
2009-11-13,7665.59472656,-0.00069096,0.00000000,0.00000000,-0.00000000,0.83298887,1.29194723,-0.24862973,-0.05395482
2009-11-16,7792.64453125,0.01657403,0.00000000,0.00000000,0.00000000,0.84679485,1.29194723,-0.23617649,-0.05395482
2009-11-17,7733.17480469,-0.00763152,0.00000000,0.00000000,-0.00000000,0.84033252,1.29194723,-0.24200563,-0.05395482
2009-11-18,7766.65429688,0.00432933,0.00000000,0.00000000,0.00000000,0.84397060,1.29194723,-0.23872402,-0.05395482
2009-11-19,7759.94433594,-0.00086394,0.00000000,0.00000000,-0.00000000,0.84324146,1.29194723,-0.23938172,-0.05395482
2009-11-20,7682.93505859,-0.00992395,0.00000000,0.00000000,-0.00000000,0.83487317,1.29194723,-0.24693005,-0.05395482
2009-11-23,7687.11474609,0.00054402,0.00000000,0.00000000,0.00000000,0.83532736,1.29194723,-0.24652037,-0.05395482
2009-11-24,7714.52490234,0.00356573,0.00000000,0.00000000,0.00000000,0.83830591,1.29194723,-0.24383366,-0.05395482
2009-11-25,7756.27441406,0.00541181,0.00000000,0.00000000,0.00000000,0.84284266,1.29194723,-0.23974144,-0.05395482
2009-11-26,7739.12451172,-0.00221110,0.00000000,0.00000000,-0.00000000,0.84097905,1.29194723,-0.24142245,-0.05395482
2009-11-27,7490.87597656,-0.03207708,0.00000000,0.00000000,-0.00000000,0.81400290,1.29194723,-0.26575540,-0.05395482
2009-11-30,7582.17480469,0.01218800,0.00000000,0.00000000,0.00000000,0.82392397,1.29194723,-0.25680642,-0.05395482
2009-12-01,7649.19482422,0.00883916,0.00000000,0.00000000,0.00000000,0.83120676,1.29194723,-0.25023722,-0.05395482
2009-12-02,7677.58496094,0.00371152,0.00000000,0.00000000,0.00000000,0.83429180,1.29194723,-0.24745446,-0.05395482
2009-12-03,7684.63476562,0.00091823,0.00000000,0.00000000,0.00000000,0.83505787,1.29194723,-0.24676345,-0.05395482
2009-12-04,7650.87500000,-0.00439315,0.00000000,0.00000000,-0.00000000,0.83138934,1.29194723,-0.25007253,-0.05395482
2009-12-07,7775.60449219,0.01630264,0.00000000,0.00000000,0.00000000,0.84494318,1.29194723,-0.23784673,-0.05395482
2009-12-08,7768.67431641,-0.00089127,0.00000000,0.00000000,-0.00000000,0.84419011,1.29194723,-0.23852602,-0.05395482
2009-12-09,7797.38427734,0.00369561,0.00000000,0.00000000,0.00000000,0.84730990,1.29194723,-0.23571191,-0.05395482
2009-12-10,7677.87500000,-0.01532684,0.00000000,0.00000000,-0.00000000,0.83432332,1.29194723,-0.24742603,-0.05395482
2009-12-11,7795.03417969,0.01525932,0.00000000,0.00000000,0.00000000,0.84705453,1.29194723,-0.23594226,-0.05395482
2009-12-14,7819.09423828,0.00308659,0.00000000,0.00000000,0.00000000,0.84966904,1.29194723,-0.23358393,-0.05395482
2009-12-15,7807.58447266,-0.00147201,0.00000000,0.00000000,-0.00000000,0.84841832,1.29194723,-0.23471210,-0.05395482
2009-12-16,7751.56445312,-0.00717508,0.00000000,0.00000000,-0.00000000,0.84233085,1.29194723,-0.24020310,-0.05395482
2009-12-17,7742.13427734,-0.00121655,0.00000000,0.00000000,-0.00000000,0.84130611,1.29194723,-0.24112743,-0.05395482
2009-12-18,7753.59423828,0.00148021,0.00000000,0.00000000,0.00000000,0.84255142,1.29194723,-0.24000414,-0.05395482
2009-12-21,7787.23437500,0.00433865,0.00000000,0.00000000,0.00000000,0.84620695,1.29194723,-0.23670679,-0.05395482
2009-12-22,7855.96337891,0.00882586,0.00000000,0.00000000,0.00000000,0.85367545,1.29194723,-0.22997007,-0.05395482
2009-12-23,7901.46289062,0.00579172,0.00000000,0.00000000,0.00000000,0.85861970,1.29194723,-0.22551028,-0.05395482
2009-12-24,7963.50292969,0.00785172,0.00000000,0.00000000,0.00000000,0.86536134,1.29194723,-0.21942920,-0.05395482
2009-12-25,7972.55273438,0.00113641,0.00000000,0.00000000,0.00000000,0.86634474,1.29194723,-0.21854216,-0.05395482
2009-12-28,8057.45263672,0.01064902,0.00000000,0.00000000,0.00000000,0.87557047,1.29194723,-0.21022039,-0.05395482
2009-12-29,8053.79248047,-0.00045426,0.00000000,0.00000000,-0.00000000,0.87517274,1.29194723,-0.21057916,-0.05395482
2009-12-30,8112.24218750,0.00725741,0.00000000,0.00000000,0.00000000,0.88152423,1.29194723,-0.20485000,-0.05395482
2009-12-31,8188.07226562,0.00934761,0.00000000,0.00000000,0.00000000,0.88976437,1.29194723,-0.19741725,-0.05395482
2010-01-04,8207.80957031,0.00241049,1.00000000,0.00000000,0.00000000,0.89190914,1.29194723,-0.19548263,-0.05395482
2010-01-05,8211.36035156,0.00043261,1.00000000,1.00000000,0.00043261,0.89229499,1.29250614,-0.19513459,-0.05354556
2010-01-06,8327.58007812,0.01415353,1.00000000,1.00000000,0.01415353,0.90492412,1.31079967,-0.18374290,-0.04014989
2010-01-07,8237.37988281,-0.01083150,1.00000000,1.00000000,-0.01083150,0.89512243,1.29660174,-0.19258419,-0.05054650
2010-01-08,8280.86035156,0.00527843,1.00000000,1.00000000,0.00527843,0.89984727,1.30344576,-0.18832230,-0.04553488
2010-01-11,8323.78027344,0.00518303,1.00000000,1.00000000,0.00518303,0.90451121,1.31020156,-0.18411535,-0.04058786
2010-01-12,8309.33007812,-0.00173601,1.00000000,1.00000000,-0.00173601,0.90294096,1.30792703,-0.18553174,-0.04225341
2010-01-13,8196.51953125,-0.01357637,1.00000000,1.00000000,-0.01357637,0.89068230,1.29017013,-0.19658926,-0.05525613
2010-01-14,8289.94042969,0.01139763,1.00000000,1.00000000,0.01139763,0.90083397,1.30487501,-0.18743228,-0.04448829
2010-01-15,8356.84960938,0.00807113,1.00000000,1.00000000,0.00807113,0.90810472,1.31540682,-0.18087394,-0.03677623
2010-01-18,8337.78027344,-0.00228188,1.00000000,1.00000000,-0.00228188,0.90603253,1.31240522,-0.18274309,-0.03897419
2010-01-19,8248.95996094,-0.01065275,1.00000000,1.00000000,-0.01065275,0.89638079,1.29842449,-0.19144913,-0.04921177
2010-01-20,8220.88964844,-0.00340289,1.00000000,1.00000000,-0.00340289,0.89333050,1.29400610,-0.19420054,-0.05244719
2010-01-21,8127.83251953,-0.01131959,1.00000000,1.00000000,-0.01131959,0.88321836,1.27935847,-0.20332186,-0.06317311
2010-01-22,7927.27294922,-0.02467565,1.00000000,1.00000000,-0.02467565,0.86142437,1.24778947,-0.22298041,-0.08628992
2010-01-25,7872.95361328,-0.00685221,1.00000000,1.00000000,-0.00685221,0.85552171,1.23923935,-0.22830472,-0.09255085
2010-01-26,7598.77490234,-0.03482539,1.00000000,1.00000000,-0.03482539,0.82572783,1.19608236,-0.25517931,-0.12415313
2010-01-27,7559.99462891,-0.00510349,1.00000000,1.00000000,-0.00510349,0.82151374,1.18997816,-0.25898049,-0.12862300
2010-01-28,7694.54492188,0.01779767,1.00000000,1.00000000,0.01779767,0.83613477,1.21115700,-0.24579207,-0.11311452
2010-01-29,7640.40478516,-0.00703617,1.00000000,1.00000000,-0.00703617,0.83025158,1.20263509,-0.25109881,-0.11935480
2010-02-01,7524.63525391,-0.01515228,0.00000000,1.00000000,-0.01515228,0.81767138,1.18441243,-0.26244637,-0.13269858
2010-02-02,7429.57568359,-0.01263311,0.00000000,0.00000000,-0.00000000,0.80734165,1.18441243,-0.27176396,-0.13269858
2010-02-03,7547.94482422,0.01593215,0.00000000,0.00000000,0.00000000,0.82020434,1.18441243,-0.26016160,-0.13269858
2010-02-04,7542.00537109,-0.00078690,0.00000000,0.00000000,-0.00000000,0.81955892,1.18441243,-0.26074377,-0.13269858
2010-02-05,7217.79687500,-0.04298704,0.00000000,0.00000000,-0.00000000,0.78432851,1.18441243,-0.29252221,-0.13269858
2010-02-08,7215.84667969,-0.00027019,0.00000000,0.00000000,-0.00000000,0.78411659,1.18441243,-0.29271337,-0.13269858
2010-02-09,7361.00634766,0.02011679,0.00000000,0.00000000,0.00000000,0.79989050,1.18441243,-0.27848503,-0.13269858
2010-02-10,7441.80566406,0.01097667,0.00000000,0.00000000,0.00000000,0.80867063,1.18441243,-0.27056520,-0.13269858
2010-02-22,7560.00488281,0.01588314,0.00000000,0.00000000,0.00000000,0.82151485,1.18441243,-0.25897949,-0.13269858
2010-02-23,7597.40478516,0.00494707,0.00000000,0.00000000,0.00000000,0.82557895,1.18441243,-0.25531360,-0.13269858
2010-02-24,7529.63525391,-0.00892009,0.00000000,0.00000000,-0.00000000,0.81821471,1.18441243,-0.26195627,-0.13269858
2010-02-25,7426.92578125,-0.01364070,0.00000000,0.00000000,-0.00000000,0.80705369,1.18441243,-0.27202370,-0.13269858
2010-02-26,7436.06591797,0.00123068,0.00000000,0.00000000,0.00000000,0.80804691,1.18441243,-0.27112780,-0.13269858
2010-03-01,7577.71484375,0.01904891,0.00000000,0.00000000,0.00000000,0.82343932,1.18441243,-0.25724358,-0.13269858
2010-03-02,7597.58496094,0.00262218,0.00000000,0.00000000,0.00000000,0.82559853,1.18441243,-0.25529594,-0.13269858
2010-03-03,7629.48486328,0.00419869,0.00000000,0.00000000,0.00000000,0.82906496,1.18441243,-0.25216916,-0.13269858
2010-03-04,7569.76464844,-0.00782756,0.00000000,0.00000000,-0.00000000,0.82257541,1.18441243,-0.25802285,-0.13269858
2010-03-05,7666.22460938,0.01274280,0.00000000,0.00000000,0.00000000,0.83305732,1.18441243,-0.24856799,-0.13269858
2010-03-08,7762.23437500,0.01252374,0.00000000,0.00000000,0.00000000,0.84349031,1.18441243,-0.23915725,-0.13269858
2010-03-09,7770.55419922,0.00107183,0.00000000,0.00000000,0.00000000,0.84439439,1.18441243,-0.23834175,-0.13269858
2010-03-10,7779.04443359,0.00109262,0.00000000,0.00000000,0.00000000,0.84531699,1.18441243,-0.23750955,-0.13269858
2010-03-11,7749.62451172,-0.00378195,0.00000000,0.00000000,-0.00000000,0.84212004,1.18441243,-0.24039325,-0.13269858
2010-03-12,7748.29443359,-0.00017163,0.00000000,0.00000000,-0.00000000,0.84197551,1.18441243,-0.24052362,-0.13269858
2010-03-15,7634.88476562,-0.01463673,0.00000000,0.00000000,-0.00000000,0.82965174,1.18441243,-0.25163987,-0.13269858
2010-03-16,7695.59472656,0.00795165,0.00000000,0.00000000,0.00000000,0.83624885,1.18441243,-0.24568917,-0.13269858
2010-03-17,7847.80371094,0.01977872,0.00000000,0.00000000,0.00000000,0.85278878,1.18441243,-0.23076987,-0.13269858
2010-03-18,7886.30273438,0.00490571,0.00000000,0.00000000,0.00000000,0.85697231,1.18441243,-0.22699625,-0.13269858
2010-03-19,7897.87304688,0.00146714,0.00000000,0.00000000,0.00000000,0.85822961,1.18441243,-0.22586215,-0.13269858
2010-03-22,7835.94384766,-0.00784125,0.00000000,0.00000000,-0.00000000,0.85150001,1.18441243,-0.23193236,-0.13269858
2010-03-23,7811.83447266,-0.00307677,0.00000000,0.00000000,-0.00000000,0.84888015,1.18441243,-0.23429552,-0.13269858
2010-03-24,7822.67382812,0.00138756,0.00000000,0.00000000,0.00000000,0.85005802,1.18441243,-0.23323307,-0.13269858
2010-03-25,7838.06396484,0.00196738,0.00000000,0.00000000,0.00000000,0.85173040,1.18441243,-0.23172455,-0.13269858
2010-03-26,7876.82324219,0.00494501,0.00000000,0.00000000,0.00000000,0.85594221,1.18441243,-0.22792542,-0.13269858
2010-03-29,7947.41308594,0.00896171,0.00000000,0.00000000,0.00000000,0.86361292,1.18441243,-0.22100631,-0.13269858
2010-03-30,7962.18310547,0.00185847,0.00000000,0.00000000,0.00000000,0.86521792,1.18441243,-0.21955857,-0.13269858
2010-03-31,7920.02294922,-0.00529505,0.00000000,0.00000000,-0.00000000,0.86063655,1.18441243,-0.22369105,-0.13269858
2010-04-01,8013.05224609,0.01174609,0.00000000,0.00000000,0.00000000,0.87074566,1.18441243,-0.21457245,-0.13269858
2010-04-02,8025.89257812,0.00160243,0.00000000,0.00000000,0.00000000,0.87214097,1.18441243,-0.21331386,-0.13269858
2010-04-06,8089.61230469,0.00793927,0.00000000,0.00000000,0.00000000,0.87906513,1.18441243,-0.20706815,-0.13269858
2010-04-07,8121.74218750,0.00397175,0.00000000,0.00000000,0.00000000,0.88255655,1.18441243,-0.20391883,-0.13269858
2010-04-08,8057.56250000,-0.00790221,0.00000000,0.00000000,-0.00000000,0.87558241,1.18441243,-0.21020962,-0.13269858
2010-04-09,8091.99218750,0.00427297,0.00000000,0.00000000,0.00000000,0.87932374,1.18441243,-0.20683488,-0.13269858
2010-04-12,8117.71240234,0.00317848,0.00000000,0.00000000,0.00000000,0.88211865,1.18441243,-0.20431382,-0.13269858
2010-04-13,8029.69238281,-0.01084296,0.00000000,0.00000000,-0.00000000,0.87255388,1.18441243,-0.21294141,-0.13269858
2010-04-14,8097.09228516,0.00839383,0.00000000,0.00000000,0.00000000,0.87987795,1.18441243,-0.20633497,-0.13269858
2010-04-15,8171.90234375,0.00923913,0.00000000,0.00000000,0.00000000,0.88800725,1.18441243,-0.19900220,-0.13269858
2010-04-16,8111.53222656,-0.00738752,0.00000000,0.00000000,-0.00000000,0.88144708,1.18441243,-0.20491959,-0.13269858
2010-04-19,7854.18359375,-0.03172627,0.00000000,0.00000000,-0.00000000,0.85348205,1.18441243,-0.23014452,-0.13269858
2010-04-20,7900.38281250,0.00588212,0.00000000,0.00000000,0.00000000,0.85850233,1.18441243,-0.22561615,-0.13269858
2010-04-21,7990.49218750,0.01140570,0.00000000,0.00000000,0.00000000,0.86829415,1.18441243,-0.21678376,-0.13269858
2010-04-22,7978.65234375,-0.00148174,0.00000000,0.00000000,-0.00000000,0.86700756,1.18441243,-0.21794428,-0.13269858
2010-04-23,8004.85253906,0.00328379,0.00000000,0.00000000,0.00000000,0.86985463,1.18441243,-0.21537618,-0.13269858
2010-04-26,8158.10253906,0.01914464,0.00000000,0.00000000,0.00000000,0.88650768,1.18441243,-0.20035484,-0.13269858
2010-04-27,8146.40234375,-0.00143418,0.00000000,0.00000000,-0.00000000,0.88523627,1.18441243,-0.20150167,-0.13269858
2010-04-28,8081.51220703,-0.00796550,0.00000000,0.00000000,-0.00000000,0.87818492,1.18441243,-0.20786211,-0.13269858
2010-04-29,8054.01220703,-0.00340283,0.00000000,0.00000000,-0.00000000,0.87519661,1.18441243,-0.21055762,-0.13269858
2010-04-30,8004.21240234,-0.00618323,0.00000000,0.00000000,-0.00000000,0.86978507,1.18441243,-0.21543892,-0.13269858
2010-05-03,7952.13281250,-0.00650652,0.00000000,0.00000000,-0.00000000,0.86412579,1.18441243,-0.22054369,-0.13269858
2010-05-04,7930.73291016,-0.00269109,0.00000000,0.00000000,-0.00000000,0.86180035,1.18441243,-0.22264127,-0.13269858
2010-05-05,7696.86474609,-0.02948885,0.00000000,0.00000000,-0.00000000,0.83638686,1.18441243,-0.24556469,-0.13269858
2010-05-06,7579.44482422,-0.01525555,0.00000000,0.00000000,-0.00000000,0.82362731,1.18441243,-0.25707401,-0.13269858
2010-05-07,7567.06494141,-0.00163335,0.00000000,0.00000000,-0.00000000,0.82228204,1.18441243,-0.25828747,-0.13269858
2010-05-10,7664.69482422,0.01290195,0.00000000,0.00000000,0.00000000,0.83289108,1.18441243,-0.24871793,-0.13269858
2010-05-11,7608.40478516,-0.00734407,0.00000000,0.00000000,-0.00000000,0.82677427,1.18441243,-0.25423540,-0.13269858
2010-05-12,7602.66503906,-0.00075440,0.00000000,0.00000000,-0.00000000,0.82615056,1.18441243,-0.25479800,-0.13269858
2010-05-13,7770.53417969,0.02208030,0.00000000,0.00000000,0.00000000,0.84439221,1.18441243,-0.23834372,-0.13269858
2010-05-14,7772.09423828,0.00020077,0.00000000,0.00000000,0.00000000,0.84456174,1.18441243,-0.23819080,-0.13269858
2010-05-17,7598.68505859,-0.02231177,0.00000000,0.00000000,-0.00000000,0.82571807,1.18441243,-0.25518811,-0.13269858
2010-05-18,7585.26464844,-0.00176615,0.00000000,0.00000000,-0.00000000,0.82425973,1.18441243,-0.25650356,-0.13269858
2010-05-19,7559.12500000,-0.00344611,0.00000000,0.00000000,-0.00000000,0.82141924,1.18441243,-0.25906573,-0.13269858
2010-05-20,7424.39599609,-0.01782336,0.00000000,0.00000000,-0.00000000,0.80677879,1.18441243,-0.27227167,-0.13269858
2010-05-21,7237.67675781,-0.02514942,0.00000000,0.00000000,-0.00000000,0.78648877,1.18441243,-0.29057361,-0.13269858
2010-05-24,7322.69628906,0.01174680,0.00000000,0.00000000,0.00000000,0.79572750,1.18441243,-0.28224013,-0.13269858
2010-05-25,7086.33789062,-0.03227751,0.00000000,0.00000000,-0.00000000,0.77004340,1.18441243,-0.30540763,-0.13269858
2010-05-26,7167.31738281,0.01142755,0.00000000,0.00000000,0.00000000,0.77884311,1.18441243,-0.29747014,-0.13269858
2010-05-27,7243.12695312,0.01057712,0.00000000,0.00000000,0.00000000,0.78708102,1.18441243,-0.29003939,-0.13269858
2010-05-28,7295.28613281,0.00720120,0.00000000,0.00000000,0.00000000,0.79274895,1.18441243,-0.28492683,-0.13269858
2010-05-31,7373.94580078,0.01078226,0.00000000,0.00000000,0.00000000,0.80129657,1.18441243,-0.27721672,-0.13269858
2010-06-01,7289.29638672,-0.01147953,0.00000000,0.00000000,-0.00000000,0.79209807,1.18441243,-0.28551393,-0.13269858
2010-06-02,7195.67675781,-0.01284344,0.00000000,0.00000000,-0.00000000,0.78192480,1.18441243,-0.29469039,-0.13269858
2010-06-03,7360.24609375,0.02287058,0.00000000,0.00000000,0.00000000,0.79980788,1.18441243,-0.27855955,-0.13269858
2010-06-04,7344.55615234,-0.00213171,0.00000000,0.00000000,-0.00000000,0.79810292,1.18441243,-0.28009745,-0.13269858
2010-06-07,7157.79736328,-0.02542819,0.00000000,0.00000000,-0.00000000,0.77780861,1.18441243,-0.29840327,-0.13269858
2010-06-08,7151.95751953,-0.00081587,0.00000000,0.00000000,-0.00000000,0.77717401,1.18441243,-0.29897569,-0.13269858
2010-06-09,7071.63818359,-0.01123040,0.00000000,0.00000000,-0.00000000,0.76844604,1.18441243,-0.30684847,-0.13269858
2010-06-10,7181.73681641,0.01556904,0.00000000,0.00000000,0.00000000,0.78041001,1.18441243,-0.29605676,-0.13269858
2010-06-11,7299.45654297,0.01639154,0.00000000,0.00000000,0.00000000,0.79320213,1.18441243,-0.28451805,-0.13269858
2010-06-14,7387.36572266,0.01204325,0.00000000,0.00000000,0.00000000,0.80275486,1.18441243,-0.27590132,-0.13269858
2010-06-15,7454.02587891,0.00902354,0.00000000,0.00000000,0.00000000,0.80999855,1.18441243,-0.26936739,-0.13269858
2010-06-17,7515.74511719,0.00827999,0.00000000,0.00000000,0.00000000,0.81670533,1.18441243,-0.26331776,-0.13269858
2010-06-18,7493.07568359,-0.00301626,0.00000000,0.00000000,-0.00000000,0.81424193,1.18441243,-0.26553979,-0.13269858
2010-06-21,7635.52490234,0.01901078,0.00000000,0.00000000,0.00000000,0.82972131,1.18441243,-0.25157713,-0.13269858
2010-06-22,7612.64501953,-0.00299650,0.00000000,0.00000000,-0.00000000,0.82723504,1.18441243,-0.25381978,-0.13269858
2010-06-23,7582.11474609,-0.00401047,0.00000000,0.00000000,-0.00000000,0.82391744,1.18441243,-0.25681231,-0.13269858
2010-06-24,7589.85498047,0.00102085,0.00000000,0.00000000,0.00000000,0.82475854,1.18441243,-0.25605362,-0.13269858
2010-06-25,7474.67578125,-0.01517542,0.00000000,0.00000000,-0.00000000,0.81224249,1.18441243,-0.26734332,-0.13269858
2010-06-28,7500.75585938,0.00348912,0.00000000,0.00000000,0.00000000,0.81507650,1.18441243,-0.26478699,-0.13269858
2010-06-29,7423.53564453,-0.01029499,0.00000000,0.00000000,-0.00000000,0.80668530,1.18441243,-0.27235600,-0.13269858
2010-06-30,7329.33642578,-0.01268927,0.00000000,0.00000000,-0.00000000,0.79644905,1.18441243,-0.28158927,-0.13269858
2010-07-01,7254.02636719,-0.01027515,0.00000000,0.00000000,-0.00000000,0.78826542,1.18441243,-0.28897105,-0.13269858
2010-07-02,7330.70654297,0.01057071,0.00000000,0.00000000,0.00000000,0.79659794,1.18441243,-0.28145497,-0.13269858
2010-07-05,7439.92578125,0.01489887,0.00000000,0.00000000,0.00000000,0.80846635,1.18441243,-0.27074946,-0.13269858
2010-07-06,7548.44482422,0.01458604,0.00000000,0.00000000,0.00000000,0.82025867,1.18441243,-0.26011259,-0.13269858
2010-07-07,7534.42529297,-0.00185727,0.00000000,0.00000000,-0.00000000,0.81873522,1.18441243,-0.26148676,-0.13269858
2010-07-08,7608.81494141,0.00987330,0.00000000,0.00000000,0.00000000,0.82681884,1.18441243,-0.25419520,-0.13269858
2010-07-09,7647.21484375,0.00504677,0.00000000,0.00000000,0.00000000,0.83099160,1.18441243,-0.25043130,-0.13269858
2010-07-12,7639.51464844,-0.00100693,0.00000000,0.00000000,-0.00000000,0.83015486,1.18441243,-0.25118606,-0.13269858
2010-07-13,7597.38476562,-0.00551473,0.00000000,0.00000000,-0.00000000,0.82557677,1.18441243,-0.25531557,-0.13269858
2010-07-14,7714.47460938,0.01541186,0.00000000,0.00000000,0.00000000,0.83830045,1.18441243,-0.24383859,-0.13269858
2010-07-15,7704.48486328,-0.00129494,0.00000000,0.00000000,-0.00000000,0.83721490,1.18441243,-0.24481777,-0.13269858
2010-07-16,7664.53466797,-0.00518532,0.00000000,0.00000000,-0.00000000,0.83287368,1.18441243,-0.24873363,-0.13269858
2010-07-19,7649.79492188,-0.00192311,0.00000000,0.00000000,-0.00000000,0.83127197,1.18441243,-0.25017840,-0.13269858
2010-07-20,7711.99462891,0.00813090,0.00000000,0.00000000,0.00000000,0.83803096,1.18441243,-0.24408168,-0.13269858
2010-07-21,7701.25488281,-0.00139260,0.00000000,0.00000000,-0.00000000,0.83686391,1.18441243,-0.24513437,-0.13269858
2010-07-22,7666.30468750,-0.00453825,0.00000000,0.00000000,-0.00000000,0.83306602,1.18441243,-0.24856014,-0.13269858
2010-07-23,7761.18457031,0.01237622,0.00000000,0.00000000,0.00000000,0.84337623,1.18441243,-0.23926015,-0.13269858
2010-07-26,7787.41455078,0.00337964,0.00000000,0.00000000,0.00000000,0.84622653,1.18441243,-0.23668913,-0.13269858
2010-07-27,7747.97412109,-0.00506464,0.00000000,0.00000000,-0.00000000,0.84194070,1.18441243,-0.24055502,-0.13269858
2010-07-28,7784.77441406,0.00474967,0.00000000,0.00000000,0.00000000,0.84593964,1.18441243,-0.23694791,-0.13269858
2010-07-29,7798.95458984,0.00182153,0.00000000,0.00000000,0.00000000,0.84748054,1.18441243,-0.23555799,-0.13269858
2010-07-30,7760.59423828,-0.00491865,0.00000000,0.00000000,-0.00000000,0.84331208,1.18441243,-0.23931802,-0.13269858
2010-08-02,7911.64306641,0.01946356,1.00000000,0.00000000,0.00000000,0.85972594,1.18441243,-0.22451243,-0.13269858
2010-08-03,7957.49267578,0.00579521,1.00000000,1.00000000,0.00579521,0.86470823,1.19127635,-0.22001832,-0.12767239
2010-08-04,7972.62304688,0.00190140,1.00000000,1.00000000,0.00190140,0.86635238,1.19354144,-0.21853526,-0.12601375
2010-08-05,7936.81298828,-0.00449163,1.00000000,1.00000000,-0.00449163,0.86246105,1.18818049,-0.22204531,-0.12993937
2010-08-06,7963.26269531,0.00333253,1.00000000,1.00000000,0.00333253,0.86533523,1.19214015,-0.21945275,-0.12703986
2010-08-09,8034.45263672,0.00893980,1.00000000,1.00000000,0.00893980,0.87307115,1.20279764,-0.21247482,-0.11923578
2010-08-10,7976.70263672,-0.00718780,1.00000000,1.00000000,-0.00718780,0.86679570,1.19415217,-0.21813539,-0.12556653
2010-08-11,7894.99267578,-0.01024358,1.00000000,1.00000000,-0.01024358,0.85791661,1.18191979,-0.22614448,-0.13452386
2010-08-12,7829.75390625,-0.00826331,1.00000000,1.00000000,-0.00826331,0.85082738,1.17215322,-0.23253909,-0.14167555
2010-08-13,7891.54296875,0.00789157,1.00000000,1.00000000,0.00789157,0.85754174,1.18140335,-0.22648261,-0.13490202
2010-08-16,7941.18310547,0.00629030,1.00000000,1.00000000,0.00629030,0.86293593,1.18883472,-0.22161696,-0.12946030
2010-08-17,7931.05273438,-0.00127568,1.00000000,1.00000000,-0.00127568,0.86183511,1.18731816,-0.22260993,-0.13057083
2010-08-18,7924.06298828,-0.00088131,1.00000000,1.00000000,-0.00088131,0.86107556,1.18627176,-0.22329505,-0.13133707
2010-08-19,7928.90283203,0.00061078,1.00000000,1.00000000,0.00061078,0.86160149,1.18699630,-0.22282066,-0.13080651
2010-08-20,7927.27294922,-0.00020556,1.00000000,1.00000000,-0.00020556,0.86142437,1.18675230,-0.22298041,-0.13098518
2010-08-23,7975.89306641,0.00613327,1.00000000,1.00000000,0.00613327,0.86670772,1.19403098,-0.21821474,-0.12565528
2010-08-24,7940.60302734,-0.00442459,1.00000000,1.00000000,-0.00442459,0.86287290,1.18874788,-0.22167382,-0.12952389
2010-08-25,7736.94433594,-0.02564776,1.00000000,1.00000000,-0.02564776,0.84074214,1.15825916,-0.24163614,-0.15184966
2010-08-26,7689.70507812,-0.00610567,1.00000000,1.00000000,-0.00610567,0.83560884,1.15118721,-0.24626647,-0.15702818
2010-08-27,7722.87500000,0.00431355,1.00000000,1.00000000,0.00431355,0.83921328,1.15615291,-0.24301520,-0.15339198
2010-08-30,7741.16455078,0.00236823,1.00000000,1.00000000,0.00236823,0.84120074,1.15889095,-0.24122248,-0.15138702
2010-08-31,7616.24462891,-0.01613710,1.00000000,1.00000000,-0.01613710,0.82762620,1.14018981,-0.25346695,-0.16508117
2010-09-01,7668.21484375,0.00682360,1.00000000,1.00000000,0.00682360,0.83327359,1.14797001,-0.24837291,-0.15938402
2010-09-02,7720.78466797,0.00685555,1.00000000,1.00000000,0.00685555,0.83898614,1.15583998,-0.24322009,-0.15362113
2010-09-03,7830.17382812,0.01416814,1.00000000,1.00000000,0.01416814,0.85087301,1.17221608,-0.23249793,-0.14162952
2010-09-06,7890.91308594,0.00775708,1.00000000,1.00000000,0.00775708,0.85747330,1.18130905,-0.22654435,-0.13497107
2010-09-07,7884.36279297,-0.00083011,1.00000000,1.00000000,-0.00083011,0.85676150,1.18032844,-0.22718640,-0.13568914
2010-09-08,7851.27343750,-0.00419683,1.00000000,1.00000000,-0.00419683,0.85316582,1.17537480,-0.23042977,-0.13931651
2010-09-09,7835.50390625,-0.00200853,1.00000000,1.00000000,-0.00200853,0.85145221,1.17301402,-0.23197548,-0.14104522
2010-09-10,7890.07275391,0.00696431,1.00000000,1.00000000,0.00696431,0.85738198,1.18118325,-0.22662672,-0.13506319
2010-09-13,8091.26220703,0.02549906,1.00000000,1.00000000,0.02549906,0.87924442,1.21130231,-0.20690643,-0.11300812
2010-09-14,8132.56250000,0.00510431,1.00000000,1.00000000,0.00510431,0.88373235,1.21748517,-0.20285824,-0.10848064
2010-09-15,8163.78222656,0.00383885,1.00000000,1.00000000,0.00383885,0.88712487,1.22215892,-0.19979812,-0.10505822
2010-09-16,8099.71240234,-0.00784806,1.00000000,1.00000000,-0.00784806,0.88016267,1.21256735,-0.20607815,-0.11208178
2010-09-17,8158.29248047,0.00723237,1.00000000,1.00000000,0.00723237,0.88652832,1.22133708,-0.20033622,-0.10566003
2010-09-20,8186.92236328,0.00350930,1.00000000,1.00000000,0.00350930,0.88963942,1.22562312,-0.19752996,-0.10252152
2010-09-21,8196.36035156,0.00115281,1.00000000,1.00000000,0.00115281,0.89066500,1.22703603,-0.19660486,-0.10148690
2010-09-23,8202.50000000,0.00074907,1.00000000,1.00000000,0.00074907,0.89133217,1.22795517,-0.19600306,-0.10081385
2010-09-24,8166.58251953,-0.00437885,1.00000000,1.00000000,-0.00437885,0.88742917,1.22257814,-0.19952364,-0.10475125
2010-09-27,8191.50244141,0.00305145,1.00000000,1.00000000,0.00305145,0.89013711,1.22630878,-0.19708103,-0.10201944
2010-09-28,8189.40234375,-0.00025638,1.00000000,1.00000000,-0.00025638,0.88990891,1.22599438,-0.19728688,-0.10224966
2010-09-29,8240.84960938,0.00628218,1.00000000,1.00000000,0.00628218,0.89549947,1.23369629,-0.19224409,-0.09660983
2010-09-30,8237.74023438,-0.00037731,1.00000000,1.00000000,-0.00037731,0.89516159,1.23323080,-0.19254887,-0.09695069
2010-10-01,8244.13964844,0.00077684,1.00000000,1.00000000,0.00077684,0.89585698,1.23418883,-0.19192161,-0.09624917
2010-10-04,8246.05957031,0.00023288,1.00000000,1.00000000,0.00023288,0.89606561,1.23447625,-0.19173342,-0.09603870
2010-10-05,8200.38964844,-0.00553839,1.00000000,1.00000000,-0.00553839,0.89110285,1.22763924,-0.19620992,-0.10104519
2010-10-06,8283.99023438,0.01019471,1.00000000,1.00000000,0.01019471,0.90018739,1.24015466,-0.18801551,-0.09188061
2010-10-07,8283.87988281,-0.00001332,1.00000000,1.00000000,-0.00001332,0.90017539,1.24013814,-0.18802633,-0.09189271
2010-10-08,8244.15039062,-0.00479600,1.00000000,1.00000000,-0.00479600,0.89585815,1.23419044,-0.19192056,-0.09624799
2010-10-11,8176.72216797,-0.00817892,1.00000000,1.00000000,-0.00817892,0.88853100,1.22409610,-0.19852977,-0.10363970
2010-10-12,8090.18261719,-0.01058365,1.00000000,1.00000000,-0.01058365,0.87912710,1.21114069,-0.20701225,-0.11312646
2010-10-13,8106.62255859,0.00203209,1.00000000,1.00000000,0.00203209,0.88091356,1.21360183,-0.20540083,-0.11132426
2010-10-14,8215.41015625,0.01341960,1.00000000,1.00000000,0.01341960,0.89273507,1.22988788,-0.19473763,-0.09939859
2010-10-15,8205.25976562,-0.00123553,1.00000000,1.00000000,-0.00123553,0.89163207,1.22836832,-0.19573256,-0.10051131
2010-10-18,8060.50244141,-0.01764202,1.00000000,1.00000000,-0.01764202,0.87590188,1.20669742,-0.20992146,-0.11638011
2010-10-19,8046.19238281,-0.00177533,1.00000000,1.00000000,-0.00177533,0.87434686,1.20455514,-0.21132411,-0.11794883
2010-10-20,8124.58251953,0.00974251,1.00000000,1.00000000,0.00974251,0.88286520,1.21629053,-0.20364042,-0.10935543
2010-10-21,8131.19238281,0.00081356,1.00000000,1.00000000,0.00081356,0.88358347,1.21728006,-0.20299253,-0.10863083
2010-10-22,8168.02246094,0.00452948,1.00000000,1.00000000,0.00452948,0.88758564,1.22279371,-0.19938250,-0.10459339
2010-10-25,8306.94042969,0.01700754,1.00000000,1.00000000,0.01700754,0.90268129,1.24359042,-0.18576597,-0.08936473
2010-10-26,8343.19042969,0.00436382,1.00000000,1.00000000,0.00436382,0.90662043,1.24901722,-0.18221280,-0.08539088
2010-10-27,8291.00000000,-0.00625545,1.00000000,1.00000000,-0.00625545,0.90094911,1.24120406,-0.18732843,-0.09111218
2010-10-28,8354.00976562,0.00759978,1.00000000,1.00000000,0.00759978,0.90779612,1.25063693,-0.18115230,-0.08420483
2010-10-29,8287.04980469,-0.00801531,1.00000000,1.00000000,-0.00801531,0.90051986,1.24061269,-0.18771562,-0.09154521
2010-11-01,8379.70996094,0.01118132,1.00000000,1.00000000,0.01118132,0.91058886,1.25448438,-0.17863321,-0.08138749
2010-11-02,8344.71972656,-0.00417559,1.00000000,1.00000000,-0.00417559,0.90678661,1.24924617,-0.18206290,-0.08522323
2010-11-03,8293.86035156,-0.00609480,1.00000000,1.00000000,-0.00609480,0.90125993,1.24163227,-0.18704806,-0.09079861
2010-11-04,8357.80957031,0.00771043,1.00000000,1.00000000,0.00771043,0.90820903,1.25120578,-0.18077985,-0.08378828
2010-11-05,8449.29980469,0.01094668,1.00000000,1.00000000,0.01094668,0.91815090,1.26490233,-0.17181211,-0.07375881
2010-11-08,8430.54003906,-0.00222027,1.00000000,1.00000000,-0.00222027,0.91611235,1.26209390,-0.17365092,-0.07581532
2010-11-09,8445.58984375,0.00178515,1.00000000,1.00000000,0.00178515,0.91774775,1.26434693,-0.17217576,-0.07416551
2010-11-10,8450.58984375,0.00059202,1.00000000,1.00000000,0.00059202,0.91829108,1.26509545,-0.17168566,-0.07361739
2010-11-11,8436.91015625,-0.00161878,1.00000000,1.00000000,-0.00161878,0.91680457,1.26304754,-0.17302653,-0.07511700
2010-11-12,8316.00976562,-0.01432994,1.00000000,1.00000000,-0.01432994,0.90366682,1.24494814,-0.18487701,-0.08837052
2010-11-15,8240.61035156,-0.00906678,1.00000000,1.00000000,-0.00906678,0.89547347,1.23366048,-0.19226754,-0.09663606
2010-11-16,8312.16992188,0.00868377,1.00000000,1.00000000,0.00868377,0.90324956,1.24437330,-0.18525338,-0.08879146
2010-11-17,8255.50000000,-0.00681770,1.00000000,1.00000000,-0.00681770,0.89709147,1.23588953,-0.19080808,-0.09500381
2010-11-18,8283.41015625,0.00338080,1.00000000,1.00000000,0.00338080,0.90012435,1.24006782,-0.18807237,-0.09194420
2010-11-19,8306.08007812,0.00273679,1.00000000,1.00000000,0.00273679,0.90258780,1.24346162,-0.18585030,-0.08945905
2010-11-22,8374.87011719,0.00828189,1.00000000,1.00000000,0.00828189,0.91006293,1.25375983,-0.17910760,-0.08191805
2010-11-23,8328.58984375,-0.00552609,1.00000000,1.00000000,-0.00552609,0.90503384,1.24683144,-0.18364392,-0.08699145
2010-11-24,8297.00976562,-0.00379177,1.00000000,1.00000000,-0.00379177,0.90160216,1.24210375,-0.18673936,-0.09045336
2010-11-25,8349.95019531,0.00638066,1.00000000,1.00000000,0.00638066,0.90735498,1.25002920,-0.18155021,-0.08464985
2010-11-26,8312.11035156,-0.00453174,1.00000000,1.00000000,-0.00453174,0.90324308,1.24436438,-0.18525922,-0.08879799
2010-11-29,8367.12988281,0.00661920,1.00000000,1.00000000,0.00661920,0.90922183,1.25260108,-0.17986629,-0.08276656
2010-11-30,8372.44042969,0.00063469,1.00000000,1.00000000,0.00063469,0.90979891,1.25339610,-0.17934576,-0.08218440
2010-12-01,8520.07031250,0.01763284,1.00000000,1.00000000,0.01763284,0.92584124,1.27549703,-0.16487529,-0.06600070
2010-12-02,8585.72949219,0.00770641,1.00000000,1.00000000,0.00770641,0.93297616,1.28532653,-0.15843948,-0.05880292
2010-12-03,8623.96972656,0.00445393,1.00000000,1.00000000,0.00445393,0.93713157,1.29105129,-0.15469122,-0.05461089
2010-12-06,8702.19042969,0.00907015,1.00000000,1.00000000,0.00907015,0.94563149,1.30276132,-0.14702415,-0.04603607
2010-12-07,8704.34960938,0.00024812,1.00000000,1.00000000,0.00024812,0.94586612,1.30308456,-0.14681251,-0.04579938
2010-12-08,8703.75000000,-0.00006889,1.00000000,1.00000000,-0.00006889,0.94580096,1.30299479,-0.14687128,-0.04586511
2010-12-09,8753.79980469,0.00575037,1.00000000,1.00000000,0.00575037,0.95123967,1.31048750,-0.14196547,-0.04037848
2010-12-10,8718.79003906,-0.00399938,1.00000000,1.00000000,-0.00399938,0.94743530,1.30524636,-0.14539708,-0.04421637
2010-12-13,8736.54980469,0.00203695,1.00000000,1.00000000,0.00203695,0.94936519,1.30790509,-0.14365629,-0.04226948
2010-12-14,8740.38964844,0.00043951,1.00000000,1.00000000,0.00043951,0.94978245,1.30847993,-0.14327992,-0.04184854
2010-12-15,8756.66992188,0.00186265,1.00000000,1.00000000,0.00186265,0.95155156,1.31091717,-0.14168415,-0.04006384
2010-12-16,8782.16015625,0.00291095,1.00000000,1.00000000,0.00291095,0.95432148,1.31473318,-0.13918563,-0.03726952
2010-12-17,8817.86035156,0.00406508,1.00000000,1.00000000,0.00406508,0.95820087,1.32007768,-0.13568635,-0.03335594
2010-12-20,8768.67968750,-0.00557739,1.00000000,1.00000000,-0.00557739,0.95285661,1.31271509,-0.14050697,-0.03874729
2010-12-21,8827.75000000,0.00673651,1.00000000,1.00000000,0.00673651,0.95927554,1.32155821,-0.13471698,-0.03227180
2010-12-22,8860.45019531,0.00370425,1.00000000,1.00000000,0.00370425,0.96282893,1.32645359,-0.13151176,-0.02868709
2010-12-23,8898.82910156,0.00433148,1.00000000,1.00000000,0.00433148,0.96699941,1.33219911,-0.12774991,-0.02447987
2010-12-24,8861.05957031,-0.00424433,1.00000000,1.00000000,-0.00424433,0.96289515,1.32654482,-0.13145203,-0.02862029
2010-12-27,8892.26855469,0.00352204,1.00000000,1.00000000,0.00352204,0.96628651,1.33121696,-0.12839297,-0.02519906
2010-12-28,8870.71972656,-0.00242332,1.00000000,1.00000000,-0.00242332,0.96394488,1.32799099,-0.13050515,-0.02756131
2010-12-29,8866.30957031,-0.00049716,1.00000000,1.00000000,-0.00049716,0.96346565,1.32733077,-0.13093743,-0.02804477
2010-12-30,8907.86914062,0.00468736,1.00000000,1.00000000,0.00468736,0.96798176,1.33355244,-0.12686382,-0.02348887
2010-12-31,8972.45898438,0.00725087,1.00000000,1.00000000,0.00725087,0.97500047,1.34322187,-0.12053282,-0.01640831
2011-01-03,9025.25878906,0.00588465,1.00000000,1.00000000,0.00588465,0.98073801,1.35112626,-0.11535746,-0.01062021
2011-01-04,8997.14941406,-0.00311452,1.00000000,1.00000000,-0.00311452,0.97768348,1.34691815,-0.11811270,-0.01370166
2011-01-05,8846.26953125,-0.01676974,1.00000000,1.00000000,-0.01676974,0.96128798,1.32433068,-0.13290173,-0.03024163
2011-01-06,8883.16894531,0.00417118,1.00000000,1.00000000,0.00417118,0.96529769,1.32985470,-0.12928490,-0.02619659
2011-01-07,8782.67968750,-0.01131232,1.00000000,1.00000000,-0.01131232,0.95437793,1.31481096,-0.13913471,-0.03721256
2011-01-10,8817.83984375,0.00400335,1.00000000,1.00000000,0.00400335,0.95819864,1.32007461,-0.13568836,-0.03335819
2011-01-11,8931.31933594,0.01286931,1.00000000,1.00000000,0.01286931,0.97052999,1.33706306,-0.12456527,-0.02091818
2011-01-12,8964.95898438,0.00376648,1.00000000,1.00000000,0.00376648,0.97418548,1.34209908,-0.12126796,-0.01723048
2011-01-13,8975.53906250,0.00118016,1.00000000,1.00000000,0.00118016,0.97533517,1.34368297,-0.12023092,-0.01607066
2011-01-14,8972.46875000,-0.00034208,1.00000000,1.00000000,-0.00034208,0.97500153,1.34322333,-0.12053187,-0.01640724
2011-01-17,8925.04882812,-0.00528505,1.00000000,1.00000000,-0.00528505,0.96984860,1.33612433,-0.12517990,-0.02160557
2011-01-18,8987.95898438,0.00704872,1.00000000,1.00000000,0.00704872,0.97668479,1.34554229,-0.11901354,-0.01470914
2011-01-19,9085.97753906,0.01090554,1.00000000,1.00000000,0.01090554,0.98733607,1.36021616,-0.10940590,-0.00396401
2011-01-20,9022.12890625,-0.00702716,1.00000000,1.00000000,-0.00702716,0.98039790,1.35065770,-0.11566425,-0.01096332
2011-01-21,8954.33886719,-0.00751375,1.00000000,1.00000000,-0.00751375,0.97303143,1.34050919,-0.12230893,-0.01839470
2011-01-24,8947.74902344,-0.00073594,1.00000000,1.00000000,-0.00073594,0.97231534,1.33952266,-0.12295486,-0.01911710
2011-01-25,8991.34863281,0.00487269,1.00000000,1.00000000,0.00487269,0.97705313,1.34604974,-0.11868129,-0.01433756
2011-01-26,9055.54785156,0.00714011,1.00000000,1.00000000,0.00714011,0.98402940,1.35566068,-0.11238857,-0.00729982
2011-01-27,9102.28808594,0.00516150,1.00000000,1.00000000,0.00516150,0.98910847,1.36265793,-0.10780717,-0.00217600
2011-01-28,9145.30761719,0.00472623,1.00000000,1.00000000,0.00472623,0.99378323,1.36909817,-0.10359045,0.00000000
2011-02-08,9111.41796875,-0.00370569,1.00000000,1.00000000,-0.00370569,0.99010058,1.36402472,-0.10691227,-0.00370569
2011-02-09,9006.77929688,-0.01148435,1.00000000,1.00000000,-0.01148435,0.97872992,1.34835979,-0.11716880,-0.01514748
2011-02-10,8836.51953125,-0.01890351,1.00000000,1.00000000,-0.01890351,0.96022849,1.32287105,-0.13385741,-0.03376465
2011-02-11,8609.82031250,-0.02565481,1.00000000,1.00000000,-0.02565481,0.93559401,1.28893305,-0.15607813,-0.05855323
2011-02-14,8685.42968750,0.00878176,1.00000000,1.00000000,0.00878176,0.94381017,1.30025215,-0.14866701,-0.05028567
2011-02-15,8721.88964844,0.00419783,1.00000000,1.00000000,0.00419783,0.94777213,1.30571039,-0.14509326,-0.04629893
2011-02-16,8712.91992188,-0.00102842,1.00000000,1.00000000,-0.00102842,0.94679742,1.30436757,-0.14597246,-0.04727973
2011-02-17,8683.83984375,-0.00333758,1.00000000,1.00000000,-0.00333758,0.94363741,1.30001414,-0.14882284,-0.05045951
2011-02-18,8843.79980469,0.01842042,1.00000000,1.00000000,0.01842042,0.96101960,1.32396095,-0.13314381,-0.03296858
2011-02-21,8839.17968750,-0.00052241,0.00000000,1.00000000,-0.00052241,0.96051756,1.32326929,-0.13359666,-0.03347377
2011-02-22,8673.62988281,-0.01872909,0.00000000,0.00000000,-0.00000000,0.94252793,1.32326929,-0.14982361,-0.03347377
2011-02-23,8528.90039062,-0.01668615,0.00000000,0.00000000,-0.00000000,0.92680077,1.32326929,-0.16400978,-0.03347377
2011-02-24,8541.59960938,0.00148896,0.00000000,0.00000000,0.00000000,0.92818074,1.32326929,-0.16276502,-0.03347377
2011-02-25,8599.61035156,0.00679155,0.00000000,0.00000000,0.00000000,0.93448453,1.32326929,-0.15707889,-0.03347377
2011-03-01,8727.51953125,0.01487383,0.00000000,0.00000000,0.00000000,0.94838390,1.32326929,-0.14454143,-0.03347377
2011-03-02,8619.86035156,-0.01233560,0.00000000,0.00000000,-0.00000000,0.93668502,1.32326929,-0.15509402,-0.03347377
2011-03-03,8738.33007812,0.01374381,0.00000000,0.00000000,0.00000000,0.94955864,1.32326929,-0.14348179,-0.03347377
2011-03-04,8784.36035156,0.00526763,0.00000000,0.00000000,0.00000000,0.95456056,1.32326929,-0.13896997,-0.03347377
2011-03-07,8713.75000000,-0.00803819,0.00000000,0.00000000,-0.00000000,0.94688762,1.32326929,-0.14589110,-0.03347377
2011-03-08,8747.70996094,0.00389728,0.00000000,0.00000000,0.00000000,0.95057791,1.32326929,-0.14256239,-0.03347377
2011-03-09,8749.97949219,0.00025944,0.00000000,0.00000000,0.00000000,0.95082453,1.32326929,-0.14233993,-0.03347377
2011-03-10,8642.86035156,-0.01224222,0.00000000,0.00000000,-0.00000000,0.93918433,1.32326929,-0.15283959,-0.03347377
2011-03-11,8567.78027344,-0.00868695,0.00000000,0.00000000,-0.00000000,0.93102569,1.32326929,-0.16019883,-0.03347377
2011-03-14,8519.97949219,-0.00557913,0.00000000,0.00000000,-0.00000000,0.92583137,1.32326929,-0.16488419,-0.03347377
2011-03-15,8234.74023438,-0.03347887,0.00000000,0.00000000,-0.00000000,0.89483559,1.32326929,-0.19284292,-0.03347377
2011-03-16,8324.54003906,0.01090500,0.00000000,0.00000000,0.00000000,0.90459377,1.32326929,-0.18404088,-0.03347377
2011-03-17,8282.65039062,-0.00503207,0.00000000,0.00000000,-0.00000000,0.90004179,1.32326929,-0.18814684,-0.03347377
2011-03-18,8394.70996094,0.01352943,0.00000000,0.00000000,0.00000000,0.91221885,1.32326929,-0.17716293,-0.03347377
2011-03-21,8467.66992188,0.00869118,0.00000000,0.00000000,0.00000000,0.92014711,1.32326929,-0.17001150,-0.03347377
2011-03-22,8508.00000000,0.00476283,0.00000000,0.00000000,0.00000000,0.92452961,1.32326929,-0.16605841,-0.03347377
2011-03-23,8545.04003906,0.00435355,0.00000000,0.00000000,0.00000000,0.92855460,1.32326929,-0.16242780,-0.03347377
2011-03-24,8576.36035156,0.00366532,0.00000000,0.00000000,0.00000000,0.93195805,1.32326929,-0.15935783,-0.03347377
2011-03-25,8610.34960938,0.00396313,0.00000000,0.00000000,0.00000000,0.93565153,1.32326929,-0.15602625,-0.03347377
2011-03-28,8553.01953125,-0.00665828,0.00000000,0.00000000,-0.00000000,0.92942170,1.32326929,-0.16164566,-0.03347377
2011-03-29,8596.53027344,0.00508718,0.00000000,0.00000000,0.00000000,0.93414983,1.32326929,-0.15738080,-0.03347377
2011-03-30,8646.26953125,0.00578597,0.00000000,0.00000000,0.00000000,0.93955480,1.32326929,-0.15250543,-0.03347377
2011-03-31,8683.25976562,0.00427817,0.00000000,0.00000000,0.00000000,0.94357437,1.32326929,-0.14887970,-0.03347377
2011-04-01,8705.08984375,0.00251404,0.00000000,0.00000000,0.00000000,0.94594656,1.32326929,-0.14673995,-0.03347377
2011-04-06,8851.94042969,0.01686951,0.00000000,0.00000000,0.00000000,0.96190421,1.32326929,-0.13234587,-0.03347377
2011-04-07,8901.67871094,0.00561891,0.00000000,0.00000000,0.00000000,0.96730907,1.32326929,-0.12747060,-0.03347377
2011-04-08,8894.49902344,-0.00080655,0.00000000,0.00000000,-0.00000000,0.96652888,1.32326929,-0.12817434,-0.03347377
2011-04-11,8880.22851562,-0.00160442,0.00000000,0.00000000,-0.00000000,0.96497816,1.32326929,-0.12957312,-0.03347377
2011-04-12,8732.54980469,-0.01663006,0.00000000,0.00000000,-0.00000000,0.94893052,1.32326929,-0.14404837,-0.03347377
2011-04-13,8780.16015625,0.00545206,0.00000000,0.00000000,0.00000000,0.95410414,1.32326929,-0.13938167,-0.03347377
2011-04-14,8802.69042969,0.00256604,0.00000000,0.00000000,0.00000000,0.95655242,1.32326929,-0.13717329,-0.03347377
2011-04-15,8718.08007812,-0.00961187,0.00000000,0.00000000,-0.00000000,0.94735816,1.32326929,-0.14546667,-0.03347377
2011-04-18,8714.44042969,-0.00041748,0.00000000,0.00000000,-0.00000000,0.94696265,1.32326929,-0.14582342,-0.03347377
2011-04-19,8638.50976562,-0.00871320,0.00000000,0.00000000,-0.00000000,0.93871157,1.32326929,-0.15326603,-0.03347377
2011-04-20,8813.24023438,0.02022692,0.00000000,0.00000000,0.00000000,0.95769882,1.32326929,-0.13613921,-0.03347377
2011-04-21,8957.60937500,0.01638094,0.00000000,0.00000000,0.00000000,0.97338683,1.32326929,-0.12198836,-0.03347377
2011-04-22,8969.38867188,0.00131500,0.00000000,0.00000000,0.00000000,0.97466683,1.32326929,-0.12083377,-0.03347377
2011-04-25,8950.70898438,-0.00208260,0.00000000,0.00000000,-0.00000000,0.97263699,1.32326929,-0.12266473,-0.03347377
2011-04-26,8948.09863281,-0.00029164,0.00000000,0.00000000,-0.00000000,0.97235333,1.32326929,-0.12292059,-0.03347377
2011-04-27,9049.20898438,0.01129965,0.00000000,0.00000000,0.00000000,0.98334058,1.32326929,-0.11300990,-0.03347377
2011-04-28,9040.72851562,-0.00093715,0.00000000,0.00000000,-0.00000000,0.98241904,1.32326929,-0.11384114,-0.03347377
2011-04-29,9007.82910156,-0.00363902,0.00000000,0.00000000,-0.00000000,0.97884400,1.32326929,-0.11706590,-0.03347377
2011-05-03,8946.03906250,-0.00685959,0.00000000,0.00000000,-0.00000000,0.97212953,1.32326929,-0.12312246,-0.03347377
2011-05-04,8947.30859375,0.00014191,0.00000000,0.00000000,0.00000000,0.97226748,1.32326929,-0.12299803,-0.03347377
2011-05-05,9018.56933594,0.00796449,0.00000000,0.00000000,0.00000000,0.98001110,1.32326929,-0.11601315,-0.03347377
2011-05-06,8977.18945312,-0.00458830,0.00000000,0.00000000,-0.00000000,0.97551451,1.32326929,-0.12006915,-0.03347377
2011-05-09,9035.43945312,0.00648867,0.00000000,0.00000000,0.00000000,0.98184430,1.32326929,-0.11435957,-0.03347377
2011-05-10,9023.23925781,-0.00135026,0.00000000,0.00000000,-0.00000000,0.98051856,1.32326929,-0.11555542,-0.03347377
2011-05-11,9020.35937500,-0.00031916,0.00000000,0.00000000,-0.00000000,0.98020561,1.32326929,-0.11583770,-0.03347377
2011-05-12,9033.63867188,0.00147215,0.00000000,0.00000000,0.00000000,0.98164862,1.32326929,-0.11453608,-0.03347377
2011-05-13,9006.56933594,-0.00299650,0.00000000,0.00000000,-0.00000000,0.97870710,1.32326929,-0.11718938,-0.03347377
2011-05-16,8911.66894531,-0.01053680,1.00000000,0.00000000,-0.00000000,0.96839467,1.32326929,-0.12649137,-0.03347377
2011-05-17,8884.04882812,-0.00309932,1.00000000,1.00000000,-0.00309932,0.96539330,1.31916806,-0.12919866,-0.03646935
2011-05-18,8944.79882812,0.00683810,1.00000000,1.00000000,0.00683810,0.97199476,1.32818866,-0.12324403,-0.02988063
2011-05-19,8892.83886719,-0.00580896,1.00000000,1.00000000,-0.00580896,0.96634848,1.32047326,-0.12833707,-0.03551601
2011-05-20,8836.99023438,-0.00628018,1.00000000,1.00000000,-0.00628018,0.96027964,1.31218045,-0.13381127,-0.04157314
2011-05-23,8747.46972656,-0.01013020,0.00000000,1.00000000,-0.01013020,0.95055181,1.29888780,-0.14258594,-0.05128220
2011-05-24,8756.57031250,0.00104037,0.00000000,0.00000000,0.00000000,0.95154073,1.29888780,-0.14169391,-0.05128220
2011-05-25,8727.04980469,-0.00337124,0.00000000,0.00000000,-0.00000000,0.94833286,1.29888780,-0.14458747,-0.05128220
2011-05-26,8788.36035156,0.00702535,0.00000000,0.00000000,0.00000000,0.95499523,1.29888780,-0.13857790,-0.05128220
2011-05-27,8809.95996094,0.00245775,0.00000000,0.00000000,0.00000000,0.95734237,1.29888780,-0.13646074,-0.05128220
2011-05-30,8823.63964844,0.00155275,0.00000000,0.00000000,0.00000000,0.95882888,1.29888780,-0.13511987,-0.05128220
2011-05-31,8988.79882812,0.01871781,0.00000000,0.00000000,0.00000000,0.97677606,1.29888780,-0.11893122,-0.05128220
2011-06-01,9062.30761719,0.00817782,0.00000000,0.00000000,0.00000000,0.98476396,1.29888780,-0.11172599,-0.05128220
2011-06-02,8991.31933594,-0.00783336,0.00000000,0.00000000,-0.00000000,0.97704995,1.29888780,-0.11868416,-0.05128220
2011-06-03,9046.23925781,0.00610810,0.00000000,0.00000000,0.00000000,0.98301787,1.29888780,-0.11330099,-0.05128220
2011-06-07,9057.05761719,0.00119590,0.00000000,0.00000000,0.00000000,0.98419346,1.29888780,-0.11224059,-0.05128220
2011-06-08,9007.48925781,-0.00547290,0.00000000,0.00000000,-0.00000000,0.97880707,1.29888780,-0.11709921,-0.05128220
2011-06-09,9000.89941406,-0.00073160,0.00000000,0.00000000,-0.00000000,0.97809098,1.29888780,-0.11774513,-0.05128220
2011-06-10,8837.78027344,-0.01812254,0.00000000,0.00000000,-0.00000000,0.96036549,1.29888780,-0.13373383,-0.05128220
2011-06-13,8712.91015625,-0.01412913,0.00000000,0.00000000,-0.00000000,0.94679636,1.29888780,-0.14597342,-0.05128220
2011-06-14,8829.16992188,0.01334339,0.00000000,0.00000000,0.00000000,0.95942984,1.29888780,-0.13457780,-0.05128220
2011-06-15,8831.41015625,0.00025373,0.00000000,0.00000000,0.00000000,0.95967327,1.29888780,-0.13435822,-0.05128220
2011-06-16,8654.38964844,-0.02004442,0.00000000,0.00000000,-0.00000000,0.94043718,1.29888780,-0.15170951,-0.05128220
2011-06-17,8636.05957031,-0.00211801,0.00000000,0.00000000,-0.00000000,0.93844532,1.29888780,-0.15350620,-0.05128220
2011-06-20,8530.63964844,-0.01220695,0.00000000,0.00000000,-0.00000000,0.92698977,1.29888780,-0.16383930,-0.05128220
2011-06-21,8597.58007812,0.00784706,0.00000000,0.00000000,0.00000000,0.93426391,1.29888780,-0.15727790,-0.05128220
2011-06-22,8621.00000000,0.00272401,0.00000000,0.00000000,0.00000000,0.93680886,1.29888780,-0.15498231,-0.05128220
2011-06-23,8567.24023438,-0.00623591,0.00000000,0.00000000,-0.00000000,0.93096701,1.29888780,-0.16025177,-0.05128220
2011-06-24,8532.79003906,-0.00402115,0.00000000,0.00000000,-0.00000000,0.92722344,1.29888780,-0.16362852,-0.05128220
2011-06-27,8500.12011719,-0.00382875,0.00000000,0.00000000,-0.00000000,0.92367334,1.29888780,-0.16683078,-0.05128220
2011-06-28,8478.82031250,-0.00250582,0.00000000,0.00000000,-0.00000000,0.92135877,1.29888780,-0.16891856,-0.05128220
2011-06-29,8573.33984375,0.01114772,0.00000000,0.00000000,0.00000000,0.93162983,1.29888780,-0.15965389,-0.05128220
2011-06-30,8652.54980469,0.00923910,0.00000000,0.00000000,0.00000000,0.94023725,1.29888780,-0.15188985,-0.05128220
2011-07-01,8739.78027344,0.01008148,0.00000000,0.00000000,0.00000000,0.94971623,1.29888780,-0.14333965,-0.05128220
2011-07-04,8774.67968750,0.00399317,0.00000000,0.00000000,0.00000000,0.95350860,1.29888780,-0.13991886,-0.05128220
2011-07-05,8784.40039062,0.00110781,0.00000000,0.00000000,0.00000000,0.95456491,1.29888780,-0.13896605,-0.05128220
2011-07-06,8824.40039062,0.00455353,0.00000000,0.00000000,0.00000000,0.95891155,1.29888780,-0.13504531,-0.05128220
2011-07-07,8773.37988281,-0.00578175,0.00000000,0.00000000,-0.00000000,0.95336736,1.29888780,-0.14004626,-0.05128220
2011-07-08,8749.50976562,-0.00272074,0.00000000,0.00000000,-0.00000000,0.95077349,1.29888780,-0.14238598,-0.05128220
2011-07-11,8665.80957031,-0.00956627,0.00000000,0.00000000,-0.00000000,0.94167813,1.29888780,-0.15059015,-0.05128220
2011-07-12,8490.96972656,-0.02017582,0.00000000,0.00000000,-0.00000000,0.92267900,1.29888780,-0.16772769,-0.05128220
2011-07-13,8488.01953125,-0.00034745,0.00000000,0.00000000,-0.00000000,0.92235842,1.29888780,-0.16801686,-0.05128220
2011-07-14,8481.30957031,-0.00079052,0.00000000,0.00000000,-0.00000000,0.92162927,1.29888780,-0.16867456,-0.05128220
2011-07-15,8574.87011719,0.01103138,0.00000000,0.00000000,0.00000000,0.93179611,1.29888780,-0.15950390,-0.05128220
2011-07-18,8538.53027344,-0.00423795,0.00000000,0.00000000,-0.00000000,0.92784721,1.29888780,-0.16306587,-0.05128220
2011-07-19,8524.53027344,-0.00163963,0.00000000,0.00000000,-0.00000000,0.92632589,1.29888780,-0.16443813,-0.05128220
2011-07-20,8706.12988281,0.02130318,0.00000000,0.00000000,0.00000000,0.94605958,1.29888780,-0.14663801,-0.05128220
2011-07-21,8717.09960938,0.00126000,0.00000000,0.00000000,0.00000000,0.94725161,1.29888780,-0.14556277,-0.05128220
2011-07-22,8765.28027344,0.00552714,0.00000000,0.00000000,0.00000000,0.95248721,1.29888780,-0.14084017,-0.05128220
2011-07-25,8683.46972656,-0.00933348,0.00000000,0.00000000,-0.00000000,0.94359719,1.29888780,-0.14885912,-0.05128220
2011-07-26,8794.20019531,0.01275187,0.00000000,0.00000000,0.00000000,0.95562982,1.29888780,-0.13800549,-0.05128220
2011-07-27,8817.45019531,0.00264379,0.00000000,0.00000000,0.00000000,0.95815630,1.29888780,-0.13572656,-0.05128220
2011-07-28,8767.16015625,-0.00570347,0.00000000,0.00000000,-0.00000000,0.95269149,1.29888780,-0.14065591,-0.05128220
2011-07-29,8644.13964844,-0.01403197,0.00000000,0.00000000,-0.00000000,0.93932335,1.29888780,-0.15271420,-0.05128220
2011-08-01,8701.33984375,0.00661722,0.00000000,0.00000000,0.00000000,0.94553906,1.29888780,-0.14710752,-0.05128220
2011-08-02,8584.67968750,-0.01340715,0.00000000,0.00000000,-0.00000000,0.93286208,1.29888780,-0.15854238,-0.05128220
2011-08-03,8456.82031250,-0.01489390,0.00000000,0.00000000,-0.00000000,0.91896812,1.29888780,-0.17107496,-0.05128220
2011-08-04,8317.22949219,-0.01650630,0.00000000,0.00000000,-0.00000000,0.90379936,1.29888780,-0.18475745,-0.05128220
2011-08-05,7853.09326172,-0.05580419,0.00000000,0.00000000,-0.00000000,0.85336357,1.29888780,-0.23025140,-0.05128220
2011-08-08,7552.76464844,-0.03824335,0.00000000,0.00000000,-0.00000000,0.82072809,1.29888780,-0.25968916,-0.05128220
2011-08-09,7493.08593750,-0.00790157,0.00000000,0.00000000,-0.00000000,0.81424305,1.29888780,-0.26553878,-0.05128220
2011-08-10,7736.28466797,0.03245642,0.00000000,0.00000000,0.00000000,0.84067046,1.29888780,-0.24170080,-0.05128220
2011-08-11,7719.05468750,-0.00222716,0.00000000,0.00000000,-0.00000000,0.83879815,1.29888780,-0.24338966,-0.05128220
2011-08-12,7636.98486328,-0.01063211,0.00000000,0.00000000,-0.00000000,0.82987995,1.29888780,-0.25143402,-0.05128220
2011-08-15,7819.35449219,0.02387979,0.00000000,0.00000000,0.00000000,0.84969732,1.29888780,-0.23355842,-0.05128220
2011-08-16,7798.55419922,-0.00266010,0.00000000,0.00000000,-0.00000000,0.84743703,1.29888780,-0.23559724,-0.05128220
2011-08-17,7741.72412109,-0.00728726,0.00000000,0.00000000,-0.00000000,0.84126154,1.29888780,-0.24116764,-0.05128220
2011-08-18,7614.93505859,-0.01637737,0.00000000,0.00000000,-0.00000000,0.82748389,1.29888780,-0.25359531,-0.05128220
2011-08-19,7342.92626953,-0.03572043,0.00000000,0.00000000,-0.00000000,0.79792581,1.29888780,-0.28025721,-0.05128220
2011-08-22,7312.55615234,-0.00413597,0.00000000,0.00000000,-0.00000000,0.79462561,1.29888780,-0.28323405,-0.05128220
2011-08-23,7550.19482422,0.03249735,0.00000000,0.00000000,0.00000000,0.82044883,1.29888780,-0.25994105,-0.05128220
2011-08-24,7502.89599609,-0.00626458,0.00000000,0.00000000,-0.00000000,0.81530906,1.29888780,-0.26457722,-0.05128220
2011-08-25,7410.83593750,-0.01226994,0.00000000,0.00000000,-0.00000000,0.80530527,1.29888780,-0.27360081,-0.05128220
2011-08-26,7445.06591797,0.00461891,0.00000000,0.00000000,0.00000000,0.80902491,1.29888780,-0.27024563,-0.05128220
2011-08-29,7577.97460938,0.01785192,0.00000000,0.00000000,0.00000000,0.82346755,1.29888780,-0.25721812,-0.05128220
2011-08-30,7646.15478516,0.00899715,0.00000000,0.00000000,0.00000000,0.83087641,1.29888780,-0.25053520,-0.05128220
2011-08-31,7741.32421875,0.01244671,0.00000000,0.00000000,0.00000000,0.84121809,1.29888780,-0.24120683,-0.05128220
2011-09-01,7757.72412109,0.00211849,0.00000000,0.00000000,0.00000000,0.84300020,1.29888780,-0.23959934,-0.05128220
2011-09-02,7757.02441406,-0.00009019,0.00000000,0.00000000,-0.00000000,0.84292416,1.29888780,-0.23966792,-0.05128220
2011-09-05,7551.53466797,-0.02649080,0.00000000,0.00000000,-0.00000000,0.82059443,1.29888780,-0.25980973,-0.05128220
2011-09-06,7367.15625000,-0.02441602,0.00000000,0.00000000,-0.00000000,0.80055878,1.29888780,-0.27788223,-0.05128220
2011-09-07,7528.97509766,0.02196490,0.00000000,0.00000000,0.00000000,0.81814297,1.29888780,-0.26202098,-0.05128220
2011-09-08,7548.33496094,0.00257138,0.00000000,0.00000000,0.00000000,0.82024673,1.29888780,-0.26012336,-0.05128220
2011-09-09,7610.53466797,0.00824019,0.00000000,0.00000000,0.00000000,0.82700572,1.29888780,-0.25402663,-0.05128220
2011-09-13,7391.33593750,-0.02880201,0.00000000,0.00000000,-0.00000000,0.80318629,1.29888780,-0.27551217,-0.05128220
2011-09-14,7228.43701172,-0.02203917,0.00000000,0.00000000,-0.00000000,0.78548473,1.29888780,-0.29147928,-0.05128220
2011-09-15,7385.64599609,0.02174868,0.00000000,0.00000000,0.00000000,0.80256799,1.29888780,-0.27606989,-0.05128220
2011-09-16,7577.36474609,0.02595829,0.00000000,0.00000000,0.00000000,0.82340128,1.29888780,-0.25727790,-0.05128220
2011-09-19,7480.84570312,-0.01273781,0.00000000,0.00000000,-0.00000000,0.81291295,1.29888780,-0.26673855,-0.05128220
2011-09-20,7492.81591797,0.00160012,0.00000000,0.00000000,0.00000000,0.81421370,1.29888780,-0.26556525,-0.05128220
2011-09-21,7535.84521484,0.00574274,0.00000000,0.00000000,0.00000000,0.81888952,1.29888780,-0.26134758,-0.05128220
2011-09-22,7305.46630859,-0.03057108,0.00000000,0.00000000,-0.00000000,0.79385519,1.29888780,-0.28392898,-0.05128220
2011-09-23,7046.18847656,-0.03549094,0.00000000,0.00000000,-0.00000000,0.76568052,1.29888780,-0.30934301,-0.05128220
2011-09-26,6877.08837891,-0.02399880,0.00000000,0.00000000,-0.00000000,0.74730511,1.29888780,-0.32591795,-0.05128220
2011-09-27,7089.91796875,0.03094763,0.00000000,0.00000000,0.00000000,0.77043243,1.29888780,-0.30505671,-0.05128220
2011-09-28,7146.94726562,0.00804372,0.00000000,0.00000000,0.00000000,0.77662957,1.29888780,-0.29946678,-0.05128220
2011-09-29,7182.57666016,0.00498526,0.00000000,0.00000000,0.00000000,0.78050127,1.29888780,-0.29597444,-0.05128220
2011-09-30,7225.34667969,0.00595469,0.00000000,0.00000000,0.00000000,0.78514891,1.29888780,-0.29178219,-0.05128220
2011-10-03,7013.93847656,-0.02925925,0.00000000,0.00000000,-0.00000000,0.76217605,1.29888780,-0.31250411,-0.05128220
2011-10-04,7047.83837891,0.00483322,0.00000000,0.00000000,0.00000000,0.76585981,1.29888780,-0.30918129,-0.05128220
2011-10-05,6989.11816406,-0.00833166,0.00000000,0.00000000,-0.00000000,0.75947893,1.29888780,-0.31493696,-0.05128220
2011-10-06,7131.96728516,0.02043879,0.00000000,0.00000000,0.00000000,0.77500176,1.29888780,-0.30093510,-0.05128220
2011-10-07,7211.92675781,0.01121142,0.00000000,0.00000000,0.00000000,0.78369063,1.29888780,-0.29309759,-0.05128220
2011-10-11,7398.67578125,0.02589447,0.00000000,0.00000000,0.00000000,0.80398388,1.29888780,-0.27479273,-0.05128220
2011-10-12,7382.31591797,-0.00221119,0.00000000,0.00000000,-0.00000000,0.80220612,1.29888780,-0.27639630,-0.05128220
2011-10-13,7428.29589844,0.00622840,0.00000000,0.00000000,0.00000000,0.80720258,1.29888780,-0.27188941,-0.05128220
2011-10-14,7358.04638672,-0.00945702,0.00000000,0.00000000,-0.00000000,0.79956885,1.29888780,-0.27877516,-0.05128220
2011-10-17,7461.08593750,0.01400366,0.00000000,0.00000000,0.00000000,0.81076574,1.29888780,-0.26867538,-0.05128220
2011-10-18,7359.44628906,-0.01362263,0.00000000,0.00000000,-0.00000000,0.79972097,1.29888780,-0.27863794,-0.05128220
2011-10-19,7353.33642578,-0.00083021,0.00000000,0.00000000,-0.00000000,0.79905704,1.29888780,-0.27923682,-0.05128220
2011-10-20,7244.28662109,-0.01482998,0.00000000,0.00000000,-0.00000000,0.78720704,1.29888780,-0.28992573,-0.05128220
2011-10-21,7254.47607422,0.00140655,0.00000000,0.00000000,0.00000000,0.78831429,1.29888780,-0.28892697,-0.05128220
2011-10-24,7470.26562500,0.02974571,0.00000000,0.00000000,0.00000000,0.81176326,1.29888780,-0.26777560,-0.05128220
2011-10-25,7491.17578125,0.00279912,0.00000000,0.00000000,0.00000000,0.81403548,1.29888780,-0.26572601,-0.05128220
2011-10-26,7535.78515625,0.00595492,0.00000000,0.00000000,0.00000000,0.81888300,1.29888780,-0.26135347,-0.05128220
2011-10-27,7565.17480469,0.00390001,0.00000000,0.00000000,0.00000000,0.82207665,1.29888780,-0.25847274,-0.05128220
2011-10-28,7616.02490234,0.00672160,0.00000000,0.00000000,0.00000000,0.82760232,1.29888780,-0.25348849,-0.05128220
2011-10-31,7587.65478516,-0.00372506,0.00000000,0.00000000,-0.00000000,0.82451946,1.29888780,-0.25626928,-0.05128220
2011-11-01,7621.97460938,0.00452311,0.00000000,0.00000000,0.00000000,0.82824885,1.29888780,-0.25290531,-0.05128220
2011-11-02,7598.41503906,-0.00309101,0.00000000,0.00000000,-0.00000000,0.82568873,1.29888780,-0.25521458,-0.05128220
2011-11-03,7460.27587891,-0.01818000,0.00000000,0.00000000,-0.00000000,0.81067771,1.29888780,-0.26875478,-0.05128220
2011-11-04,7603.19482422,0.01915733,0.00000000,0.00000000,0.00000000,0.82620813,1.29888780,-0.25474607,-0.05128220
2011-11-07,7621.68505859,0.00243190,1.00000000,0.00000000,0.00000000,0.82821739,1.29888780,-0.25293369,-0.05128220
2011-11-08,7600.75488281,-0.00274613,1.00000000,1.00000000,-0.00274613,0.82594299,1.29532088,-0.25498523,-0.05388751
2011-11-09,7561.82470703,-0.00512188,1.00000000,1.00000000,-0.00512188,0.82171261,1.28868640,-0.25880111,-0.05873339
2011-11-10,7308.64648438,-0.03348110,1.00000000,1.00000000,-0.03348110,0.79420076,1.24553976,-0.28361727,-0.09024803
2011-11-11,7367.25634766,0.00801925,1.00000000,1.00000000,0.00801925,0.80056966,1.25552805,-0.27787241,-0.08295250
2011-11-14,7525.61523438,0.02149496,1.00000000,1.00000000,0.02149496,0.81777787,1.28251558,-0.26235031,-0.06324060
2011-11-15,7491.02587891,-0.00459622,1.00000000,1.00000000,-0.00459622,0.81401919,1.27662086,-0.26574071,-0.06754615
2011-11-16,7387.48583984,-0.01382188,1.00000000,1.00000000,-0.01382188,0.80276791,1.25897556,-0.27588955,-0.08043441
2011-11-17,7387.77587891,0.00003926,1.00000000,1.00000000,0.00003926,0.80279943,1.25902499,-0.27586112,-0.08039831
2011-11-18,7233.74658203,-0.02084921,1.00000000,1.00000000,-0.02084921,0.78606170,1.23277531,-0.29095884,-0.09957128
2011-11-21,7042.60839844,-0.02642312,1.00000000,1.00000000,-0.02642312,0.76529149,1.20020154,-0.30969393,-0.12336342
2011-11-22,6999.99804688,-0.00605037,1.00000000,1.00000000,-0.00605037,0.76066120,1.19293988,-0.31387053,-0.12866739
2011-11-23,6806.39892578,-0.02765703,1.00000000,1.00000000,-0.02765703,0.73962357,1.15994671,-0.33284683,-0.15276586
2011-11-24,6864.35839844,0.00851544,1.00000000,1.00000000,0.00851544,0.74592179,1.16982417,-0.32716573,-0.14555129
2011-11-25,6784.48876953,-0.01163541,1.00000000,1.00000000,-0.01163541,0.73724269,1.15621278,-0.33499443,-0.15549315
2011-11-28,6898.74804688,0.01684125,0.00000000,1.00000000,0.01684125,0.74965877,1.17568485,-0.32379491,-0.14127060
2011-11-29,6988.61816406,0.01302702,0.00000000,0.00000000,0.00000000,0.75942459,1.17568485,-0.31498597,-0.14127060
2011-11-30,6904.08837891,-0.01209535,0.00000000,0.00000000,-0.00000000,0.75023909,1.17568485,-0.32327145,-0.14127060
2011-12-01,7178.65673828,0.03976895,0.00000000,0.00000000,0.00000000,0.78007531,1.17568485,-0.29635867,-0.14127060
2011-12-02,7140.64746094,-0.00529476,0.00000000,0.00000000,-0.00000000,0.77594500,1.17568485,-0.30008428,-0.14127060
2011-12-05,7098.04785156,-0.00596579,0.00000000,0.00000000,-0.00000000,0.77131587,1.17568485,-0.30425983,-0.14127060
2011-12-06,6956.24804688,-0.01997730,0.00000000,0.00000000,-0.00000000,0.75590706,1.17568485,-0.31815884,-0.14127060
2011-12-07,7032.96826172,0.01102896,0.00000000,0.00000000,0.00000000,0.76424394,1.17568485,-0.31063884,-0.14127060
2011-12-08,6982.86816406,-0.00712361,0.00000000,0.00000000,-0.00000000,0.75879976,1.17568485,-0.31554958,-0.14127060
2011-12-09,6893.26806641,-0.01283142,0.00000000,0.00000000,-0.00000000,0.74906329,1.17568485,-0.32433205,-0.14127060
2011-12-12,6949.00830078,0.00808618,0.00000000,0.00000000,0.00000000,0.75512035,1.17568485,-0.31886847,-0.14127060
2011-12-13,6896.27832031,-0.00758813,0.00000000,0.00000000,-0.00000000,0.74939040,1.17568485,-0.32403698,-0.14127060
2011-12-14,6922.53808594,0.00380782,0.00000000,0.00000000,0.00000000,0.75224394,1.17568485,-0.32146304,-0.14127060
2011-12-15,6764.55859375,-0.02282104,0.00000000,0.00000000,-0.00000000,0.73507695,1.17568485,-0.33694796,-0.14127060
2011-12-16,6785.05859375,0.00303050,0.00000000,0.00000000,0.00000000,0.73730461,1.17568485,-0.33493858,-0.14127060
2011-12-19,6633.29931641,-0.02236669,0.00000000,0.00000000,-0.00000000,0.72081354,1.17568485,-0.34981380,-0.14127060
2011-12-20,6662.60937500,0.00441862,0.00000000,0.00000000,0.00000000,0.72399855,1.17568485,-0.34694087,-0.14127060
2011-12-21,6966.44824219,0.04560358,0.00000000,0.00000000,0.00000000,0.75701548,1.17568485,-0.31715903,-0.14127060
2011-12-22,6966.31835938,-0.00001864,0.00000000,0.00000000,-0.00000000,0.75700136,1.17568485,-0.31717176,-0.14127060
2011-12-23,7110.69775391,0.02072535,0.00000000,0.00000000,0.00000000,0.77269048,1.17568485,-0.30301991,-0.14127060
2011-12-26,7092.54785156,-0.00255248,0.00000000,0.00000000,-0.00000000,0.77071821,1.17568485,-0.30479894,-0.14127060
2011-12-27,7084.99755859,-0.00106454,0.00000000,0.00000000,-0.00000000,0.76989775,1.17568485,-0.30553900,-0.14127060
2011-12-28,7056.63818359,-0.00400274,0.00000000,0.00000000,-0.00000000,0.76681605,1.17568485,-0.30831875,-0.14127060
2011-12-29,7074.78808594,0.00257203,0.00000000,0.00000000,0.00000000,0.76878833,1.17568485,-0.30653972,-0.14127060
2011-12-30,7072.04833984,-0.00038725,0.00000000,0.00000000,-0.00000000,0.76849061,1.17568485,-0.30680827,-0.14127060
2012-01-03,7053.34814453,-0.00264424,1.00000000,0.00000000,-0.00000000,0.76645854,1.17568485,-0.30864123,-0.14127060
2012-01-04,7082.93798828,0.00419515,1.00000000,1.00000000,0.00419515,0.76967394,1.18061702,-0.30574088,-0.13766810
2012-01-05,7130.82714844,0.00676120,1.00000000,1.00000000,0.00676120,0.77487786,1.18859941,-0.30104686,-0.13183770
2012-01-06,7120.47705078,-0.00145146,1.00000000,1.00000000,-0.00145146,0.77375316,1.18687421,-0.30206136,-0.13309780
2012-01-09,7093.00781250,-0.00385778,1.00000000,1.00000000,-0.00385778,0.77076819,1.18229551,-0.30475385,-0.13644212
2012-01-10,7178.83691406,0.01210052,1.00000000,1.00000000,0.01210052,0.78009489,1.19660190,-0.29634101,-0.12599262
2012-01-11,7188.17675781,0.00130102,1.00000000,1.00000000,0.00130102,0.78110981,1.19815871,-0.29542553,-0.12485552
2012-01-12,7186.54687500,-0.00022674,1.00000000,1.00000000,-0.00022674,0.78093270,1.19788703,-0.29558529,-0.12505395
2012-01-13,7181.50683594,-0.00070132,1.00000000,1.00000000,-0.00070132,0.78038502,1.19704694,-0.29607931,-0.12566756
2012-01-16,7103.58789062,-0.01084994,1.00000000,1.00000000,-0.01084994,0.77191788,1.18405905,-0.30371681,-0.13515402
2012-01-17,7221.04687500,0.01653516,1.00000000,1.00000000,0.01653516,0.78468167,1.20363766,-0.29220365,-0.12085365
2012-01-18,7233.65673828,0.00174627,1.00000000,1.00000000,0.00174627,0.78605193,1.20573953,-0.29096765,-0.11931843
2012-01-30,7407.37597656,0.02401541,1.00000000,1.00000000,0.02401541,0.80492929,1.23469586,-0.27393995,-0.09816850
2012-01-31,7517.04541016,0.01480544,1.00000000,1.00000000,0.01480544,0.81684662,1.25297607,-0.26319031,-0.08481649
2012-02-01,7549.17480469,0.00427421,1.00000000,1.00000000,0.00427421,0.82033799,1.25833154,-0.26004104,-0.08090481
2012-02-02,7652.42480469,0.01367699,1.00000000,1.00000000,0.01367699,0.83155775,1.27554173,-0.24992062,-0.06833435
2012-02-03,7674.95507812,0.00294420,1.00000000,1.00000000,0.00294420,0.83400602,1.27929718,-0.24771224,-0.06559134
2012-02-06,7687.94482422,0.00169248,1.00000000,1.00000000,0.00169248,0.83541756,1.28146238,-0.24643900,-0.06400987
2012-02-07,7707.40478516,0.00253123,1.00000000,1.00000000,0.00253123,0.83753220,1.28470605,-0.24453157,-0.06164066
2012-02-08,7869.87353516,0.02107957,1.00000000,1.00000000,0.02107957,0.85518701,1.31178710,-0.22860662,-0.04186045
2012-02-09,7910.74267578,0.00519311,1.00000000,1.00000000,0.00519311,0.85962810,1.31859936,-0.22460069,-0.03688473
2012-02-10,7862.23339844,-0.00613208,1.00000000,1.00000000,-0.00613208,0.85435679,1.31051361,-0.22935549,-0.04279062
2012-02-13,7912.87304688,0.00644087,1.00000000,1.00000000,0.00644087,0.85985960,1.31895446,-0.22439187,-0.03662536
2012-02-14,7884.04296875,-0.00364344,1.00000000,1.00000000,-0.00364344,0.85672675,1.31414893,-0.22721775,-0.04013536
2012-02-15,8005.20263672,0.01536771,1.00000000,1.00000000,0.01536771,0.86989268,1.33434438,-0.21534186,-0.02538444
2012-02-16,7869.66357422,-0.01693137,1.00000000,1.00000000,-0.01693137,0.85516420,1.31175210,-0.22862720,-0.04188602
2012-02-17,7894.32275391,0.00313345,1.00000000,1.00000000,0.00313345,0.85784381,1.31586241,-0.22621014,-0.03888382
2012-02-20,7954.78271484,0.00765866,1.00000000,1.00000000,0.00765866,0.86441375,1.32594016,-0.22028395,-0.03152295
2012-02-21,7921.46289062,-0.00418865,1.00000000,1.00000000,-0.00418865,0.86079302,1.32038625,-0.22354991,-0.03557956
2012-02-22,8001.64257812,0.01012183,1.00000000,1.00000000,0.01012183,0.86950582,1.33375098,-0.21569081,-0.02581787
2012-02-23,7937.26269531,-0.00804583,1.00000000,1.00000000,-0.00804583,0.86250992,1.32301984,-0.22200123,-0.03365597
2012-02-24,7959.30273438,0.00277678,1.00000000,1.00000000,0.00277678,0.86490492,1.32669357,-0.21984090,-0.03097265
2012-02-29,8121.40234375,0.02036606,1.00000000,1.00000000,0.02036606,0.88251962,1.35371309,-0.20395214,-0.01123738
2012-03-01,8118.30224609,-0.00038172,1.00000000,1.00000000,-0.00038172,0.88218275,1.35319635,-0.20425600,-0.01161481
2012-03-02,8144.00244141,0.00316571,1.00000000,1.00000000,0.00316571,0.88497548,1.35748018,-0.20173691,-0.00848587
2012-03-05,8004.70263672,-0.01710459,1.00000000,1.00000000,-0.01710459,0.86983834,1.33426104,-0.21539087,-0.02544531
2012-03-06,7937.93310547,-0.00834129,1.00000000,1.00000000,-0.00834129,0.86258277,1.32313158,-0.22193552,-0.03357435
2012-03-07,7903.04296875,-0.00439537,1.00000000,1.00000000,-0.00439537,0.85879140,1.31731593,-0.22535540,-0.03782215
2012-03-08,7984.52246094,0.01030989,1.00000000,1.00000000,0.01030989,0.86764545,1.33089731,-0.21736890,-0.02790220
2012-03-09,8015.97216797,0.00393883,1.00000000,1.00000000,0.00393883,0.87106296,1.33613950,-0.21428625,-0.02407327
2012-03-12,7927.51269531,-0.01103540,1.00000000,1.00000000,-0.01103540,0.86145043,1.32139466,-0.22295691,-0.03484301
2012-03-13,8031.47216797,0.01311376,1.00000000,1.00000000,0.01311376,0.87274728,1.33872311,-0.21276696,-0.02218618
2012-03-14,8125.22216797,0.01167283,1.00000000,1.00000000,0.01167283,0.88293471,1.35434980,-0.20357772,-0.01077233
2012-03-15,8121.58251953,-0.00044794,1.00000000,1.00000000,-0.00044794,0.88253920,1.35374312,-0.20393448,-0.01121545
2012-03-16,8054.90234375,-0.00821024,1.00000000,1.00000000,-0.00821024,0.87529334,1.34262856,-0.21047037,-0.01933361
2012-03-19,8043.88232422,-0.00136811,1.00000000,1.00000000,-0.00136811,0.87409584,1.34079169,-0.21155054,-0.02067527
2012-03-20,7972.66308594,-0.00885384,1.00000000,1.00000000,-0.00885384,0.86635674,1.32892054,-0.21853134,-0.02934606
2012-03-21,7981.90234375,0.00115887,1.00000000,1.00000000,0.00115887,0.86736073,1.33046058,-0.21762572,-0.02822120
2012-03-22,8059.90234375,0.00977211,1.00000000,1.00000000,0.00977211,0.87583667,1.34346198,-0.20998028,-0.01872487
2012-03-23,8076.57226562,0.00206825,1.00000000,1.00000000,0.00206825,0.87764812,1.34624060,-0.20834632,-0.01669534
2012-03-26,7967.58300781,-0.01349449,1.00000000,1.00000000,-0.01349449,0.86580470,1.32807377,-0.21902928,-0.02996454
2012-03-27,8029.42236328,0.00776137,1.00000000,1.00000000,0.00776137,0.87252453,1.33838144,-0.21296788,-0.02243574
2012-03-28,8038.03222656,0.00107229,1.00000000,1.00000000,0.00107229,0.87346013,1.33981657,-0.21212395,-0.02138751
2012-03-29,7872.62353516,-0.02057826,1.00000000,1.00000000,-0.02057826,0.85548585,1.31224548,-0.22833707,-0.04152565
2012-03-30,7932.96289062,0.00766445,1.00000000,1.00000000,0.00766445,0.86204268,1.32230313,-0.22242269,-0.03417947
2012-04-02,7862.86328125,-0.00883650,1.00000000,1.00000000,-0.00883650,0.85442524,1.31061860,-0.22929375,-0.04271394
2012-04-03,7760.81445312,-0.01297858,1.00000000,1.00000000,-0.01297858,0.84333601,1.29360862,-0.23929643,-0.05513815
2012-04-05,7639.78466797,-0.01559499,1.00000000,1.00000000,-0.01559499,0.83018420,1.27343482,-0.25115959,-0.06987326
2012-04-06,7706.22460938,0.00869657,1.00000000,1.00000000,0.00869657,0.83740395,1.28450933,-0.24464725,-0.06178435
2012-04-09,7600.83496094,-0.01367591,1.00000000,1.00000000,-0.01367591,0.82595169,1.26694250,-0.25497738,-0.07461530
2012-04-10,7640.64501953,0.00523759,1.00000000,1.00000000,0.00523759,0.83027769,1.27357822,-0.25107526,-0.06976851
2012-04-11,7656.63476562,0.00209272,1.00000000,1.00000000,0.00209272,0.83201523,1.27624347,-0.24950797,-0.06782180
2012-04-12,7662.88476562,0.00081629,1.00000000,1.00000000,0.00081629,0.83269439,1.27728525,-0.24889535,-0.06706087
2012-04-13,7788.23437500,0.01635802,1.00000000,1.00000000,0.01635802,0.84631562,1.29817910,-0.23660877,-0.05179984
2012-04-16,7729.82470703,-0.00749973,1.00000000,1.00000000,-0.00749973,0.83996848,1.28844311,-0.24233400,-0.05891109
2012-04-17,7585.83496094,-0.01862782,1.00000000,1.00000000,-0.01862782,0.82432170,1.26444223,-0.25644766,-0.07644152
2012-04-18,7604.96484375,0.00252179,1.00000000,1.00000000,0.00252179,0.82640047,1.26763089,-0.25457258,-0.07411250
2012-04-19,7622.65478516,0.00232610,1.00000000,1.00000000,0.00232610,0.82832276,1.27057953,-0.25283864,-0.07195878
2012-04-20,7507.11572266,-0.01515733,1.00000000,1.00000000,-0.01515733,0.81576760,1.25132094,-0.26416360,-0.08602541
2012-04-23,7481.05566406,-0.00347138,1.00000000,1.00000000,-0.00347138,0.81293576,1.24697713,-0.26671797,-0.08919816
2012-04-24,7498.80566406,0.00237266,1.00000000,1.00000000,0.00237266,0.81486458,1.24993578,-0.26497814,-0.08703714
2012-04-25,7563.14501953,0.00857995,1.00000000,1.00000000,0.00857995,0.82185608,1.26066016,-0.25867170,-0.07920397
2012-04-26,7521.31542969,-0.00553071,1.00000000,1.00000000,-0.00553071,0.81731063,1.25368781,-0.26277177,-0.08429663
2012-04-27,7480.46582031,-0.00543118,1.00000000,1.00000000,-0.00543118,0.81287167,1.24687881,-0.26677579,-0.08926997
2012-04-30,7501.68603516,0.00283675,0.00000000,1.00000000,0.00283675,0.81517758,1.25041589,-0.26469581,-0.08668646
2012-05-02,7676.77490234,0.02333994,0.00000000,0.00000000,0.00000000,0.83420377,1.25041589,-0.24753386,-0.08668646
2012-05-03,7659.49462891,-0.00225098,0.00000000,0.00000000,-0.00000000,0.83232600,1.25041589,-0.24922765,-0.08668646
2012-05-04,7700.91503906,0.00540772,0.00000000,0.00000000,0.00000000,0.83682698,1.25041589,-0.24516768,-0.08668646
2012-05-07,7538.04541016,-0.02114939,0.00000000,0.00000000,-0.00000000,0.81912861,1.25041589,-0.26113192,-0.08668646
2012-05-08,7545.67480469,0.00101212,0.00000000,0.00000000,0.00000000,0.81995766,1.25041589,-0.26038410,-0.08668646
2012-05-09,7475.67578125,-0.00927671,0.00000000,0.00000000,-0.00000000,0.81235115,1.25041589,-0.26724530,-0.08668646
2012-05-10,7483.97558594,0.00111024,0.00000000,0.00000000,0.00000000,0.81325306,1.25041589,-0.26643177,-0.08668646
2012-05-11,7401.33593750,-0.01104221,0.00000000,0.00000000,-0.00000000,0.80427295,1.25041589,-0.27453198,-0.08668646
2012-05-14,7377.14599609,-0.00326832,0.00000000,0.00000000,-0.00000000,0.80164433,1.25041589,-0.27690305,-0.08668646
2012-05-15,7395.60595703,0.00250232,0.00000000,0.00000000,0.00000000,0.80365029,1.25041589,-0.27509363,-0.08668646
2012-05-16,7234.53662109,-0.02177906,0.00000000,0.00000000,-0.00000000,0.78614755,1.25041589,-0.29088141,-0.08668646
2012-05-17,7356.73632812,0.01689116,0.00000000,0.00000000,0.00000000,0.79942649,1.25041589,-0.27890357,-0.08668646
2012-05-18,7151.15722656,-0.02794433,0.00000000,0.00000000,-0.00000000,0.77708705,1.25041589,-0.29905413,-0.08668646
2012-05-21,7192.19677734,0.00573887,0.00000000,0.00000000,0.00000000,0.78154665,1.25041589,-0.29503149,-0.08668646
2012-05-22,7274.85644531,0.01149297,0.00000000,0.00000000,0.00000000,0.79052894,1.25041589,-0.28692932,-0.08668646
2012-05-23,7147.71728516,-0.01747652,0.00000000,0.00000000,-0.00000000,0.77671324,1.25041589,-0.29939131,-0.08668646
2012-05-24,7124.85742188,-0.00319820,0.00000000,0.00000000,-0.00000000,0.77422916,1.25041589,-0.30163200,-0.08668646
2012-05-25,7071.59814453,-0.00747514,0.00000000,0.00000000,-0.00000000,0.76844169,1.25041589,-0.30685239,-0.08668646
2012-05-28,7135.96728516,0.00910249,0.00000000,0.00000000,0.00000000,0.77543642,1.25041589,-0.30054303,-0.08668646
2012-05-29,7342.25634766,0.02890835,0.00000000,0.00000000,0.00000000,0.79785301,1.25041589,-0.28032288,-0.08668646
2012-05-30,7261.76611328,-0.01096260,0.00000000,0.00000000,-0.00000000,0.78910646,1.25041589,-0.28821241,-0.08668646
2012-05-31,7301.46630859,0.00546702,0.00000000,0.00000000,0.00000000,0.79342052,1.25041589,-0.28432106,-0.08668646
2012-06-01,7106.05761719,-0.02676294,0.00000000,0.00000000,-0.00000000,0.77218626,1.25041589,-0.30347473,-0.08668646
2012-06-04,6894.62841797,-0.02975338,0.00000000,0.00000000,-0.00000000,0.74921111,1.25041589,-0.32419871,-0.08668646
2012-06-05,7000.41845703,0.01534383,0.00000000,0.00000000,0.00000000,0.76070688,1.25041589,-0.31382932,-0.08668646
2012-06-06,7056.11816406,0.00795663,0.00000000,0.00000000,0.00000000,0.76675954,1.25041589,-0.30836972,-0.08668646
2012-06-07,7080.27783203,0.00342393,0.00000000,0.00000000,0.00000000,0.76938487,1.25041589,-0.30600162,-0.08668646
2012-06-08,6999.61816406,-0.01139216,0.00000000,0.00000000,-0.00000000,0.76061992,1.25041589,-0.31390777,-0.08668646
2012-06-11,7120.19726562,0.01722653,0.00000000,0.00000000,0.00000000,0.77372276,1.25041589,-0.30208878,-0.08668646
2012-06-12,7072.04833984,-0.00676230,0.00000000,0.00000000,-0.00000000,0.76849061,1.25041589,-0.30680827,-0.08668646
2012-06-13,7088.79785156,0.00236841,0.00000000,0.00000000,0.00000000,0.77031071,1.25041589,-0.30516650,-0.08668646
2012-06-14,7075.06787109,-0.00193686,0.00000000,0.00000000,-0.00000000,0.76881873,1.25041589,-0.30651230,-0.08668646
2012-06-15,7155.79736328,0.01141042,0.00000000,0.00000000,0.00000000,0.77759127,1.25041589,-0.29859931,-0.08668646
2012-06-18,7281.46630859,0.01756184,0.00000000,0.00000000,0.00000000,0.79124720,1.25041589,-0.28628143,-0.08668646
2012-06-19,7273.09619141,-0.00114951,0.00000000,0.00000000,-0.00000000,0.79033766,1.25041589,-0.28710185,-0.08668646
2012-06-20,7334.59619141,0.00845582,0.00000000,0.00000000,0.00000000,0.79702061,1.25041589,-0.28107371,-0.08668646
2012-06-21,7279.01611328,-0.00757780,0.00000000,0.00000000,-0.00000000,0.79098095,1.25041589,-0.28652159,-0.08668646
2012-06-22,7222.01660156,-0.00783066,0.00000000,0.00000000,-0.00000000,0.78478705,1.25041589,-0.29210860,-0.08668646
2012-06-25,7166.34716797,-0.00770829,0.00000000,0.00000000,-0.00000000,0.77873768,1.25041589,-0.29756524,-0.08668646
2012-06-26,7137.89746094,-0.00396990,0.00000000,0.00000000,-0.00000000,0.77564616,1.25041589,-0.30035383,-0.08668646
2012-06-27,7182.97656250,0.00631546,0.00000000,0.00000000,0.00000000,0.78054473,1.25041589,-0.29593525,-0.08668646
2012-06-28,7169.57666016,-0.00186551,0.00000000,0.00000000,-0.00000000,0.77908861,1.25041589,-0.29724869,-0.08668646
2012-06-29,7296.24609375,0.01766763,0.00000000,0.00000000,0.00000000,0.79285326,1.25041589,-0.28483273,-0.08668646
2012-07-02,7345.12646484,0.00669939,0.00000000,0.00000000,0.00000000,0.79816489,1.25041589,-0.28004155,-0.08668646
2012-07-03,7418.32568359,0.00996569,0.00000000,0.00000000,0.00000000,0.80611915,1.25041589,-0.27286667,-0.08668646
2012-07-04,7422.55566406,0.00057021,0.00000000,0.00000000,0.00000000,0.80657881,1.25041589,-0.27245206,-0.08668646
2012-07-05,7387.74560547,-0.00468977,0.00000000,0.00000000,-0.00000000,0.80279614,1.25041589,-0.27586409,-0.08668646
2012-07-06,7368.55615234,-0.00259747,0.00000000,0.00000000,-0.00000000,0.80071090,1.25041589,-0.27774501,-0.08668646
2012-07-09,7309.92626953,-0.00795677,0.00000000,0.00000000,-0.00000000,0.79433983,1.25041589,-0.28349182,-0.08668646
2012-07-10,7251.31640625,-0.00801785,0.00000000,0.00000000,-0.00000000,0.78797094,1.25041589,-0.28923668,-0.08668646
2012-07-11,7257.87646484,0.00090467,0.00000000,0.00000000,0.00000000,0.78868379,1.25041589,-0.28859367,-0.08668646
2012-07-12,7130.89746094,-0.01749534,0.00000000,0.00000000,-0.00000000,0.77488550,1.25041589,-0.30103996,-0.08668646
2012-07-13,7104.23779297,-0.00373861,0.00000000,0.00000000,-0.00000000,0.77198851,1.25041589,-0.30365310,-0.08668646
2012-07-16,7090.00781250,-0.00200303,0.00000000,0.00000000,-0.00000000,0.77044219,1.25041589,-0.30504791,-0.08668646
2012-07-17,7126.96728516,0.00521290,0.00000000,0.00000000,0.00000000,0.77445843,1.25041589,-0.30142519,-0.08668646
2012-07-18,7049.01806641,-0.01093722,0.00000000,0.00000000,-0.00000000,0.76598800,1.25041589,-0.30906566,-0.08668646
2012-07-19,7148.53710938,0.01411814,0.00000000,0.00000000,0.00000000,0.77680233,1.25041589,-0.29931095,-0.08668646
2012-07-20,7164.64746094,0.00225366,0.00000000,0.00000000,0.00000000,0.77855298,1.25041589,-0.29773184,-0.08668646
2012-07-23,7028.69824219,-0.01897500,0.00000000,0.00000000,-0.00000000,0.76377993,1.25041589,-0.31105738,-0.08668646
2012-07-24,7008.31835938,-0.00289952,0.00000000,0.00000000,-0.00000000,0.76156533,1.25041589,-0.31305499,-0.08668646
2012-07-25,6979.09814453,-0.00416936,0.00000000,0.00000000,-0.00000000,0.75839009,1.25041589,-0.31591911,-0.08668646
2012-07-26,6970.65820312,-0.00120932,0.00000000,0.00000000,-0.00000000,0.75747296,1.25041589,-0.31674638,-0.08668646
2012-07-27,7124.45751953,0.02206382,0.00000000,0.00000000,0.00000000,0.77418570,1.25041589,-0.30167120,-0.08668646
2012-07-30,7158.84716797,0.00482698,0.00000000,0.00000000,0.00000000,0.77792268,1.25041589,-0.29830037,-0.08668646
2012-07-31,7270.45654297,0.01559041,0.00000000,0.00000000,0.00000000,0.79005082,1.25041589,-0.28736059,-0.08668646
2012-08-01,7267.92626953,-0.00034802,0.00000000,0.00000000,-0.00000000,0.78977586,1.25041589,-0.28760860,-0.08668646
2012-08-03,7217.47656250,-0.00694142,0.00000000,0.00000000,-0.00000000,0.78429370,1.25041589,-0.29255361,-0.08668646
2012-08-06,7286.29638672,0.00953516,0.00000000,0.00000000,0.00000000,0.79177207,1.25041589,-0.28580799,-0.08668646
2012-08-07,7295.42626953,0.00125302,0.00000000,0.00000000,0.00000000,0.79276418,1.25041589,-0.28491309,-0.08668646
2012-08-08,7319.76611328,0.00333632,0.00000000,0.00000000,0.00000000,0.79540909,1.25041589,-0.28252734,-0.08668646
2012-08-09,7433.66601562,0.01556059,0.00000000,0.00000000,0.00000000,0.80778613,1.25041589,-0.27136304,-0.08668646
2012-08-10,7441.08593750,0.00099815,0.00000000,0.00000000,0.00000000,0.80859242,1.25041589,-0.27063575,-0.08668646
2012-08-13,7436.26562500,-0.00064780,1.00000000,0.00000000,-0.00000000,0.80806861,1.25041589,-0.27110823,-0.08668646
2012-08-14,7479.21582031,0.00577577,1.00000000,1.00000000,0.00577577,0.81273584,1.25763802,-0.26689831,-0.08141137
2012-08-15,7467.70605469,-0.00153890,1.00000000,1.00000000,-0.00153890,0.81148512,1.25570264,-0.26802648,-0.08282498
2012-08-16,7490.17578125,0.00300892,1.00000000,1.00000000,0.00300892,0.81392681,1.25948094,-0.26582403,-0.08006528
2012-08-17,7467.88574219,-0.00297590,1.00000000,1.00000000,-0.00297590,0.81150464,1.25573285,-0.26800887,-0.08280291
2012-08-20,7431.87597656,-0.00482195,1.00000000,1.00000000,-0.00482195,0.80759161,1.24967777,-0.27153849,-0.08722559
2012-08-21,7506.77587891,0.01007820,1.00000000,1.00000000,0.01007820,0.81573068,1.26227227,-0.26419692,-0.07802647
2012-08-22,7496.54589844,-0.00136277,1.00000000,1.00000000,-0.00136277,0.81461903,1.26055209,-0.26519964,-0.07928291
2012-08-23,7505.13574219,0.00114584,1.00000000,1.00000000,0.00114584,0.81555245,1.26199648,-0.26435768,-0.07822791
2012-08-24,7477.49560547,-0.00368283,1.00000000,1.00000000,-0.00368283,0.81254891,1.25734876,-0.26706692,-0.08162264
2012-08-27,7468.18603516,-0.00124501,1.00000000,1.00000000,-0.00124501,0.81153727,1.25578335,-0.26797944,-0.08276603
2012-08-28,7361.90625000,-0.01423100,1.00000000,1.00000000,-0.01423100,0.79998828,1.23791229,-0.27839682,-0.09581919
2012-08-29,7391.11572266,0.00396765,1.00000000,1.00000000,0.00396765,0.80316236,1.24282389,-0.27553375,-0.09223172
2012-08-30,7371.40625000,-0.00266664,1.00000000,1.00000000,-0.00266664,0.80102061,1.23950972,-0.27746565,-0.09465241
2012-08-31,7397.02587891,0.00347554,1.00000000,1.00000000,0.00347554,0.80380459,1.24381769,-0.27495445,-0.09150584
2012-09-03,7450.49560547,0.00722854,1.00000000,1.00000000,0.00722854,0.80961493,1.25280868,-0.26971343,-0.08493875
2012-09-04,7451.31591797,0.00011010,1.00000000,1.00000000,0.00011010,0.80970407,1.25294662,-0.26963302,-0.08483800
2012-09-05,7367.40625000,-0.01126105,1.00000000,1.00000000,-0.01126105,0.80058595,1.23883712,-0.27785772,-0.09514369
2012-09-06,7326.68652344,-0.00552701,1.00000000,1.00000000,-0.00552701,0.79616110,1.23199005,-0.28184901,-0.10014484
2012-09-07,7424.87597656,0.01340162,1.00000000,1.00000000,0.01340162,0.80683095,1.24850071,-0.27222462,-0.08808532
2012-09-10,7482.70605469,0.00778869,1.00000000,1.00000000,0.00778869,0.81311511,1.25822490,-0.26655620,-0.08098270
2012-09-11,7485.09570312,0.00031936,1.00000000,1.00000000,0.00031936,0.81337478,1.25862672,-0.26632197,-0.08068921
2012-09-12,7570.41503906,0.01139856,1.00000000,1.00000000,0.01139856,0.82264608,1.27297326,-0.25795910,-0.07021038
2012-09-13,7578.76464844,0.00110293,1.00000000,1.00000000,0.00110293,0.82355340,1.27437726,-0.25714068,-0.06918490
2012-09-14,7738.01416016,0.02101259,1.00000000,1.00000000,0.02101259,0.84085839,1.30115523,-0.24153128,-0.04962605
2012-09-17,7762.18457031,0.00312359,1.00000000,1.00000000,0.00312359,0.84348489,1.30521951,-0.23916213,-0.04665747
2012-09-18,7734.22460938,-0.00360207,1.00000000,1.00000000,-0.00360207,0.84044660,1.30051801,-0.24190273,-0.05009148
2012-09-19,7781.87451172,0.00616092,1.00000000,1.00000000,0.00616092,0.84562452,1.30853039,-0.23723215,-0.04423918
2012-09-20,7727.51464844,-0.00698545,1.00000000,1.00000000,-0.00698545,0.83971746,1.29938972,-0.24256043,-0.05091559
2012-09-21,7754.55419922,0.00349913,1.00000000,1.00000000,0.00349913,0.84265573,1.30393645,-0.23991005,-0.04759463
2012-09-24,7768.26416016,0.00176799,1.00000000,1.00000000,0.00176799,0.84414554,1.30624180,-0.23856622,-0.04591078
2012-09-25,7734.09472656,-0.00439859,1.00000000,1.00000000,-0.00439859,0.84043249,1.30049617,-0.24191546,-0.05010743
2012-09-26,7669.59472656,-0.00833970,1.00000000,1.00000000,-0.00833970,0.83342353,1.28965043,-0.24823765,-0.05802925
2012-09-27,7683.76464844,0.00184755,1.00000000,1.00000000,0.00184755,0.83496332,1.29203312,-0.24684874,-0.05628892
2012-09-28,7715.12500000,0.00408138,1.00000000,1.00000000,0.00408138,0.83837112,1.29730639,-0.24377484,-0.05243727
2012-10-01,7675.68505859,-0.00511203,1.00000000,1.00000000,-0.00511203,0.83408535,1.29067452,-0.24764069,-0.05728124
2012-10-02,7718.64501953,0.00559689,1.00000000,1.00000000,0.00559689,0.83875363,1.29789829,-0.24342982,-0.05200495
2012-10-03,7684.59472656,-0.00441143,1.00000000,1.00000000,-0.00441143,0.83505352,1.29217269,-0.24676737,-0.05618697
2012-10-04,7682.30468750,-0.00029800,1.00000000,1.00000000,-0.00029800,0.83480467,1.29178762,-0.24699184,-0.05646823
2012-10-05,7690.61474609,0.00108171,1.00000000,1.00000000,0.00108171,0.83570769,1.29318497,-0.24617730,-0.05544760
2012-10-08,7615.85498047,-0.00972091,1.00000000,1.00000000,-0.00972091,0.82758386,1.28061403,-0.25350514,-0.06462950
2012-10-09,7591.97460938,-0.00313561,1.00000000,1.00000000,-0.00313561,0.82498887,1.27659852,-0.25584586,-0.06756246
2012-10-11,7451.68603516,-0.01847854,1.00000000,1.00000000,-0.01847854,0.80974429,1.25300885,-0.26959674,-0.08479254
2012-10-12,7437.00585938,-0.00197005,1.00000000,1.00000000,-0.00197005,0.80814905,1.25054037,-0.27103567,-0.08659555
2012-10-15,7418.86572266,-0.00243917,1.00000000,1.00000000,-0.00243917,0.80617784,1.24749008,-0.27281374,-0.08882350
2012-10-16,7470.98583984,0.00702535,1.00000000,1.00000000,0.00702535,0.81184152,1.25625414,-0.26770500,-0.08242216
2012-10-17,7464.36572266,-0.00088611,1.00000000,1.00000000,-0.00088611,0.81112214,1.25514096,-0.26835390,-0.08323524
2012-10-18,7465.37597656,0.00013534,1.00000000,1.00000000,0.00013534,0.81123192,1.25531083,-0.26825487,-0.08311116
2012-10-19,7408.72558594,-0.00758842,1.00000000,1.00000000,-0.00758842,0.80507595,1.24578501,-0.27380766,-0.09006890
2012-10-22,7373.00585938,-0.00482131,1.00000000,1.00000000,-0.00482131,0.80119443,1.23977870,-0.27730886,-0.09445595
2012-10-23,7337.44628906,-0.00482294,1.00000000,1.00000000,-0.00482294,0.79733032,1.23379932,-0.28079435,-0.09882334
2012-10-24,7314.84619141,-0.00308010,1.00000000,1.00000000,-0.00308010,0.79487446,1.22999909,-0.28300958,-0.10159905
2012-10-25,7262.04638672,-0.00721817,1.00000000,1.00000000,-0.00721817,0.78913692,1.22112075,-0.28818494,-0.10808387
2012-10-26,7134.02734375,-0.01762851,1.00000000,1.00000000,-0.01762851,0.77522561,1.19959421,-0.30073318,-0.12380702
2012-10-29,7091.63769531,-0.00594190,0.00000000,1.00000000,-0.00594190,0.77061930,1.19246635,-0.30488815,-0.12901326
2012-10-30,7182.55664062,0.01282059,0.00000000,0.00000000,0.00000000,0.78049909,1.19246635,-0.29597641,-0.12901326
2012-10-31,7166.01708984,-0.00230274,0.00000000,0.00000000,-0.00000000,0.77870181,1.19246635,-0.29759759,-0.12901326
2012-11-01,7179.60693359,0.00189643,0.00000000,0.00000000,0.00000000,0.78017856,1.19246635,-0.29626553,-0.12901326
2012-11-02,7210.43701172,0.00429412,0.00000000,0.00000000,0.00000000,0.78352874,1.19246635,-0.29324361,-0.12901326
2012-11-05,7185.32666016,-0.00348250,0.00000000,0.00000000,-0.00000000,0.78080010,1.19246635,-0.29570489,-0.12901326
2012-11-06,7236.64697266,0.00714238,0.00000000,0.00000000,0.00000000,0.78637687,1.19246635,-0.29067455,-0.12901326
2012-11-07,7287.14648438,0.00697830,0.00000000,0.00000000,0.00000000,0.79186445,1.19246635,-0.28572466,-0.12901326
2012-11-08,7242.59667969,-0.00611348,0.00000000,0.00000000,-0.00000000,0.78702340,1.19246635,-0.29009137,-0.12901326
2012-11-09,7293.18652344,0.00698504,0.00000000,0.00000000,0.00000000,0.79252079,1.19246635,-0.28513263,-0.12901326
2012-11-12,7267.71630859,-0.00349233,0.00000000,0.00000000,-0.00000000,0.78975305,1.19246635,-0.28762918,-0.12901326
2012-11-13,7136.01708984,-0.01812113,0.00000000,0.00000000,-0.00000000,0.77544183,1.19246635,-0.30053814,-0.12901326
2012-11-14,7159.71728516,0.00332121,0.00000000,0.00000000,0.00000000,0.77801724,1.19246635,-0.29821509,-0.12901326
2012-11-15,7143.80712891,-0.00222218,0.00000000,0.00000000,-0.00000000,0.77628834,1.19246635,-0.29977458,-0.12901326
2012-11-16,7130.03710938,-0.00192755,0.00000000,0.00000000,-0.00000000,0.77479201,1.19246635,-0.30112429,-0.12901326
2012-11-19,7129.00732422,-0.00014443,0.00000000,0.00000000,-0.00000000,0.77468011,1.19246635,-0.30122523,-0.12901326
2012-11-20,7145.73730469,0.00234675,0.00000000,0.00000000,0.00000000,0.77649809,1.19246635,-0.29958538,-0.12901326
2012-11-21,7088.45800781,-0.00801587,0.00000000,0.00000000,-0.00000000,0.77027378,1.19246635,-0.30519982,-0.12901326
2012-11-22,7105.72753906,0.00243629,0.00000000,0.00000000,0.00000000,0.77215039,1.19246635,-0.30350708,-0.12901326
2012-11-23,7325.97607422,0.03099592,0.00000000,0.00000000,0.00000000,0.79608390,1.19246635,-0.28191865,-0.12901326
2012-11-26,7407.33593750,0.01110567,0.00000000,0.00000000,0.00000000,0.80492494,1.19246635,-0.27394387,-0.12901326
2012-11-27,7430.16601562,0.00308209,0.00000000,0.00000000,0.00000000,0.80740579,1.19246635,-0.27170610,-0.12901326
2012-11-28,7434.89599609,0.00063659,0.00000000,0.00000000,0.00000000,0.80791978,1.19246635,-0.27124248,-0.12901326
2012-11-29,7503.51562500,0.00922940,0.00000000,0.00000000,0.00000000,0.81537640,1.19246635,-0.26451648,-0.12901326
2012-11-30,7580.13476562,0.01021110,0.00000000,0.00000000,0.00000000,0.82370229,1.19246635,-0.25700639,-0.12901326
2012-12-03,7599.87500000,0.00260421,0.00000000,0.00000000,0.00000000,0.82584738,1.19246635,-0.25507148,-0.12901326
2012-12-04,7600.94482422,0.00014077,0.00000000,0.00000000,0.00000000,0.82596363,1.19246635,-0.25496661,-0.12901326
2012-12-05,7649.01464844,0.00632419,0.00000000,0.00000000,0.00000000,0.83118718,1.19246635,-0.25025488,-0.12901326
2012-12-06,7623.22460938,-0.00337168,0.00000000,0.00000000,-0.00000000,0.82838468,1.19246635,-0.25278278,-0.12901326
2012-12-07,7642.22460938,0.00249238,0.00000000,0.00000000,0.00000000,0.83044934,1.19246635,-0.25092043,-0.12901326
2012-12-10,7609.46484375,-0.00428668,1.00000000,0.00000000,-0.00000000,0.82688947,1.19246635,-0.25413150,-0.12901326
2012-12-11,7613.65478516,0.00055062,1.00000000,1.00000000,0.00055062,0.82734477,1.19312294,-0.25372080,-0.12853368
2012-12-12,7690.15478516,0.01004774,1.00000000,1.00000000,0.01004774,0.83565771,1.20511113,-0.24622239,-0.11977741
2012-12-13,7757.05419922,0.00869936,1.00000000,1.00000000,0.00869936,0.84292740,1.21559482,-0.23966500,-0.11212004
2012-12-14,7698.73486328,-0.00751823,1.00000000,1.00000000,-0.00751823,0.83659007,1.20645570,-0.24538138,-0.11879533
2012-12-17,7631.24462891,-0.00876641,1.00000000,1.00000000,-0.00876641,0.82925619,1.19587942,-0.25199667,-0.12652033
2012-12-18,7643.70507812,0.00163282,1.00000000,1.00000000,0.00163282,0.83061021,1.19783207,-0.25077532,-0.12509409
2012-12-19,7677.43505859,0.00441278,1.00000000,1.00000000,0.00441278,0.83427551,1.20311784,-0.24746916,-0.12123333
2012-12-20,7595.42480469,-0.01068199,1.00000000,1.00000000,-0.01068199,0.82536379,1.19026615,-0.25550768,-0.13062030
2012-12-21,7519.89550781,-0.00994405,1.00000000,1.00000000,-0.00994405,0.81715633,1.17843009,-0.26291095,-0.13926546
2012-12-24,7535.48535156,0.00207315,1.00000000,1.00000000,0.00207315,0.81885042,1.18087314,-0.26138286,-0.13748103
2012-12-25,7636.53466797,0.01340980,1.00000000,1.00000000,0.01340980,0.82983103,1.19670841,-0.25147815,-0.12591483
2012-12-26,7634.15478516,-0.00031164,1.00000000,1.00000000,-0.00031164,0.82957242,1.19633546,-0.25171142,-0.12618723
2012-12-27,7648.37500000,0.00186271,1.00000000,1.00000000,0.00186271,0.83111767,1.19856389,-0.25031758,-0.12455957
2012-12-28,7699.46484375,0.00667983,1.00000000,1.00000000,0.00667983,0.83666940,1.20657009,-0.24530983,-0.11871178
2013-01-02,7779.18457031,0.01035393,1.00000000,1.00000000,0.01035393,0.84533222,1.21906284,-0.23749582,-0.10958698
2013-01-03,7836.80371094,0.00740684,1.00000000,1.00000000,0.00740684,0.85159345,1.22809223,-0.23184808,-0.10299184
2013-01-04,7805.95458984,-0.00393644,1.00000000,1.00000000,-0.00393644,0.84824120,1.22325792,-0.23487186,-0.10652286
2013-01-07,7755.05419922,-0.00652071,1.00000000,1.00000000,-0.00652071,0.84271007,1.21528141,-0.23986104,-0.11234896
2013-01-08,7721.62500000,-0.00431063,1.00000000,1.00000000,-0.00431063,0.83907745,1.21004277,-0.24313772,-0.11617530
2013-01-09,7738.60449219,0.00219895,1.00000000,1.00000000,0.00219895,0.84092254,1.21270360,-0.24147342,-0.11423181
2013-01-10,7811.60449219,0.00943323,1.00000000,1.00000000,0.00943323,0.84885516,1.22414331,-0.23431807,-0.10587616
2013-01-11,7819.11425781,0.00096136,1.00000000,1.00000000,0.00096136,0.84967121,1.22532015,-0.23358197,-0.10501659
2013-01-14,7823.93408203,0.00061642,1.00000000,1.00000000,0.00061642,0.85019496,1.22607546,-0.23310954,-0.10446491
2013-01-15,7764.98437500,-0.00753454,1.00000000,1.00000000,-0.00753454,0.84378914,1.21683755,-0.23888770,-0.11121235
2013-01-16,7700.39501953,-0.00831803,1.00000000,1.00000000,-0.00831803,0.83677048,1.20671586,-0.24521865,-0.11860531
2013-01-17,7616.60498047,-0.01088127,1.00000000,1.00000000,-0.01088127,0.82766536,1.19358526,-0.25343163,-0.12819600
2013-01-18,7732.83496094,0.01526008,1.00000000,1.00000000,0.01526008,0.84029559,1.21179947,-0.24203894,-0.11489220
2013-01-21,7724.88476562,-0.00102811,1.00000000,1.00000000,-0.00102811,0.83943168,1.21055361,-0.24281820,-0.11580219
2013-01-22,7759.06445312,0.00442462,1.00000000,1.00000000,0.00442462,0.84314584,1.21590985,-0.23946796,-0.11188995
2013-01-23,7744.14453125,-0.00192290,1.00000000,1.00000000,-0.00192290,0.84152456,1.21357177,-0.24093039,-0.11359770
2013-01-24,7695.95507812,-0.00622270,1.00000000,1.00000000,-0.00622270,0.83628801,1.20602008,-0.24565385,-0.11911351
2013-01-25,7672.54492188,-0.00304188,1.00000000,1.00000000,-0.00304188,0.83374412,1.20235152,-0.24794848,-0.12179306
2013-01-28,7714.63476562,0.00548577,1.00000000,1.00000000,0.00548577,0.83831785,1.20894735,-0.24382289,-0.11697541
2013-01-29,7801.96435547,0.01131999,1.00000000,1.00000000,0.01131999,0.84780760,1.22263262,-0.23526298,-0.10697958
2013-01-30,7832.94384766,0.00397073,1.00000000,1.00000000,0.00397073,0.85117402,1.22748736,-0.23222641,-0.10343364
2013-01-31,7849.98388672,0.00217543,1.00000000,1.00000000,0.00217543,0.85302569,1.23015768,-0.23055617,-0.10148322
2013-02-01,7855.93359375,0.00075793,1.00000000,1.00000000,0.00075793,0.85367222,1.23109005,-0.22997299,-0.10080221
2013-02-04,7923.12304688,0.00855270,1.00000000,1.00000000,0.00855270,0.86097342,1.24161919,-0.22338718,-0.09311164
2013-02-05,7886.90283203,-0.00457146,1.00000000,1.00000000,-0.00457146,0.85703752,1.23594318,-0.22693743,-0.09725744
2013-02-06,7906.61279297,0.00249907,1.00000000,1.00000000,0.00249907,0.85917932,1.23903190,-0.22500549,-0.09500142
2013-02-18,7943.49267578,0.00466444,1.00000000,1.00000000,0.00466444,0.86318691,1.24481128,-0.22139058,-0.09078011
2013-02-19,7960.84277344,0.00218419,1.00000000,1.00000000,0.00218419,0.86507227,1.24753019,-0.21968995,-0.08879420
2013-02-20,8029.06250000,0.00856941,1.00000000,1.00000000,0.00856941,0.87248543,1.25822078,-0.21300315,-0.08098571
2013-02-21,7957.42285156,-0.00892254,1.00000000,1.00000000,-0.00892254,0.86470064,1.24699426,-0.22002517,-0.08918565
2013-02-22,7947.68310547,-0.00122398,1.00000000,1.00000000,-0.00122398,0.86364226,1.24546796,-0.22097984,-0.09030047
2013-02-25,7947.64306641,-0.00000504,1.00000000,1.00000000,-0.00000504,0.86363791,1.24546168,-0.22098377,-0.09030506
2013-02-26,7880.86279297,-0.00840253,1.00000000,1.00000000,-0.00840253,0.85638117,1.23499666,-0.22752947,-0.09794879
2013-02-27,7897.94287109,0.00216729,1.00000000,1.00000000,0.00216729,0.85823719,1.23767325,-0.22585530,-0.09599379
2013-03-01,7964.59277344,0.00843889,1.00000000,1.00000000,0.00843889,0.86547977,1.24811784,-0.21932238,-0.08836498
2013-03-04,7867.30322266,-0.01221526,1.00000000,1.00000000,-0.01221526,0.85490771,1.23287176,-0.22885856,-0.09950083
2013-03-05,7932.67285156,0.00830903,1.00000000,1.00000000,0.00830903,0.86201116,1.24311572,-0.22245112,-0.09201856
2013-03-06,7950.26269531,0.00221739,1.00000000,1.00000000,0.00221739,0.86392258,1.24587220,-0.22072699,-0.09000521
2013-03-07,7960.47265625,0.00128423,1.00000000,1.00000000,0.00128423,0.86503205,1.24747219,-0.21972623,-0.08883657
2013-03-08,8015.10253906,0.00686264,1.00000000,1.00000000,0.00686264,0.87096846,1.25603314,-0.21437149,-0.08258358
2013-03-11,8038.68261719,0.00294196,1.00000000,1.00000000,0.00294196,0.87353081,1.25972834,-0.21206020,-0.07988458
2013-03-12,7994.67236328,-0.00547481,1.00000000,1.00000000,-0.00547481,0.86874839,1.25283156,-0.21637402,-0.08492204
2013-03-13,7995.47216797,0.00010004,1.00000000,1.00000000,0.00010004,0.86883531,1.25295690,-0.21629563,-0.08483049
2013-03-14,7951.72265625,-0.00547179,1.00000000,1.00000000,-0.00547179,0.86408122,1.24610099,-0.22058389,-0.08983810
2013-03-15,7927.45312500,-0.00305211,1.00000000,1.00000000,-0.00305211,0.86144395,1.24229775,-0.22296275,-0.09261602
2013-03-18,7811.30419922,-0.01465148,1.00000000,1.00000000,-0.01465148,0.84882252,1.22409625,-0.23434750,-0.10591054
2013-03-19,7838.43408203,0.00347316,1.00000000,1.00000000,0.00347316,0.85177062,1.22834773,-0.23168827,-0.10280522
2013-03-20,7797.99414062,-0.00515919,1.00000000,1.00000000,-0.00515919,0.84737617,1.22201045,-0.23565213,-0.10743402
2013-03-21,7811.80419922,0.00177098,1.00000000,1.00000000,0.00177098,0.84887686,1.22417460,-0.23429849,-0.10585330
2013-03-22,7796.18457031,-0.00199949,1.00000000,1.00000000,-0.00199949,0.84717954,1.22172688,-0.23582950,-0.10764114
2013-03-25,7856.08349609,0.00768311,1.00000000,1.00000000,0.00768311,0.85368851,1.23111354,-0.22995830,-0.10078505
2013-03-26,7856.32324219,0.00003052,1.00000000,1.00000000,0.00003052,0.85371456,1.23115111,-0.22993480,-0.10075761
2013-03-27,7894.08300781,0.00480629,1.00000000,1.00000000,0.00480629,0.85781776,1.23706838,-0.22623364,-0.09643559
2013-03-28,7866.84326172,-0.00345065,1.00000000,1.00000000,-0.00345065,0.85485773,1.23279968,-0.22890364,-0.09955348
2013-03-29,7918.57275391,0.00657564,1.00000000,1.00000000,0.00657564,0.86047896,1.24090612,-0.22383319,-0.09363247
2013-04-01,7899.20312500,-0.00244610,1.00000000,1.00000000,-0.00244610,0.85837414,1.23787074,-0.22573178,-0.09584954
2013-04-02,7913.14306641,0.00176473,1.00000000,1.00000000,0.00176473,0.85988894,1.24005525,-0.22436540,-0.09425396
2013-04-03,7942.31298828,0.00368626,1.00000000,1.00000000,0.00368626,0.86305871,1.24462641,-0.22150621,-0.09091514
2013-04-08,7752.75439453,-0.02386693,1.00000000,1.00000000,-0.02386693,0.84246016,1.21492101,-0.24008646,-0.11261220
2013-04-09,7728.50488281,-0.00312786,1.00000000,1.00000000,-0.00312786,0.83982506,1.21112091,-0.24246337,-0.11538783
2013-04-10,7752.76416016,0.00313894,1.00000000,1.00000000,0.00313894,0.84246122,1.21492254,-0.24008551,-0.11261108
2013-04-11,7857.94335938,0.01356667,1.00000000,1.00000000,0.01356667,0.85389061,1.23140499,-0.22977600,-0.10057217
2013-04-12,7821.59375000,-0.00462584,1.00000000,1.00000000,-0.00462584,0.84994065,1.22570871,-0.23333893,-0.10473278
2013-04-15,7763.49414062,-0.00742810,0.00000000,1.00000000,-0.00742810,0.84362720,1.21660402,-0.23903377,-0.11138292
2013-04-16,7801.01416016,0.00483288,0.00000000,0.00000000,0.00000000,0.84770435,1.21660402,-0.23535611,-0.11138292
2013-04-17,7809.03417969,0.00102807,0.00000000,0.00000000,0.00000000,0.84857585,1.21660402,-0.23457000,-0.11138292
2013-04-18,7791.31445312,-0.00226913,0.00000000,0.00000000,-0.00000000,0.84665032,1.21660402,-0.23630686,-0.11138292
2013-04-19,7930.76269531,0.01789791,0.00000000,0.00000000,0.00000000,0.86180359,1.21660402,-0.22263835,-0.11138292
2013-04-22,7970.34277344,0.00499070,0.00000000,0.00000000,0.00000000,0.86610460,1.21660402,-0.21875877,-0.11138292
2013-04-23,7942.73291016,-0.00346407,0.00000000,0.00000000,-0.00000000,0.86310435,1.21660402,-0.22146505,-0.11138292
2013-04-24,8023.67236328,0.01019038,0.00000000,0.00000000,0.00000000,0.87189971,1.21660402,-0.21353149,-0.11138292
2013-04-25,8021.71240234,-0.00024427,0.00000000,0.00000000,-0.00000000,0.87168672,1.21660402,-0.21372360,-0.11138292
2013-04-26,8022.02246094,0.00003865,0.00000000,0.00000000,0.00000000,0.87172042,1.21660402,-0.21369321,-0.11138292
2013-04-29,8029.70263672,0.00095739,1.00000000,0.00000000,0.00000000,0.87255499,1.21660402,-0.21294041,-0.11138292
2013-04-30,8093.62255859,0.00796043,1.00000000,1.00000000,0.00796043,0.87950091,1.22628871,-0.20667507,-0.10430914
2013-05-02,8128.47216797,0.00430581,1.00000000,1.00000000,0.00430581,0.88328787,1.23156888,-0.20325916,-0.10045247
2013-05-03,8134.99218750,0.00080212,1.00000000,1.00000000,0.00080212,0.88399638,1.23255675,-0.20262008,-0.09973092
2013-05-06,8169.01220703,0.00418194,1.00000000,1.00000000,0.00418194,0.88769319,1.23771122,-0.19928549,-0.09596605
2013-05-07,8163.02246094,-0.00073323,1.00000000,1.00000000,-0.00073323,0.88704231,1.23680370,-0.19987260,-0.09662892
2013-05-08,8267.04980469,0.01274373,1.00000000,1.00000000,0.01274373,0.89834654,1.25256519,-0.18967599,-0.08511660
2013-05-09,8285.84960938,0.00227406,1.00000000,1.00000000,0.00227406,0.90038944,1.25541360,-0.18783326,-0.08303610
2013-05-10,8280.21972656,-0.00067946,1.00000000,1.00000000,-0.00067946,0.89977766,1.25456060,-0.18838509,-0.08365913
2013-05-13,8248.28027344,-0.00385732,1.00000000,1.00000000,-0.00385732,0.89630693,1.24972136,-0.19151575,-0.08719375
2013-05-14,8251.78027344,0.00042433,1.00000000,1.00000000,0.00042433,0.89668726,1.25025166,-0.19117269,-0.08680642
2013-05-15,8318.54980469,0.00809153,1.00000000,1.00000000,0.00809153,0.90394283,1.26036811,-0.18462803,-0.07941729
2013-05-16,8390.00976562,0.00859043,1.00000000,1.00000000,0.00859043,0.91170809,1.27119522,-0.17762363,-0.07150908
2013-05-17,8368.15039062,-0.00260541,1.00000000,1.00000000,-0.00260541,0.90933273,1.26788324,-0.17976626,-0.07392818
2013-05-20,8377.00976562,0.00105870,1.00000000,1.00000000,0.00105870,0.91029544,1.26922555,-0.17889788,-0.07294774
2013-05-21,8383.00976562,0.00071625,1.00000000,1.00000000,0.00071625,0.91094743,1.27013462,-0.17830976,-0.07228375
2013-05-22,8398.79980469,0.00188358,1.00000000,1.00000000,0.00188358,0.91266327,1.27252702,-0.17676205,-0.07053632
2013-05-23,8237.79003906,-0.01917057,1.00000000,1.00000000,-0.01917057,0.89516700,1.24813195,-0.19254399,-0.08835467
2013-05-24,8209.74023438,-0.00340502,1.00000000,1.00000000,-0.00340502,0.89211894,1.24388205,-0.19529339,-0.09145884
2013-05-27,8280.05957031,0.00856535,1.00000000,1.00000000,0.00856535,0.89976026,1.25453634,-0.18840079,-0.08367686
2013-05-28,8263.00976562,-0.00205914,1.00000000,1.00000000,-0.00205914,0.89790752,1.25195307,-0.19007199,-0.08556370
2013-05-29,8337.86035156,0.00905851,1.00000000,1.00000000,0.00905851,0.90604123,1.26329390,-0.18273524,-0.07728026
2013-05-30,8243.25000000,-0.01134708,1.00000000,1.00000000,-0.01134708,0.89576031,1.24895921,-0.19200881,-0.08775044
2013-05-31,8254.75976562,0.00139627,1.00000000,1.00000000,0.00139627,0.89701103,1.25070309,-0.19088064,-0.08647669
2013-06-03,8200.97949219,-0.00651506,1.00000000,1.00000000,-0.00651506,0.89116695,1.24255468,-0.19615210,-0.09242835
2013-06-04,8191.18261719,-0.00119460,1.00000000,1.00000000,-0.00119460,0.89010236,1.24107033,-0.19711238,-0.09351254
2013-06-05,8181.87255859,-0.00113660,1.00000000,1.00000000,-0.00113660,0.88909067,1.23965973,-0.19802494,-0.09454285
2013-06-06,8096.10253906,-0.01048293,1.00000000,1.00000000,-0.01048293,0.87977040,1.22666446,-0.20643199,-0.10403469
2013-06-07,8095.16259766,-0.00011610,1.00000000,1.00000000,-0.00011610,0.87966826,1.22652205,-0.20652412,-0.10413871
2013-06-10,8160.51220703,0.00807267,1.00000000,1.00000000,0.00807267,0.88676953,1.23642336,-0.20011865,-0.09690672
2013-06-11,8116.11230469,-0.00544082,1.00000000,1.00000000,-0.00544082,0.88194478,1.22969620,-0.20447066,-0.10182029
2013-06-13,7951.62304688,-0.02026700,1.00000000,1.00000000,-0.02026700,0.86407040,1.20477395,-0.22059365,-0.12002370
2013-06-14,7937.70312500,-0.00175058,1.00000000,1.00000000,-0.00175058,0.86255778,1.20266490,-0.22195806,-0.12156416
2013-06-17,7992.85253906,0.00694778,0.00000000,1.00000000,0.00694778,0.86855064,1.21102075,-0.21655240,-0.11546098
2013-06-18,8010.98242188,0.00226826,0.00000000,0.00000000,0.00000000,0.87052074,1.21102075,-0.21477534,-0.11546098
2013-06-19,8007.35253906,-0.00045311,0.00000000,0.00000000,-0.00000000,0.87012630,1.21102075,-0.21513113,-0.11546098
2013-06-20,7898.87304688,-0.01354749,0.00000000,0.00000000,-0.00000000,0.85833827,1.21102075,-0.22576413,-0.11546098
2013-06-21,7793.27441406,-0.01336882,0.00000000,0.00000000,-0.00000000,0.84686330,1.21102075,-0.23611475,-0.11546098
2013-06-24,7757.99414062,-0.00452702,0.00000000,0.00000000,-0.00000000,0.84302954,1.21102075,-0.23957287,-0.11546098
2013-06-25,7663.19482422,-0.01221957,0.00000000,0.00000000,-0.00000000,0.83272808,1.21102075,-0.24886496,-0.11546098
2013-06-26,7784.76416016,0.01586405,0.00000000,0.00000000,0.00000000,0.84593853,1.21102075,-0.23694892,-0.11546098
2013-06-27,7883.86279297,0.01272982,0.00000000,0.00000000,0.00000000,0.85670717,1.21102075,-0.22723541,-0.11546098
2013-06-28,8062.17236328,0.02261703,0.00000000,0.00000000,0.00000000,0.87608334,1.21102075,-0.20975777,-0.11546098
2013-07-01,8035.96240234,-0.00325098,0.00000000,0.00000000,-0.00000000,0.87323521,1.21102075,-0.21232683,-0.11546098
2013-07-02,8015.82226562,-0.00250625,0.00000000,0.00000000,-0.00000000,0.87104667,1.21102075,-0.21430094,-0.11546098
2013-07-03,7911.38281250,-0.01302916,0.00000000,0.00000000,-0.00000000,0.85969766,1.21102075,-0.22453794,-0.11546098
2013-07-04,7893.68310547,-0.00223725,0.00000000,0.00000000,-0.00000000,0.85777430,1.21102075,-0.22627284,-0.11546098
2013-07-05,8001.78222656,0.01369438,0.00000000,0.00000000,0.00000000,0.86952099,1.21102075,-0.21567712,-0.11546098
2013-07-08,7886.30273438,-0.01443172,0.00000000,0.00000000,-0.00000000,0.85697231,1.21102075,-0.22699625,-0.11546098
2013-07-09,7971.14306641,0.01075793,0.00000000,0.00000000,0.00000000,0.86619156,1.21102075,-0.21868033,-0.11546098
2013-07-10,8011.65234375,0.00508199,0.00000000,0.00000000,0.00000000,0.87059354,1.21102075,-0.21470967,-0.11546098
2013-07-11,8179.50244141,0.02095075,0.00000000,0.00000000,0.00000000,0.88883312,1.21102075,-0.19825725,-0.11546098
2013-07-12,8220.45019531,0.00500614,0.00000000,0.00000000,0.00000000,0.89328275,1.21102075,-0.19424361,-0.11546098
2013-07-15,8254.63964844,0.00415907,0.00000000,0.00000000,0.00000000,0.89699798,1.21102075,-0.19089241,-0.11546098
2013-07-16,8260.07031250,0.00065789,0.00000000,0.00000000,0.00000000,0.89758810,1.21102075,-0.19036011,-0.11546098
2013-07-17,8258.91015625,-0.00014045,0.00000000,0.00000000,-0.00000000,0.89746204,1.21102075,-0.19047382,-0.11546098
2013-07-18,8194.83984375,-0.00775772,0.00000000,0.00000000,-0.00000000,0.89049978,1.21102075,-0.19675390,-0.11546098
2013-07-19,8061.99218750,-0.01621114,0.00000000,0.00000000,-0.00000000,0.87606376,1.21102075,-0.20977543,-0.11546098
2013-07-22,8105.41259766,0.00538582,0.00000000,0.00000000,0.00000000,0.88078208,1.21102075,-0.20551943,-0.11546098
2013-07-23,8214.61035156,0.01347220,0.00000000,0.00000000,0.00000000,0.89264816,1.21102075,-0.19481603,-0.11546098
2013-07-24,8196.15039062,-0.00224721,0.00000000,0.00000000,-0.00000000,0.89064219,1.21102075,-0.19662544,-0.11546098
2013-07-25,8163.54248047,-0.00397844,0.00000000,0.00000000,-0.00000000,0.88709882,1.21102075,-0.19982162,-0.11546098
2013-07-26,8149.36230469,-0.00173701,0.00000000,0.00000000,-0.00000000,0.88555792,1.21102075,-0.20121154,-0.11546098
2013-07-29,8084.46240234,-0.00796380,0.00000000,0.00000000,-0.00000000,0.87850551,1.21102075,-0.20757294,-0.11546098
2013-07-30,8163.51220703,0.00977799,0.00000000,0.00000000,0.00000000,0.88709553,1.21102075,-0.19982459,-0.11546098
2013-07-31,8107.90234375,-0.00681200,0.00000000,0.00000000,-0.00000000,0.88105263,1.21102075,-0.20527539,-0.11546098
2013-08-01,8056.18261719,-0.00637893,0.00000000,0.00000000,-0.00000000,0.87543246,1.21102075,-0.21034488,-0.11546098
2013-08-02,8099.84228516,0.00541940,0.00000000,0.00000000,0.00000000,0.88017678,1.21102075,-0.20606542,-0.11546098
2013-08-05,8138.59228516,0.00478404,0.00000000,0.00000000,0.00000000,0.88438758,1.21102075,-0.20226720,-0.11546098
2013-08-06,8038.87255859,-0.01225270,0.00000000,0.00000000,-0.00000000,0.87355145,1.21102075,-0.21204159,-0.11546098
2013-08-07,7921.25292969,-0.01463136,0.00000000,0.00000000,-0.00000000,0.86077020,1.21102075,-0.22357049,-0.11546098
2013-08-08,7907.63281250,-0.00171944,0.00000000,0.00000000,-0.00000000,0.85929016,1.21102075,-0.22490551,-0.11546098
2013-08-09,7856.10351562,-0.00651640,0.00000000,0.00000000,-0.00000000,0.85369068,1.21102075,-0.22995634,-0.11546098
2013-08-12,7903.34277344,0.00601306,0.00000000,0.00000000,0.00000000,0.85882398,1.21102075,-0.22532601,-0.11546098
2013-08-13,7986.23242188,0.01048792,0.00000000,0.00000000,0.00000000,0.86783126,1.21102075,-0.21720129,-0.11546098
2013-08-14,7951.29296875,-0.00437496,0.00000000,0.00000000,-0.00000000,0.86403453,1.21102075,-0.22062601,-0.11546098
2013-08-15,7887.22265625,-0.00805785,0.00000000,0.00000000,-0.00000000,0.85707227,1.21102075,-0.22690608,-0.11546098
2013-08-16,7924.96289062,0.00478498,0.00000000,0.00000000,0.00000000,0.86117335,1.21102075,-0.22320684,-0.11546098
2013-08-19,7900.17285156,-0.00312810,0.00000000,0.00000000,-0.00000000,0.85847952,1.21102075,-0.22563673,-0.11546098
2013-08-20,7832.61376953,-0.00855160,0.00000000,0.00000000,-0.00000000,0.85113815,1.21102075,-0.23225877,-0.11546098
2013-08-22,7814.34423828,-0.00233249,0.00000000,0.00000000,-0.00000000,0.84915287,1.21102075,-0.23404952,-0.11546098
2013-08-23,7873.27343750,0.00754116,0.00000000,0.00000000,0.00000000,0.85555647,1.21102075,-0.22827337,-0.11546098
2013-08-26,7894.93310547,0.00275104,0.00000000,0.00000000,0.00000000,0.85791014,1.21102075,-0.22615032,-0.11546098
2013-08-27,7820.80371094,-0.00938949,0.00000000,0.00000000,-0.00000000,0.84985480,1.21102075,-0.23341637,-0.11546098
2013-08-28,7824.50390625,0.00047312,0.00000000,0.00000000,0.00000000,0.85025688,1.21102075,-0.23305368,-0.11546098
2013-08-29,7917.62304688,0.01190096,0.00000000,0.00000000,0.00000000,0.86037576,1.21102075,-0.22392628,-0.11546098
2013-08-30,8021.85253906,0.01316424,0.00000000,0.00000000,0.00000000,0.87170195,1.21102075,-0.21370986,-0.11546098
2013-09-02,8038.82226562,0.00211544,0.00000000,0.00000000,0.00000000,0.87354598,1.21102075,-0.21204651,-0.11546098
2013-09-03,8088.33251953,0.00615889,0.00000000,0.00000000,0.00000000,0.87892606,1.21102075,-0.20719359,-0.11546098
2013-09-04,8083.40234375,-0.00060954,0.00000000,0.00000000,-0.00000000,0.87839032,1.21102075,-0.20767684,-0.11546098
2013-09-05,8169.06250000,0.01059704,0.00000000,0.00000000,0.00000000,0.88769866,1.21102075,-0.19928056,-0.11546098
2013-09-06,8164.16259766,-0.00059981,0.00000000,0.00000000,-0.00000000,0.88716621,1.21102075,-0.19976084,-0.11546098
2013-09-09,8192.07031250,0.00341832,0.00000000,0.00000000,0.00000000,0.89019882,1.21102075,-0.19702537,-0.11546098
2013-09-10,8208.72949219,0.00203357,0.00000000,0.00000000,0.00000000,0.89200911,1.21102075,-0.19539246,-0.11546098
2013-09-11,8208.95019531,0.00002689,0.00000000,0.00000000,0.00000000,0.89203309,1.21102075,-0.19537083,-0.11546098
2013-09-12,8225.32031250,0.00199418,0.00000000,0.00000000,0.00000000,0.89381196,1.21102075,-0.19376625,-0.11546098
2013-09-13,8168.16259766,-0.00694900,0.00000000,0.00000000,-0.00000000,0.88760087,1.21102075,-0.19936877,-0.11546098
2013-09-16,8255.29980469,0.01066791,0.00000000,0.00000000,0.00000000,0.89706971,1.21102075,-0.19082771,-0.11546098
2013-09-17,8249.74023438,-0.00067345,0.00000000,0.00000000,-0.00000000,0.89646558,1.21102075,-0.19137265,-0.11546098
2013-09-18,8209.13964844,-0.00492144,0.00000000,0.00000000,-0.00000000,0.89205368,1.21102075,-0.19535226,-0.11546098
2013-09-23,8292.79003906,0.01018991,1.00000000,0.00000000,0.00000000,0.90114362,1.21102075,-0.18715297,-0.11546098
2013-09-24,8299.08007812,0.00075849,1.00000000,1.00000000,0.00075849,0.90182714,1.21193930,-0.18653643,-0.11479006
2013-09-25,8283.86035156,-0.00183391,1.00000000,1.00000000,-0.00183391,0.90017327,1.20971672,-0.18802824,-0.11641346
2013-09-26,8184.64257812,-0.01197724,1.00000000,1.00000000,-0.01197724,0.88939168,1.19522765,-0.19775342,-0.12699638
2013-09-27,8230.63964844,0.00561992,1.00000000,1.00000000,0.00561992,0.89438999,1.20194474,-0.19324486,-0.12209017
2013-09-30,8173.83251953,-0.00690191,1.00000000,1.00000000,-0.00690191,0.88821700,1.19364903,-0.19881301,-0.12814942
2013-10-01,8186.98242188,0.00160878,1.00000000,1.00000000,0.00160878,0.88964594,1.19556935,-0.19752408,-0.12674681
2013-10-02,8216.47949219,0.00360292,1.00000000,1.00000000,0.00360292,0.89285127,1.19987689,-0.19463282,-0.12360054
2013-10-03,8358.97949219,0.01734319,1.00000000,1.00000000,0.01734319,0.90833616,1.22068659,-0.18066518,-0.10840098
2013-10-04,8364.50976562,0.00066160,1.00000000,1.00000000,0.00066160,0.90893711,1.22149419,-0.18012311,-0.10781110
2013-10-07,8333.62011719,-0.00369294,1.00000000,1.00000000,-0.00369294,0.90558046,1.21698329,-0.18315086,-0.11110590
2013-10-08,8375.61035156,0.00503865,1.00000000,1.00000000,0.00503865,0.91014337,1.22311524,-0.17903504,-0.10662707
2013-10-09,8344.69042969,-0.00369166,1.00000000,1.00000000,-0.00369166,0.90678343,1.21859992,-0.18206577,-0.10992510
2013-10-11,8349.33007812,0.00055600,1.00000000,1.00000000,0.00055600,0.90728760,1.21927746,-0.18161100,-0.10943022
2013-10-14,8273.91992188,-0.00903188,1.00000000,1.00000000,-0.00903188,0.89909309,1.20826509,-0.18900259,-0.11747374
2013-10-15,8367.83984375,0.01135132,1.00000000,1.00000000,0.01135132,0.90929898,1.22198049,-0.17979670,-0.10745590
2013-10-16,8332.13964844,-0.00426636,1.00000000,1.00000000,-0.00426636,0.90541959,1.21676709,-0.18329598,-0.11126381
2013-10-17,8374.63964844,0.00510073,1.00000000,1.00000000,0.00510073,0.91003789,1.22297349,-0.17913019,-0.10673061
2013-10-18,8441.15039062,0.00794192,1.00000000,1.00000000,0.00794192,0.91726534,1.23268625,-0.17261091,-0.09963633
2013-10-21,8419.28027344,-0.00259089,1.00000000,1.00000000,-0.00259089,0.91488880,1.22949249,-0.17475458,-0.10196908
2013-10-22,8418.22949219,-0.00012481,1.00000000,1.00000000,-0.00012481,0.91477462,1.22933904,-0.17485758,-0.10208116
2013-10-23,8393.58007812,-0.00292810,1.00000000,1.00000000,-0.00292810,0.91209607,1.22573942,-0.17727368,-0.10471035
2013-10-24,8413.67968750,0.00239464,1.00000000,1.00000000,0.00239464,0.91428021,1.22867462,-0.17530354,-0.10256646
2013-10-25,8346.58007812,-0.00797506,1.00000000,1.00000000,-0.00797506,0.90698877,1.21887587,-0.18188055,-0.10972354
2013-10-28,8407.79003906,0.00733354,1.00000000,1.00000000,0.00733354,0.91364020,1.22781454,-0.17588084,-0.10319467
2013-10-29,8420.94042969,0.00156407,1.00000000,1.00000000,0.00156407,0.91506920,1.22973493,-0.17459186,-0.10179200
2013-10-30,8465.01953125,0.00523446,1.00000000,1.00000000,0.00523446,0.91985910,1.23617193,-0.17027129,-0.09709036
2013-10-31,8450.01953125,-0.00177200,1.00000000,1.00000000,-0.00177200,0.91822911,1.23398144,-0.17174157,-0.09869032
2013-11-01,8388.13964844,-0.00732305,1.00000000,1.00000000,-0.00732305,0.91150488,1.22494493,-0.17780694,-0.10529065
2013-11-04,8354.09960938,-0.00405812,1.00000000,1.00000000,-0.00405812,0.90780588,1.21997397,-0.18114350,-0.10892148
2013-11-05,8262.16015625,-0.01100531,1.00000000,1.00000000,-0.01100531,0.89781520,1.20654778,-0.19015526,-0.11872808
2013-11-06,8281.92968750,0.00239278,1.00000000,1.00000000,0.00239278,0.89996347,1.20943478,-0.18821748,-0.11661939
2013-11-07,8283.66992188,0.00021012,1.00000000,1.00000000,0.00021012,0.90015258,1.20968891,-0.18804691,-0.11643377
2013-11-08,8229.54980469,-0.00653335,1.00000000,1.00000000,-0.00653335,0.89427157,1.20178559,-0.19335168,-0.12220642
2013-11-11,8182.52246094,-0.00571445,1.00000000,1.00000000,-0.00571445,0.88916130,1.19491805,-0.19796123,-0.12722252
2013-11-12,8195.21972656,0.00155175,1.00000000,1.00000000,0.00155175,0.89054106,1.19677227,-0.19671667,-0.12586819
2013-11-13,8104.22216797,-0.01110374,1.00000000,1.00000000,-0.01110374,0.88065272,1.18348362,-0.20563611,-0.13557432
2013-11-14,8134.87255859,0.00378203,1.00000000,1.00000000,0.00378203,0.88398338,1.18795959,-0.20263181,-0.13230503
2013-11-15,8177.08251953,0.00518877,1.00000000,1.00000000,0.00518877,0.88857016,1.19412364,-0.19849445,-0.12780277
2013-11-18,8191.42236328,0.00175366,0.00000000,1.00000000,0.00175366,0.89012841,1.19621773,-0.19708888,-0.12627323
2013-11-19,8260.16992188,0.00839263,0.00000000,0.00000000,0.00000000,0.89759893,1.19621773,-0.19035034,-0.12627323
2013-11-20,8204.41992188,-0.00674926,0.00000000,0.00000000,-0.00000000,0.89154080,1.19621773,-0.19581488,-0.12627323
2013-11-21,8099.41259766,-0.01279887,0.00000000,0.00000000,-0.00000000,0.88013009,1.19621773,-0.20610754,-0.12627323
2013-11-22,8116.74218750,0.00213961,0.00000000,0.00000000,0.00000000,0.88201322,1.19621773,-0.20440892,-0.12627323
2013-11-25,8187.47216797,0.00871408,0.00000000,0.00000000,0.00000000,0.88969916,1.19621773,-0.19747607,-0.12627323
2013-11-26,8247.97949219,0.00739023,0.00000000,0.00000000,0.00000000,0.89627424,1.19621773,-0.19154523,-0.12627323
2013-11-27,8295.83984375,0.00580268,0.00000000,0.00000000,0.00000000,0.90147503,1.19621773,-0.18685403,-0.12627323
2013-11-28,8362.38964844,0.00802207,0.00000000,0.00000000,0.00000000,0.90870673,1.19621773,-0.18033092,-0.12627323
2013-11-29,8406.79003906,0.00530953,0.00000000,0.00000000,0.00000000,0.91353154,1.19621773,-0.17597886,-0.12627323
2013-12-02,8414.57031250,0.00092547,0.00000000,0.00000000,0.00000000,0.91437699,1.19621773,-0.17521625,-0.12627323
2013-12-03,8392.50976562,-0.00262171,0.00000000,0.00000000,-0.00000000,0.91197976,1.19621773,-0.17737859,-0.12627323
2013-12-04,8417.95996094,0.00303249,0.00000000,0.00000000,0.00000000,0.91474533,1.19621773,-0.17488400,-0.12627323
2013-12-05,8375.50000000,-0.00504397,0.00000000,0.00000000,-0.00000000,0.91013138,1.19621773,-0.17904586,-0.12627323
2013-12-06,8367.67968750,-0.00093371,0.00000000,0.00000000,-0.00000000,0.90928158,1.19621773,-0.17981240,-0.12627323
2013-12-09,8444.58007812,0.00919017,0.00000000,0.00000000,0.00000000,0.91763803,1.19621773,-0.17227473,-0.12627323
2013-12-10,8443.34960938,-0.00014571,0.00000000,0.00000000,-0.00000000,0.91750432,1.19621773,-0.17239534,-0.12627323
2013-12-11,8433.72949219,-0.00113937,0.00000000,0.00000000,-0.00000000,0.91645894,1.19621773,-0.17333829,-0.12627323
2013-12-12,8361.29003906,-0.00858925,0.00000000,0.00000000,-0.00000000,0.90858724,1.19621773,-0.18043870,-0.12627323
2013-12-13,8376.90039062,0.00186698,0.00000000,0.00000000,0.00000000,0.91028355,1.19621773,-0.17890860,-0.12627323
2013-12-16,8313.83007812,-0.00752908,1.00000000,0.00000000,-0.00000000,0.90342996,1.19621773,-0.18509066,-0.12627323
2013-12-17,8352.88964844,0.00469814,1.00000000,1.00000000,0.00469814,0.90767440,1.20183773,-0.18126209,-0.12216833
2013-12-18,8349.00000000,-0.00046567,1.00000000,1.00000000,-0.00046567,0.90725173,1.20127807,-0.18164335,-0.12257711
2013-12-19,8407.36035156,0.00699010,1.00000000,1.00000000,0.00699010,0.91359351,1.20967513,-0.17592296,-0.11644383
2013-12-20,8408.49023438,0.00013439,1.00000000,1.00000000,0.00013439,0.91371629,1.20983770,-0.17581221,-0.11632509
2013-12-23,8456.41992188,0.00570015,1.00000000,1.00000000,0.00570015,0.91892461,1.21673396,-0.17111421,-0.11128801
2013-12-24,8450.45019531,-0.00070594,1.00000000,1.00000000,-0.00070594,0.91827591,1.21587502,-0.17169935,-0.11191538
2013-12-25,8467.71972656,0.00204362,1.00000000,1.00000000,0.00204362,0.92015252,1.21835981,-0.17000662,-0.11010048
2013-12-26,8485.84960938,0.00214106,1.00000000,1.00000000,0.00214106,0.92212262,1.22096839,-0.16822955,-0.10819515
2013-12-27,8535.00000000,0.00579204,1.00000000,1.00000000,0.00579204,0.92746359,1.22804029,-0.16341191,-0.10302978
2013-12-30,8623.38964844,0.01035614,1.00000000,1.00000000,0.01035614,0.93706853,1.24075804,-0.15474808,-0.09374063
2013-12-31,8611.46972656,-0.00138228,1.00000000,1.00000000,-0.00138228,0.93577324,1.23904297,-0.15591646,-0.09499333
2014-01-02,8612.50000000,0.00011964,1.00000000,1.00000000,0.00011964,0.93588520,1.23919121,-0.15581547,-0.09488506
2014-01-03,8546.50000000,-0.00766328,1.00000000,1.00000000,-0.00766328,0.92871325,1.22969494,-0.16228469,-0.10182121
2014-01-06,8499.96972656,-0.00544437,1.00000000,1.00000000,-0.00544437,0.92365699,1.22300003,-0.16684552,-0.10671122
2014-01-07,8512.25976562,0.00144589,1.00000000,1.00000000,0.00144589,0.92499250,1.22476836,-0.16564087,-0.10541962
2014-01-08,8555.96972656,0.00513494,1.00000000,1.00000000,0.00513494,0.92974229,1.23105747,-0.16135648,-0.10082600
2014-01-09,8514.63964844,-0.00483055,1.00000000,1.00000000,-0.00483055,0.92525111,1.22511078,-0.16540760,-0.10516951
2014-01-10,8529.30957031,0.00172291,1.00000000,1.00000000,0.00172291,0.92684524,1.22722153,-0.16396967,-0.10362780
2014-01-13,8566.16015625,0.00432047,1.00000000,1.00000000,0.00432047,0.93084964,1.23252370,-0.16035763,-0.09975506
2014-01-14,8548.09960938,-0.00210836,1.00000000,1.00000000,-0.00210836,0.92888707,1.22992510,-0.16212790,-0.10165310
2014-01-15,8602.50976562,0.00636518,1.00000000,1.00000000,0.00636518,0.93479960,1.23775379,-0.15679470,-0.09593496
2014-01-16,8612.07031250,0.00111137,1.00000000,1.00000000,0.00111137,0.93583851,1.23912939,-0.15585759,-0.09493021
2014-01-17,8595.95996094,-0.00187067,1.00000000,1.00000000,-0.00187067,0.93408786,1.23681138,-0.15743670,-0.09662330
2014-01-20,8621.51953125,0.00297344,1.00000000,1.00000000,0.00297344,0.93686532,1.24048897,-0.15493139,-0.09393717
2014-01-21,8599.86035156,-0.00251222,1.00000000,1.00000000,-0.00251222,0.93451170,1.23737258,-0.15705439,-0.09621340
2014-01-22,8625.25976562,0.00295347,1.00000000,1.00000000,0.00295347,0.93727175,1.24102712,-0.15456478,-0.09354409
2014-01-23,8595.05957031,-0.00350137,1.00000000,1.00000000,-0.00350137,0.93399002,1.23668183,-0.15752496,-0.09671793
2014-01-24,8598.26953125,0.00037347,1.00000000,1.00000000,0.00037347,0.93433883,1.23714369,-0.15721032,-0.09638058
2014-01-27,8462.53027344,-0.01578681,1.00000000,1.00000000,-0.01578681,0.91958860,1.21761314,-0.17051528,-0.11064585
2014-02-05,8264.44042969,-0.02340787,1.00000000,1.00000000,-0.02340787,0.89806299,1.18911140,-0.18993176,-0.13146374
2014-02-06,8310.96972656,0.00563006,1.00000000,1.00000000,0.00563006,0.90311914,1.19580617,-0.18537102,-0.12657383
2014-02-07,8387.30957031,0.00918543,1.00000000,1.00000000,0.00918543,0.91141468,1.20679017,-0.17788830,-0.11855103
2014-02-10,8391.91015625,0.00054852,0.00000000,1.00000000,0.00054852,0.91191460,1.20745211,-0.17743736,-0.11806754
2014-02-11,8430.51953125,0.00460079,0.00000000,0.00000000,0.00000000,0.91611013,1.20745211,-0.17365293,-0.11806754
2014-02-12,8510.83007812,0.00952617,0.00000000,0.00000000,0.00000000,0.92483714,1.20745211,-0.16578101,-0.11806754
2014-02-13,8467.66015625,-0.00507235,0.00000000,0.00000000,-0.00000000,0.92014605,1.20745211,-0.17001246,-0.11806754
2014-02-14,8513.63964844,0.00543001,0.00000000,0.00000000,0.00000000,0.92514245,1.20745211,-0.16550562,-0.11806754
2014-02-17,8519.50976562,0.00068950,0.00000000,0.00000000,0.00000000,0.92578033,1.20745211,-0.16493024,-0.11806754
2014-02-18,8556.19042969,0.00430549,0.00000000,0.00000000,0.00000000,0.92976627,1.20745211,-0.16133485,-0.11806754
2014-02-19,8576.96972656,0.00242857,0.00000000,0.00000000,0.00000000,0.93202427,1.20745211,-0.15929810,-0.11806754
2014-02-20,8524.58007812,-0.00610818,0.00000000,0.00000000,-0.00000000,0.92633130,1.20745211,-0.16443325,-0.11806754
2014-02-21,8601.82031250,0.00906088,0.00000000,0.00000000,0.00000000,0.93472468,1.20745211,-0.15686228,-0.11806754
2014-02-24,8560.57031250,-0.00479550,0.00000000,0.00000000,-0.00000000,0.93024221,1.20745211,-0.16090554,-0.11806754
2014-02-25,8575.58007812,0.00175336,0.00000000,0.00000000,0.00000000,0.93187326,1.20745211,-0.15943431,-0.11806754
2014-02-26,8600.82031250,0.00294327,0.00000000,0.00000000,0.00000000,0.93461602,1.20745211,-0.15696030,-0.11806754
2014-02-27,8639.54003906,0.00450186,0.00000000,0.00000000,0.00000000,0.93882353,1.20745211,-0.15316505,-0.11806754
2014-03-03,8601.94042969,-0.00435204,1.00000000,0.00000000,-0.00000000,0.93473773,1.20745211,-0.15685050,-0.11806754
2014-03-04,8554.50000000,-0.00551508,1.00000000,1.00000000,-0.00551508,0.92958258,1.20079291,-0.16150054,-0.12293148
2014-03-05,8632.88964844,0.00916356,1.00000000,1.00000000,0.00916356,0.93810086,1.21179645,-0.15381691,-0.11489441
2014-03-06,8713.75000000,0.00936655,1.00000000,1.00000000,0.00936655,0.94688762,1.22314679,-0.14589110,-0.10660403
2014-03-07,8713.91992188,0.00001950,1.00000000,1.00000000,0.00001950,0.94690609,1.22317064,-0.14587444,-0.10658660
2014-03-10,8665.20019531,-0.00559102,1.00000000,1.00000000,-0.00559102,0.94161191,1.21633187,-0.15064988,-0.11158170
2014-03-11,8702.29003906,0.00428032,1.00000000,1.00000000,0.00428032,0.94564232,1.22153816,-0.14701438,-0.10777898
2014-03-12,8684.69042969,-0.00202241,1.00000000,1.00000000,-0.00202241,0.94372984,1.21906771,-0.14873947,-0.10958342
2014-03-13,8747.75000000,0.00726100,1.00000000,1.00000000,0.00726100,0.95058226,1.22791936,-0.14255847,-0.10311810
2014-03-14,8687.58984375,-0.00687721,1.00000000,1.00000000,-0.00687721,0.94404491,1.21947470,-0.14845527,-0.10928615
2014-03-17,8700.05957031,0.00143535,1.00000000,1.00000000,0.00143535,0.94539994,1.22122507,-0.14723301,-0.10800767
2014-03-18,8731.90039062,0.00365984,1.00000000,1.00000000,0.00365984,0.94885995,1.22569456,-0.14411202,-0.10474312
2014-03-19,8689.41992188,-0.00486497,1.00000000,1.00000000,-0.00486497,0.94424377,1.21973158,-0.14827589,-0.10909852
2014-03-20,8597.29003906,-0.01060254,1.00000000,1.00000000,-0.01060254,0.93423240,1.20679934,-0.15730633,-0.11854433
2014-03-21,8577.12988281,-0.00234494,1.00000000,1.00000000,-0.00234494,0.93204167,1.20396946,-0.15928240,-0.12061130
2014-03-24,8605.33984375,0.00328897,1.00000000,1.00000000,0.00328897,0.93510713,1.20792929,-0.15651730,-0.11771901
2014-03-25,8689.25976562,0.00975208,1.00000000,1.00000000,0.00975208,0.94422637,1.21970910,-0.14829159,-0.10911494
2014-03-26,8737.22949219,0.00552058,1.00000000,1.00000000,0.00552058,0.94943904,1.22644260,-0.14358967,-0.10419674
2014-03-27,8779.53027344,0.00484144,1.00000000,1.00000000,0.00484144,0.95403570,1.23238035,-0.13944341,-0.09985976
2014-03-28,8774.59960938,-0.00056161,1.00000000,1.00000000,-0.00056161,0.95349990,1.23168823,-0.13992671,-0.10036529
2014-03-31,8849.24023438,0.00850644,1.00000000,1.00000000,0.00850644,0.96161079,1.24216552,-0.13261054,-0.09271260
2014-04-01,8873.11035156,0.00269742,1.00000000,1.00000000,0.00269742,0.96420466,1.24551616,-0.13027083,-0.09026526
2014-04-02,8905.40917969,0.00364008,1.00000000,1.00000000,0.00364008,0.96771444,1.25004994,-0.12710495,-0.08695376
2014-04-03,8888.49902344,-0.00189886,1.00000000,1.00000000,-0.00189886,0.96587689,1.24767627,-0.12876245,-0.08868751
2014-04-07,8876.39941406,-0.00136127,1.00000000,1.00000000,-0.00136127,0.96456207,1.24597785,-0.12994844,-0.08992805
2014-04-08,8888.20898438,0.00133045,1.00000000,1.00000000,0.00133045,0.96584537,1.24763555,-0.12879088,-0.08871724
2014-04-09,8930.52929688,0.00476140,1.00000000,1.00000000,0.00476140,0.97044414,1.25357604,-0.12464271,-0.08437826
2014-04-10,8948.05859375,0.00196285,1.00000000,1.00000000,0.00196285,0.97234898,1.25603663,-0.12292451,-0.08258103
2014-04-11,8908.00878906,-0.00447581,1.00000000,1.00000000,-0.00447581,0.96799693,1.25041485,-0.12685014,-0.08668723
2014-04-14,8857.37988281,-0.00568353,1.00000000,1.00000000,-0.00568353,0.96249530,1.24330808,-0.13181271,-0.09187806
2014-04-15,8916.66894531,0.00669375,1.00000000,1.00000000,0.00669375,0.96893800,1.25163047,-0.12600128,-0.08579932
2014-04-16,8923.77929688,0.00079742,1.00000000,1.00000000,0.00079742,0.96971065,1.25262855,-0.12530433,-0.08507032
2014-04-17,8944.11914062,0.00227929,1.00000000,1.00000000,0.00227929,0.97192090,1.25548365,-0.12331065,-0.08298493
2014-04-18,8966.61914062,0.00251562,1.00000000,1.00000000,0.00251562,0.97436588,1.25864197,-0.12110524,-0.08067807
2014-04-21,8951.14941406,-0.00172526,1.00000000,1.00000000,-0.00172526,0.97268485,1.25647048,-0.12262156,-0.08226414
2014-04-22,8974.66894531,0.00262754,1.00000000,1.00000000,0.00262754,0.97524062,1.25977191,-0.12031621,-0.07985275
2014-04-23,8956.87890625,-0.00198225,1.00000000,1.00000000,-0.00198225,0.97330745,1.25727473,-0.12205996,-0.08167671
2014-04-24,8945.40917969,-0.00128055,1.00000000,1.00000000,-0.00128055,0.97206108,1.25566473,-0.12318420,-0.08285267
2014-04-25,8774.08007812,-0.01915274,1.00000000,1.00000000,-0.01915274,0.95344345,1.23161531,-0.13997763,-0.10041856
2014-04-28,8809.66992188,0.00405625,1.00000000,1.00000000,0.00405625,0.95731085,1.23661105,-0.13648917,-0.09676963
2014-04-29,8872.07031250,0.00708317,1.00000000,1.00000000,0.00708317,0.96409165,1.24537017,-0.13037277,-0.09037190
2014-04-30,8791.40039062,-0.00909257,1.00000000,1.00000000,-0.00909257,0.95532557,1.23404656,-0.13827992,-0.09864275
2014-05-02,8867.28027344,0.00863115,1.00000000,1.00000000,0.00863115,0.96357113,1.24469780,-0.13084228,-0.09086300
2014-05-05,8870.38964844,0.00035066,1.00000000,1.00000000,0.00035066,0.96390901,1.24513426,-0.13053751,-0.09054421
2014-05-06,8912.34863281,0.00473023,1.00000000,1.00000000,0.00473023,0.96846853,1.25102403,-0.12642475,-0.08624227
2014-05-07,8893.17871094,-0.00215094,1.00000000,1.00000000,-0.00215094,0.96638541,1.24833315,-0.12830376,-0.08820771
2014-05-08,8930.85937500,0.00423703,1.00000000,1.00000000,0.00423703,0.97048001,1.25362238,-0.12461035,-0.08434442
2014-05-09,8889.64941406,-0.00461433,1.00000000,1.00000000,-0.00461433,0.96600189,1.24783775,-0.12864969,-0.08856956
2014-05-12,8808.57031250,-0.00912062,1.00000000,1.00000000,-0.00912062,0.95719136,1.23645669,-0.13659695,-0.09688237
2014-05-13,8817.90039062,0.00105920,1.00000000,1.00000000,0.00105920,0.95820522,1.23776635,-0.13568243,-0.09592578
2014-05-14,8875.11914062,0.00648893,1.00000000,1.00000000,0.00648893,0.96442295,1.24579814,-0.13007393,-0.09005931
2014-05-15,8880.60937500,0.00061861,1.00000000,1.00000000,0.00061861,0.96501955,1.24656880,-0.12953579,-0.08949641
2014-05-16,8888.40917969,0.00087830,1.00000000,1.00000000,0.00087830,0.96586712,1.24766365,-0.12877126,-0.08869672
2014-05-19,8899.85937500,0.00128822,1.00000000,1.00000000,0.00128822,0.96711137,1.24927092,-0.12764893,-0.08752276
2014-05-20,8887.74902344,-0.00136074,1.00000000,1.00000000,-0.00136074,0.96579539,1.24757099,-0.12883597,-0.08876440
2014-05-21,8862.37988281,-0.00285439,1.00000000,1.00000000,-0.00285439,0.96303863,1.24400993,-0.13132261,-0.09136543
2014-05-22,8969.58886719,0.01209709,1.00000000,1.00000000,0.01209709,0.97468859,1.25905883,-0.12081415,-0.08037360
2014-05-23,9008.17871094,0.00430230,1.00000000,1.00000000,0.00430230,0.97888199,1.26447567,-0.11703163,-0.07641709
2014-05-26,9036.07910156,0.00309723,1.00000000,1.00000000,0.00309723,0.98191381,1.26839204,-0.11429687,-0.07355654
2014-05-27,9055.24804688,0.00212138,1.00000000,1.00000000,0.00212138,0.98399682,1.27108278,-0.11241796,-0.07159120
2014-05-28,9121.66796875,0.00733496,1.00000000,1.00000000,0.00733496,0.99121440,1.28040613,-0.10590758,-0.06478136
2014-05-29,9108.95800781,-0.00139338,1.00000000,1.00000000,-0.00139338,0.98983326,1.27862204,-0.10715339,-0.06608447
2014-05-30,9075.86816406,-0.00363267,1.00000000,1.00000000,-0.00363267,0.98623753,1.27397722,-0.11039681,-0.06947708
2014-06-03,9123.41796875,0.00523915,1.00000000,1.00000000,0.00523915,0.99140457,1.28065178,-0.10573605,-0.06460194
2014-06-04,9119.91796875,-0.00038363,1.00000000,1.00000000,-0.00038363,0.99102424,1.28016048,-0.10607911,-0.06496078
2014-06-05,9140.67773438,0.00227631,1.00000000,1.00000000,0.00227631,0.99328012,1.28307452,-0.10404427,-0.06283234
2014-06-06,9134.41796875,-0.00068483,1.00000000,1.00000000,-0.00068483,0.99259989,1.28219584,-0.10465784,-0.06347414
2014-06-09,9162.69824219,0.00309601,1.00000000,1.00000000,0.00309601,0.99567300,1.28616554,-0.10188585,-0.06057464
2014-06-10,9222.32812500,0.00650790,1.00000000,1.00000000,0.00650790,1.00215273,1.29453577,-0.09604102,-0.05446096
2014-06-11,9229.75781250,0.00080562,1.00000000,1.00000000,0.00080562,1.00296009,1.29557867,-0.09531277,-0.05369921
2014-06-12,9204.60839844,-0.00272482,1.00000000,1.00000000,-0.00272482,1.00022720,1.29204846,-0.09777788,-0.05627771
2014-06-13,9196.34765625,-0.00089746,1.00000000,1.00000000,-0.00089746,0.99932954,1.29088890,-0.09858759,-0.05712466
2014-06-16,9202.88769531,0.00071116,1.00000000,1.00000000,0.00071116,1.00004022,1.29180692,-0.09794654,-0.05645413
2014-06-17,9240.55761719,0.00409327,1.00000000,1.00000000,0.00409327,1.00413366,1.29709464,-0.09425419,-0.05259194
2014-06-18,9279.88769531,0.00425625,1.00000000,1.00000000,0.00425625,1.00840749,1.30261539,-0.09039911,-0.04855954
2014-06-19,9316.76757812,0.00397417,1.00000000,1.00000000,0.00397417,1.01241508,1.30779221,-0.08678420,-0.04477835
2014-06-20,9273.74804688,-0.00461743,1.00000000,1.00000000,-0.00461743,1.00774032,1.30175357,-0.09100091,-0.04918902
2014-06-23,9228.30761719,-0.00489990,1.00000000,1.00000000,-0.00489990,1.00280250,1.29537511,-0.09545492,-0.05384790
2014-06-24,9246.15820312,0.00193433,1.00000000,1.00000000,0.00193433,1.00474225,1.29788079,-0.09370523,-0.05201773
2014-06-25,9242.11816406,-0.00043694,1.00000000,1.00000000,-0.00043694,1.00430323,1.29731369,-0.09410123,-0.05243194
2014-06-26,9320.89843750,0.00852405,1.00000000,1.00000000,0.00852405,1.01286396,1.30837206,-0.08637930,-0.04435483
2014-06-27,9306.78808594,-0.00151384,1.00000000,1.00000000,-0.00151384,1.01133065,1.30639139,-0.08776238,-0.04580152
2014-06-30,9393.02832031,0.00926638,1.00000000,1.00000000,0.00926638,1.02070202,1.31849691,-0.07930924,-0.03695955
2014-07-01,9441.87792969,0.00520062,1.00000000,1.00000000,0.00520062,1.02601031,1.32535392,-0.07452107,-0.03195114
2014-07-02,9484.91699219,0.00455832,1.00000000,1.00000000,0.00455832,1.03068719,1.33139530,-0.07030245,-0.02753847
2014-07-03,9526.18750000,0.00435117,1.00000000,1.00000000,0.00435117,1.03517189,1.33718843,-0.06625717,-0.02330712
2014-07-04,9510.00683594,-0.00169855,1.00000000,1.00000000,-0.00169855,1.03341360,1.33491715,-0.06784318,-0.02496608
2014-07-07,9520.15722656,0.00106734,1.00000000,1.00000000,0.00106734,1.03451660,1.33634196,-0.06684825,-0.02392539
2014-07-08,9530.93750000,0.00113236,1.00000000,1.00000000,0.00113236,1.03568805,1.33785519,-0.06579158,-0.02282012
2014-07-09,9489.93750000,-0.00430178,1.00000000,1.00000000,-0.00430178,1.03123275,1.33210003,-0.06981034,-0.02702373
2014-07-10,9565.07617188,0.00791772,1.00000000,1.00000000,0.00791772,1.03939776,1.34264722,-0.06244536,-0.01931998
2014-07-11,9495.79687500,-0.00724294,1.00000000,1.00000000,-0.00724294,1.03186946,1.33292251,-0.06923602,-0.02642299
2014-07-14,9520.25683594,0.00257587,1.00000000,1.00000000,0.00257587,1.03452743,1.33635594,-0.06683849,-0.02391518
2014-07-15,9569.12597656,0.00513317,1.00000000,1.00000000,0.00513317,1.03983784,1.34321569,-0.06204841,-0.01890476
2014-07-16,9484.68750000,-0.00882405,1.00000000,1.00000000,-0.00882405,1.03066225,1.33136309,-0.07032494,-0.02756200
2014-07-17,9408.19824219,-0.00806450,1.00000000,1.00000000,-0.00806450,1.02235048,1.32062631,-0.07782230,-0.03540423
2014-07-18,9400.92773438,-0.00077278,1.00000000,1.00000000,-0.00077278,1.02156042,1.31960575,-0.07853495,-0.03614965
2014-07-21,9440.92773438,0.00425490,1.00000000,1.00000000,0.00425490,1.02590706,1.32522054,-0.07461421,-0.03204856
2014-07-22,9499.31738281,0.00618474,1.00000000,1.00000000,0.00618474,1.03225202,1.33341668,-0.06889094,-0.02606204
2014-07-23,9499.31738281,0.00000000,1.00000000,1.00000000,0.00000000,1.03225202,1.33341668,-0.06889094,-0.02606204
2014-07-24,9527.49707031,0.00296650,1.00000000,1.00000000,0.00296650,1.03531419,1.33737225,-0.06612881,-0.02317286
2014-07-25,9439.24804688,-0.00926256,1.00000000,1.00000000,-0.00926256,1.02572453,1.32498476,-0.07477885,-0.03222078
2014-07-28,9420.13769531,-0.00202456,1.00000000,1.00000000,-0.00202456,1.02364789,1.32230225,-0.07665202,-0.03418011
2014-07-29,9391.83789062,-0.00300418,1.00000000,1.00000000,-0.00300418,1.02057267,1.31832981,-0.07942592,-0.03708161
2014-07-30,9446.97753906,0.00587102,1.00000000,1.00000000,0.00587102,1.02656447,1.32606975,-0.07402121,-0.03142829
2014-07-31,9315.80761719,-0.01388486,1.00000000,1.00000000,-0.01388486,1.01231077,1.30765746,-0.08687830,-0.04487677
2014-08-01,9266.46777344,-0.00529636,1.00000000,1.00000000,-0.00529636,1.00694921,1.30073164,-0.09171452,-0.04993545
2014-08-04,9330.14843750,0.00687216,1.00000000,1.00000000,0.00687216,1.01386912,1.30967048,-0.08547263,-0.04340645
2014-08-05,9141.39843750,-0.02023012,1.00000000,1.00000000,-0.02023012,0.99335843,1.28317569,-0.10397363,-0.06275845
2014-08-06,9143.92773438,0.00027669,1.00000000,1.00000000,0.00027669,0.99363328,1.28353073,-0.10372571,-0.06249913
2014-08-07,9131.39843750,-0.00137023,1.00000000,1.00000000,-0.00137023,0.99227177,1.28177199,-0.10495381,-0.06378372
2014-08-08,9085.91796875,-0.00498067,1.00000000,1.00000000,-0.00498067,0.98732960,1.27538791,-0.10941174,-0.06844670
2014-08-11,9172.86816406,0.00956978,0.00000000,1.00000000,0.00956978,0.99677812,1.28759309,-0.10088901,-0.05953195
2014-08-12,9163.07812500,-0.00106728,0.00000000,0.00000000,-0.00000000,0.99571428,1.28759309,-0.10184862,-0.05953195
2014-08-13,9231.26757812,0.00744176,0.00000000,0.00000000,0.00000000,1.00312415,1.28759309,-0.09516479,-0.05953195
2014-08-14,9230.56835938,-0.00007574,0.00000000,0.00000000,-0.00000000,1.00304816,1.28759309,-0.09523332,-0.05953195
2014-08-15,9206.76757812,-0.00257847,0.00000000,0.00000000,-0.00000000,1.00046183,1.28759309,-0.09756624,-0.05953195
2014-08-18,9141.26757812,-0.00711433,0.00000000,0.00000000,-0.00000000,0.99334421,1.28759309,-0.10398645,-0.05953195
2014-08-19,9243.73828125,0.01120968,0.00000000,0.00000000,0.00000000,1.00447929,1.28759309,-0.09394243,-0.05953195
2014-08-20,9288.00781250,0.00478914,0.00000000,0.00000000,0.00000000,1.00928987,1.28759309,-0.08960319,-0.05953195
2014-08-21,9253.33789062,-0.00373276,0.00000000,0.00000000,-0.00000000,1.00552244,1.28759309,-0.09300149,-0.05953195
2014-08-22,9380.05761719,0.01369449,0.00000000,0.00000000,0.00000000,1.01929255,1.28759309,-0.08058061,-0.05953195
2014-08-25,9390.57812500,0.00112158,0.00000000,0.00000000,0.00000000,1.02043577,1.28759309,-0.07954940,-0.05953195
2014-08-26,9393.91796875,0.00035566,0.00000000,0.00000000,0.00000000,1.02079870,1.28759309,-0.07922204,-0.05953195
2014-08-27,9485.54687500,0.00975407,0.00000000,0.00000000,0.00000000,1.03075564,1.28759309,-0.07024071,-0.05953195
2014-08-28,9478.32714844,-0.00076113,0.00000000,0.00000000,-0.00000000,1.02997110,1.28759309,-0.07094837,-0.05953195
2014-08-29,9436.22753906,-0.00444167,0.00000000,0.00000000,-0.00000000,1.02539631,1.28759309,-0.07507491,-0.05953195
2014-09-01,9513.01660156,0.00813769,0.00000000,0.00000000,0.00000000,1.03374066,1.28759309,-0.06754816,-0.05953195
2014-09-02,9399.67773438,-0.01191408,0.00000000,0.00000000,-0.00000000,1.02142459,1.28759309,-0.07865747,-0.05953195
2014-09-03,9450.30761719,0.00538634,0.00000000,0.00000000,0.00000000,1.02692633,1.28759309,-0.07369481,-0.05953195
2014-09-04,9428.84765625,-0.00227082,0.00000000,0.00000000,-0.00000000,1.02459437,1.28759309,-0.07579828,-0.05953195
2014-09-05,9407.89843750,-0.00222182,0.00000000,0.00000000,-0.00000000,1.02231790,1.28759309,-0.07785169,-0.05953195
2014-09-09,9434.72753906,0.00285176,0.00000000,0.00000000,0.00000000,1.02523331,1.28759309,-0.07522194,-0.05953195
2014-09-10,9357.56835938,-0.00817821,0.00000000,0.00000000,-0.00000000,1.01684874,1.28759309,-0.08278497,-0.05953195
2014-09-11,9322.90820312,-0.00370397,0.00000000,0.00000000,-0.00000000,1.01308236,1.28759309,-0.08618231,-0.05953195
2014-09-12,9223.13769531,-0.01070165,0.00000000,0.00000000,-0.00000000,1.00224070,1.28759309,-0.09596167,-0.05953195
2014-09-15,9217.41796875,-0.00062015,0.00000000,0.00000000,-0.00000000,1.00161916,1.28759309,-0.09652230,-0.05953195
2014-09-16,9133.35839844,-0.00911964,0.00000000,0.00000000,-0.00000000,0.99248475,1.28759309,-0.10476170,-0.05953195
2014-09-17,9195.12792969,0.00676307,0.00000000,0.00000000,0.00000000,0.99919700,1.28759309,-0.09870714,-0.05953195
2014-09-18,9236.98828125,0.00455245,0.00000000,0.00000000,0.00000000,1.00374579,1.28759309,-0.09460405,-0.05953195
2014-09-19,9240.40820312,0.00037024,0.00000000,0.00000000,0.00000000,1.00411742,1.28759309,-0.09426884,-0.05953195
2014-09-22,9134.60839844,-0.01144969,0.00000000,0.00000000,-0.00000000,0.99262059,1.28759309,-0.10463918,-0.05953195
2014-09-23,9084.85839844,-0.00544632,0.00000000,0.00000000,-0.00000000,0.98721446,1.28759309,-0.10951560,-0.05953195
2014-09-24,9098.44824219,0.00149588,0.00000000,0.00000000,0.00000000,0.98869121,1.28759309,-0.10818354,-0.05953195
2014-09-25,9011.54882812,-0.00955101,0.00000000,0.00000000,-0.00000000,0.97924821,1.28759309,-0.11670129,-0.05953195
2014-09-26,8989.77929688,-0.00241574,0.00000000,0.00000000,-0.00000000,0.97688260,1.28759309,-0.11883511,-0.05953195
2014-09-29,8960.71875000,-0.00323262,0.00000000,0.00000000,-0.00000000,0.97372471,1.28759309,-0.12168358,-0.05953195
2014-09-30,8966.87890625,0.00068746,0.00000000,0.00000000,0.00000000,0.97439411,1.28759309,-0.12107977,-0.05953195
2014-10-01,8990.21875000,0.00260289,0.00000000,0.00000000,0.00000000,0.97693035,1.28759309,-0.11879204,-0.05953195
2014-10-02,8975.14941406,-0.00167619,0.00000000,0.00000000,-0.00000000,0.97529283,1.28759309,-0.12026911,-0.05953195
2014-10-03,9106.23828125,0.01460576,0.00000000,0.00000000,0.00000000,0.98953772,1.28759309,-0.10741997,-0.05953195
2014-10-06,9095.09765625,-0.00122341,0.00000000,0.00000000,-0.00000000,0.98832712,1.28759309,-0.10851196,-0.05953195
2014-10-07,9040.76855469,-0.00597345,0.00000000,0.00000000,-0.00000000,0.98242339,1.28759309,-0.11383722,-0.05953195
2014-10-08,8955.13867188,-0.00947153,0.00000000,0.00000000,-0.00000000,0.97311834,1.28759309,-0.12223053,-0.05953195
2014-10-09,8966.39941406,0.00125746,0.00000000,0.00000000,0.00000000,0.97434200,1.28759309,-0.12112677,-0.05953195
2014-10-13,8711.34960938,-0.02844506,0.00000000,0.00000000,-0.00000000,0.94662678,1.28759309,-0.14612638,-0.05953195
2014-10-14,8768.34960938,0.00654319,0.00000000,0.00000000,0.00000000,0.95282074,1.28759309,-0.14053932,-0.05953195
2014-10-15,8655.46972656,-0.01287356,0.00000000,0.00000000,-0.00000000,0.94055454,1.28759309,-0.15160364,-0.05953195
2014-10-16,8633.65039062,-0.00252087,0.00000000,0.00000000,-0.00000000,0.93818353,1.28759309,-0.15374234,-0.05953195
2014-10-17,8512.83984375,-0.01399299,0.00000000,0.00000000,-0.00000000,0.92505554,1.28759309,-0.16558401,-0.05953195
2014-10-20,8663.09960938,0.01765096,0.00000000,0.00000000,0.00000000,0.94138365,1.28759309,-0.15085577,-0.05953195
2014-10-21,8654.59960938,-0.00098117,0.00000000,0.00000000,-0.00000000,0.94045999,1.28759309,-0.15168893,-0.05953195
2014-10-22,8748.79003906,0.01088328,0.00000000,0.00000000,0.00000000,0.95069528,1.28759309,-0.14245652,-0.05953195
2014-10-23,8731.03027344,-0.00202997,0.00000000,0.00000000,-0.00000000,0.94876540,1.28759309,-0.14419731,-0.05953195
2014-10-24,8645.96972656,-0.00974233,0.00000000,0.00000000,-0.00000000,0.93952222,1.28759309,-0.15253482,-0.05953195
2014-10-27,8627.74023438,-0.00210844,0.00000000,0.00000000,-0.00000000,0.93754129,1.28759309,-0.15432165,-0.05953195
2014-10-28,8773.50976562,0.01689545,0.00000000,0.00000000,0.00000000,0.95338147,1.28759309,-0.14003353,-0.05953195
2014-10-29,8903.63867188,0.01483202,0.00000000,0.00000000,0.00000000,0.96752205,1.28759309,-0.12727849,-0.05953195
2014-10-30,8888.02929688,-0.00175315,0.00000000,0.00000000,-0.00000000,0.96582584,1.28759309,-0.12880850,-0.05953195
2014-10-31,8974.71875000,0.00975351,0.00000000,0.00000000,0.00000000,0.97524603,1.28759309,-0.12031132,-0.05953195
2014-11-03,9004.81933594,0.00335393,0.00000000,0.00000000,0.00000000,0.97851694,1.28759309,-0.11736091,-0.05953195
2014-11-04,8989.13867188,-0.00174136,0.00000000,0.00000000,-0.00000000,0.97681299,1.28759309,-0.11889790,-0.05953195
2014-11-05,8962.55859375,-0.00295691,0.00000000,0.00000000,-0.00000000,0.97392464,1.28759309,-0.12150324,-0.05953195
2014-11-06,8890.97851562,-0.00798657,0.00000000,0.00000000,-0.00000000,0.96614632,1.28759309,-0.12851942,-0.05953195
2014-11-07,8912.57910156,0.00242949,0.00000000,0.00000000,0.00000000,0.96849357,1.28759309,-0.12640216,-0.05953195
2014-11-10,9049.93945312,0.01541196,0.00000000,0.00000000,0.00000000,0.98341996,1.28759309,-0.11293830,-0.05953195
2014-11-11,9034.09863281,-0.00175038,0.00000000,0.00000000,-0.00000000,0.98169860,1.28759309,-0.11449100,-0.05953195
2014-11-12,8918.90917969,-0.01275052,0.00000000,0.00000000,-0.00000000,0.96918143,1.28759309,-0.12578170,-0.05953195
2014-11-13,8980.62890625,0.00692010,0.00000000,0.00000000,0.00000000,0.97588826,1.28759309,-0.11973202,-0.05953195
2014-11-14,8982.83886719,0.00024608,0.00000000,0.00000000,0.00000000,0.97612841,1.28759309,-0.11951540,-0.05953195
2014-11-17,8884.34863281,-0.01096427,0.00000000,0.00000000,-0.00000000,0.96542588,1.28759309,-0.12916927,-0.05953195
2014-11-18,8859.03027344,-0.00284977,0.00000000,0.00000000,-0.00000000,0.96267464,1.28759309,-0.13165094,-0.05953195
2014-11-19,8963.19921875,0.01175850,0.00000000,0.00000000,0.00000000,0.97399425,1.28759309,-0.12144045,-0.05953195
2014-11-20,9078.82812500,0.01290041,0.00000000,0.00000000,0.00000000,0.98655917,1.28759309,-0.11010668,-0.05953195
2014-11-21,9091.48828125,0.00139447,0.00000000,0.00000000,0.00000000,0.98793490,1.28759309,-0.10886575,-0.05953195
2014-11-24,9122.28808594,0.00338776,0.00000000,0.00000000,0.00000000,0.99128179,1.28759309,-0.10584680,-0.05953195
2014-11-25,9116.19824219,-0.00066758,0.00000000,0.00000000,-0.00000000,0.99062003,1.28759309,-0.10644371,-0.05953195
2014-11-26,9122.34765625,0.00067456,0.00000000,0.00000000,0.00000000,0.99128826,1.28759309,-0.10584096,-0.05953195
2014-11-27,9165.26757812,0.00470492,0.00000000,0.00000000,0.00000000,0.99595219,1.28759309,-0.10163401,-0.05953195
2014-11-28,9187.10839844,0.00238300,0.00000000,0.00000000,0.00000000,0.99832555,1.28759309,-0.09949320,-0.05953195
2014-12-01,9117.66796875,-0.00755846,0.00000000,0.00000000,-0.00000000,0.99077974,1.28759309,-0.10629965,-0.05953195
2014-12-02,9034.74902344,-0.00909432,0.00000000,0.00000000,-0.00000000,0.98176928,1.28759309,-0.11442724,-0.05953195
2014-12-03,9175.21777344,0.01554761,0.00000000,0.00000000,0.00000000,0.99703344,1.28759309,-0.10065871,-0.05953195
2014-12-04,9225.06835938,0.00543318,0.00000000,0.00000000,0.00000000,1.00245050,1.28759309,-0.09577242,-0.05953195
2014-12-05,9206.52832031,-0.00200975,0.00000000,0.00000000,-0.00000000,1.00043583,1.28759309,-0.09758969,-0.05953195
2014-12-08,9187.24804688,-0.00209420,0.00000000,0.00000000,-0.00000000,0.99834072,1.28759309,-0.09947952,-0.05953195
2014-12-09,9128.85839844,-0.00635551,0.00000000,0.00000000,-0.00000000,0.99199576,1.28759309,-0.10520278,-0.05953195
2014-12-10,9032.11914062,-0.01059708,0.00000000,0.00000000,-0.00000000,0.98148350,1.28759309,-0.11468502,-0.05953195
2014-12-11,9013.02929688,-0.00211355,0.00000000,0.00000000,-0.00000000,0.97940908,1.28759309,-0.11655618,-0.05953195
2014-12-12,9027.28906250,0.00158213,0.00000000,0.00000000,0.00000000,0.98095863,1.28759309,-0.11515846,-0.05953195
2014-12-15,8985.58886719,-0.00461935,0.00000000,0.00000000,-0.00000000,0.97642724,1.28759309,-0.11924585,-0.05953195
2014-12-16,8950.86914062,-0.00386393,0.00000000,0.00000000,-0.00000000,0.97265439,1.28759309,-0.12264903,-0.05953195
2014-12-17,8828.32031250,-0.01369128,0.00000000,0.00000000,-0.00000000,0.95933751,1.28759309,-0.13466108,-0.05953195
2014-12-18,8878.58886719,0.00569401,0.00000000,0.00000000,0.00000000,0.96479999,1.28759309,-0.12973383,-0.05953195
2014-12-19,8999.47851562,0.01361586,0.00000000,0.00000000,0.00000000,0.97793657,1.28759309,-0.11788441,-0.05953195
2014-12-22,9094.95800781,0.01060945,0.00000000,0.00000000,0.00000000,0.98831194,1.28759309,-0.10852565,-0.05953195
2014-12-23,9097.66796875,0.00029796,0.00000000,0.00000000,0.00000000,0.98860642,1.28759309,-0.10826002,-0.05953195
2014-12-24,9186.13769531,0.00972444,0.00000000,0.00000000,0.00000000,0.99822007,1.28759309,-0.09958835,-0.05953195
2014-12-25,9158.65820312,-0.00299141,0.00000000,0.00000000,-0.00000000,0.99523398,1.28759309,-0.10228185,-0.05953195
2014-12-26,9214.02832031,0.00604566,0.00000000,0.00000000,0.00000000,1.00125083,1.28759309,-0.09685455,-0.05953195
2014-12-29,9286.23828125,0.00783696,1.00000000,0.00000000,0.00000000,1.00909759,1.28759309,-0.08977664,-0.05953195
2014-12-30,9268.38769531,-0.00192226,1.00000000,1.00000000,-0.00192226,1.00715784,1.28511800,-0.09152633,-0.06133977
2014-12-31,9307.21777344,0.00418952,1.00000000,1.00000000,0.00418952,1.01137734,1.29050202,-0.08772026,-0.05740724
2015-01-05,9274.06835938,-0.00356169,1.00000000,1.00000000,-0.00356169,1.00777513,1.28590565,-0.09096952,-0.06076446
2015-01-06,9048.29882812,-0.02434417,1.00000000,1.00000000,-0.02434417,0.98324168,1.25460134,-0.11309911,-0.08362938
2015-01-07,9080.04785156,0.00350884,1.00000000,1.00000000,0.00350884,0.98669172,1.25900354,-0.10998712,-0.08041398
2015-01-08,9237.98828125,0.01739423,1.00000000,1.00000000,0.01739423,1.00385446,1.28090293,-0.09450603,-0.06441849
2015-01-09,9215.53808594,-0.00243020,1.00000000,1.00000000,-0.00243020,1.00141489,1.27779008,-0.09670657,-0.06669214
2015-01-12,9178.25781250,-0.00404537,1.00000000,1.00000000,-0.00404537,0.99736379,1.27262094,-0.10036073,-0.07046772
2015-01-13,9231.75781250,0.00582899,1.00000000,1.00000000,0.00582899,1.00317742,1.28003904,-0.09511673,-0.06504948
2015-01-14,9180.18847656,-0.00558608,1.00000000,1.00000000,-0.00558608,0.99757359,1.27288864,-0.10017148,-0.07027219
2015-01-15,9165.04785156,-0.00164927,1.00000000,1.00000000,-0.00164927,0.99592832,1.27078930,-0.10165555,-0.07180557
2015-01-16,9138.24804688,-0.00292413,1.00000000,1.00000000,-0.00292413,0.99301609,1.26707335,-0.10428242,-0.07451973
2015-01-19,9174.01757812,0.00391427,1.00000000,1.00000000,0.00391427,0.99690302,1.27203301,-0.10077635,-0.07089715
2015-01-20,9251.64843750,0.00846204,1.00000000,1.00000000,0.00846204,1.00533885,1.28279700,-0.09316708,-0.06303505
2015-01-21,9319.66796875,0.00735215,1.00000000,1.00000000,0.00735215,1.01273025,1.29222832,-0.08649991,-0.05614634
2015-01-22,9369.46777344,0.00534352,1.00000000,1.00000000,0.00534352,1.01814180,1.29913336,-0.08161861,-0.05110284
2015-01-23,9470.89746094,0.01082555,1.00000000,1.00000000,0.01082555,1.02916375,1.31319720,-0.07167662,-0.04083051
2015-01-26,9477.62695312,0.00071054,1.00000000,1.00000000,0.00071054,1.02989501,1.31413028,-0.07101700,-0.04014897
2015-01-27,9521.54687500,0.00463406,1.00000000,1.00000000,0.00463406,1.03466761,1.32022005,-0.06671204,-0.03570096
2015-01-28,9510.87695312,-0.00112061,1.00000000,1.00000000,-0.00112061,1.03350815,1.31874060,-0.06775789,-0.03678156
2015-01-29,9426.85839844,-0.00883394,1.00000000,1.00000000,-0.00883394,1.02437820,1.30709092,-0.07599326,-0.04529058
2015-01-30,9361.86816406,-0.00689416,1.00000000,1.00000000,-0.00689416,1.01731598,1.29807963,-0.08236351,-0.05187250
2015-02-02,9386.94824219,0.00267896,1.00000000,1.00000000,0.00267896,1.02004133,1.30155713,-0.07990520,-0.04933250
2015-02-03,9448.68847656,0.00657724,1.00000000,1.00000000,0.00657724,1.02675039,1.31011779,-0.07385351,-0.04307973
2015-02-04,9513.87695312,0.00689921,1.00000000,1.00000000,0.00689921,1.03383415,1.31915657,-0.06746383,-0.03647774
2015-02-05,9512.00683594,-0.00019657,1.00000000,1.00000000,-0.00019657,1.03363093,1.31889726,-0.06764714,-0.03666713
2015-02-06,9456.13671875,-0.00587364,1.00000000,1.00000000,-0.00587364,1.02755976,1.31115053,-0.07312345,-0.04232541
2015-02-09,9421.45800781,-0.00366732,1.00000000,1.00000000,-0.00366732,1.02379136,1.30634212,-0.07652260,-0.04583751
2015-02-10,9393.65820312,-0.00295069,1.00000000,1.00000000,-0.00295069,1.02077047,1.30248751,-0.07924750,-0.04865295
2015-02-11,9462.17675781,0.00729413,1.00000000,1.00000000,0.00729413,1.02821610,1.31198802,-0.07253141,-0.04171370
2015-02-12,9496.26660156,0.00360275,1.00000000,1.00000000,0.00360275,1.03192051,1.31671478,-0.06918997,-0.03826123
2015-02-13,9529.46679688,0.00349613,1.00000000,1.00000000,0.00349613,1.03552824,1.32131819,-0.06593574,-0.03489887
2015-02-24,9629.32617188,0.01047901,1.00000000,1.00000000,0.01047901,1.04637955,1.33516430,-0.05614767,-0.02478556
2015-02-25,9699.49511719,0.00728700,1.00000000,1.00000000,0.00728700,1.05400452,1.34489365,-0.04926981,-0.01767917
2015-02-26,9622.05566406,-0.00798386,1.00000000,1.00000000,-0.00798386,1.04558949,1.33415620,-0.05686032,-0.02552189
2015-03-02,9601.31640625,-0.00215539,1.00000000,1.00000000,-0.00215539,1.04333584,1.33128057,-0.05889315,-0.02762227
2015-03-03,9605.72558594,0.00045923,1.00000000,1.00000000,0.00045923,1.04381497,1.33189193,-0.05846097,-0.02717572
2015-03-04,9621.68652344,0.00166161,1.00000000,1.00000000,0.00166161,1.04554938,1.33410501,-0.05689650,-0.02555927
2015-03-05,9595.04589844,-0.00276881,1.00000000,1.00000000,-0.00276881,1.04265445,1.33041113,-0.05950777,-0.02825732
2015-03-06,9645.72558594,0.00528186,1.00000000,1.00000000,0.00528186,1.04816160,1.33743818,-0.05454022,-0.02312471
2015-03-09,9562.93652344,-0.00858298,1.00000000,1.00000000,-0.00858298,1.03916525,1.32595897,-0.06265509,-0.03150921
2015-03-10,9536.48730469,-0.00276581,1.00000000,1.00000000,-0.00276581,1.03629113,1.32229163,-0.06524760,-0.03418786
2015-03-11,9523.13671875,-0.00139995,1.00000000,1.00000000,-0.00139995,1.03484037,1.32044049,-0.06655620,-0.03553995
2015-03-12,9595.95605469,0.00764657,1.00000000,1.00000000,0.00764657,1.04275335,1.33053733,-0.05941856,-0.02816514
2015-03-13,9579.30566406,-0.00173515,1.00000000,1.00000000,-0.00173515,1.04094402,1.32822865,-0.06105061,-0.02985141
2015-03-16,9512.86718750,-0.00693563,1.00000000,1.00000000,-0.00693563,1.03372442,1.31901656,-0.06756281,-0.03658000
2015-03-17,9539.39746094,0.00278888,1.00000000,1.00000000,0.00278888,1.03660736,1.32269514,-0.06496235,-0.03389314
2015-03-18,9653.38574219,0.01194921,1.00000000,1.00000000,0.01194921,1.04899400,1.33850030,-0.05378939,-0.02234892
2015-03-19,9736.68554688,0.00862908,1.00000000,1.00000000,0.00862908,1.05804585,1.35005032,-0.04562446,-0.01391269
2015-03-20,9749.64550781,0.00133104,1.00000000,1.00000000,0.00133104,1.05945416,1.35184730,-0.04435415,-0.01260017
2015-03-23,9758.04492188,0.00086151,1.00000000,1.00000000,0.00086151,1.06036689,1.35301193,-0.04353085,-0.01174951
2015-03-24,9731.61523438,-0.00270850,1.00000000,1.00000000,-0.00270850,1.05749488,1.34934729,-0.04612145,-0.01442619
2015-03-25,9667.78613281,-0.00655894,1.00000000,1.00000000,-0.00655894,1.05055883,1.34049700,-0.05237788,-0.02089051
2015-03-26,9619.07617188,-0.00503838,1.00000000,1.00000000,-0.00503838,1.04526572,1.33374307,-0.05715236,-0.02582364
2015-03-27,9503.67675781,-0.01199693,1.00000000,1.00000000,-0.01199693,1.03272574,1.31774225,-0.06846364,-0.03751077
2015-03-30,9521.82714844,0.00190983,1.00000000,1.00000000,0.00190983,1.03469807,1.32025891,-0.06668457,-0.03567258
2015-03-31,9586.39648438,0.00678119,1.00000000,1.00000000,0.00678119,1.04171455,1.32921184,-0.06035558,-0.02913329
2015-04-01,9507.61718750,-0.00821782,1.00000000,1.00000000,-0.00821782,1.03315393,1.31828861,-0.06807741,-0.03711170
2015-04-02,9600.27636719,0.00974578,1.00000000,1.00000000,0.00974578,1.04322282,1.33113637,-0.05899509,-0.02772760
2015-04-07,9641.85644531,0.00433113,1.00000000,1.00000000,0.00433113,1.04774116,1.33690170,-0.05491947,-0.02351656
2015-04-08,9571.92578125,-0.00725282,1.00000000,1.00000000,-0.00725282,1.04014208,1.32720539,-0.06177397,-0.03059882
2015-04-09,9567.99609375,-0.00041054,1.00000000,1.00000000,-0.00041054,1.03971506,1.32666051,-0.06215915,-0.03099680
2015-04-10,9617.65625000,0.00519024,1.00000000,1.00000000,0.00519024,1.04511142,1.33354619,-0.05729154,-0.02596744
2015-04-13,9666.47558594,0.00507601,1.00000000,1.00000000,0.00507601,1.05041642,1.34031529,-0.05250634,-0.02102324
2015-04-14,9642.17578125,-0.00251382,1.00000000,1.00000000,-0.00251382,1.04777586,1.33694597,-0.05488817,-0.02348421
2015-04-15,9540.01660156,-0.01059503,1.00000000,1.00000000,-0.01059503,1.03667464,1.32278099,-0.06490166,-0.03383043
2015-04-16,9656.82617188,0.01224417,1.00000000,1.00000000,0.01224417,1.04936786,1.33897734,-0.05345216,-0.02200049
2015-04-17,9570.88574219,-0.00889945,1.00000000,1.00000000,-0.00889945,1.04002906,1.32706118,-0.06187592,-0.03070415
2015-04-20,9552.80664062,-0.00188897,1.00000000,1.00000000,-0.00188897,1.03806448,1.32455440,-0.06364800,-0.03253512
2015-04-21,9533.93750000,-0.00197525,1.00000000,1.00000000,-0.00197525,1.03601405,1.32193808,-0.06549753,-0.03444610
2015-04-22,9612.95605469,0.00828813,1.00000000,1.00000000,0.00828813,1.04460067,1.33289448,-0.05775225,-0.02644346
2015-04-23,9797.44531250,0.01919173,1.00000000,1.00000000,0.01919173,1.06464837,1.35847503,-0.03966888,-0.00775922
2015-04-24,9913.23535156,0.01181839,1.00000000,1.00000000,0.01181839,1.07723080,1.37453002,-0.02831931,0.00000000
2015-04-27,9973.07421875,0.00603626,1.00000000,1.00000000,0.00603626,1.08373324,1.38282704,-0.02245400,0.00000000
2015-04-28,9956.78417969,-0.00163340,1.00000000,1.00000000,-0.00163340,1.08196307,1.38056833,-0.02405072,-0.00163340
2015-04-29,9853.78515625,-0.01034461,1.00000000,1.00000000,-0.01034461,1.07077059,1.36628689,-0.03414653,-0.01196111
2015-04-30,9820.00488281,-0.00342815,1.00000000,1.00000000,-0.00342815,1.06709982,1.36160305,-0.03745763,-0.01534826
2015-05-04,9844.99511719,0.00254483,1.00000000,1.00000000,0.00254483,1.06981541,1.36506810,-0.03500812,-0.01284249
2015-05-05,9820.08496094,-0.00253024,1.00000000,1.00000000,-0.00253024,1.06710853,1.36161416,-0.03744978,-0.01534023
2015-05-06,9818.15527344,-0.00019650,1.00000000,1.00000000,-0.00019650,1.06689883,1.36134659,-0.03763892,-0.01553372
2015-05-07,9704.06542969,-0.01162029,1.00000000,1.00000000,-0.01162029,1.05450116,1.34552735,-0.04882184,-0.02697351
2015-05-08,9691.95507812,-0.00124797,1.00000000,1.00000000,-0.00124797,1.05318517,1.34384817,-0.05000888,-0.02818781
2015-05-11,9663.67578125,-0.00291781,1.00000000,1.00000000,-0.00291781,1.05011218,1.33992708,-0.05278077,-0.03102338
2015-05-12,9680.68652344,0.00176028,1.00000000,1.00000000,0.00176028,1.05196067,1.34228572,-0.05111341,-0.02931771
2015-05-13,9724.06542969,0.00448097,1.00000000,1.00000000,0.00448097,1.05667447,1.34830047,-0.04686147,-0.02496811
2015-05-14,9610.78613281,-0.01164938,1.00000000,1.00000000,-0.01164938,1.04436488,1.33259361,-0.05796494,-0.03632662
2015-05-15,9579.43652344,-0.00326192,1.00000000,1.00000000,-0.00326192,1.04095824,1.32824680,-0.06103778,-0.03947005
2015-05-18,9606.05566406,0.00277878,0.00000000,1.00000000,0.00277878,1.04385084,1.33193770,-0.05842861,-0.03680094
2015-05-19,9716.72460938,0.01152075,0.00000000,0.00000000,0.00000000,1.05587678,1.33193770,-0.04758101,-0.03680094
2015-05-20,9685.26464844,-0.00323771,0.00000000,0.00000000,-0.00000000,1.05245815,1.33193770,-0.05066466,-0.03680094
2015-05-21,9578.51562500,-0.01102180,0.00000000,0.00000000,-0.00000000,1.04085817,1.33193770,-0.06112805,-0.03680094
2015-05-22,9638.75585938,0.00628910,0.00000000,0.00000000,0.00000000,1.04740423,1.33193770,-0.05522339,-0.03680094
2015-05-25,9645.12597656,0.00066089,0.00000000,0.00000000,0.00000000,1.04809645,1.33193770,-0.05459900,-0.03680094
2015-05-26,9669.36621094,0.00251321,0.00000000,0.00000000,0.00000000,1.05073053,1.33193770,-0.05222301,-0.03680094
2015-05-27,9693.49511719,0.00249540,0.00000000,0.00000000,0.00000000,1.05335252,1.33193770,-0.04985793,-0.03680094
2015-05-28,9712.79492188,0.00199101,0.00000000,0.00000000,0.00000000,1.05544975,1.33193770,-0.04796619,-0.03680094
2015-05-29,9701.02539062,-0.00121176,0.00000000,0.00000000,-0.00000000,1.05417081,1.33193770,-0.04911982,-0.03680094
2015-06-01,9625.64648438,-0.00777020,0.00000000,0.00000000,-0.00000000,1.04597969,1.33193770,-0.05650835,-0.03680094
2015-06-02,9614.21582031,-0.00118752,0.00000000,0.00000000,-0.00000000,1.04473757,1.33193770,-0.05762877,-0.03680094
2015-06-03,9556.47656250,-0.00600561,0.00000000,0.00000000,-0.00000000,1.03846328,1.33193770,-0.06328828,-0.03680094
2015-06-04,9348.58789062,-0.02175369,0.00000000,0.00000000,-0.00000000,1.01587286,1.33193770,-0.08366522,-0.03680094
2015-06-05,9340.08789062,-0.00090923,0.00000000,0.00000000,-0.00000000,1.01494920,1.33193770,-0.08449838,-0.03680094
2015-06-08,9368.38769531,0.00302993,0.00000000,0.00000000,0.00000000,1.01802443,1.33193770,-0.08172448,-0.03680094
2015-06-09,9191.82812500,-0.01884631,0.00000000,0.00000000,-0.00000000,0.99883842,1.33193770,-0.09903058,-0.03680094
2015-06-10,9298.45800781,0.01160051,0.00000000,0.00000000,0.00000000,1.01042545,1.33193770,-0.08857888,-0.03680094
2015-06-11,9302.44824219,0.00042913,0.00000000,0.00000000,0.00000000,1.01085906,1.33193770,-0.08818776,-0.03680094
2015-06-12,9301.88769531,-0.00006026,0.00000000,0.00000000,-0.00000000,1.01079814,1.33193770,-0.08824271,-0.03680094
2015-06-15,9259.43847656,-0.00456351,0.00000000,0.00000000,-0.00000000,1.00618536,1.33193770,-0.09240352,-0.03680094
2015-06-16,9212.73828125,-0.00504352,0.00000000,0.00000000,-0.00000000,1.00111064,1.33193770,-0.09698100,-0.03680094
2015-06-17,9189.78808594,-0.00249114,0.00000000,0.00000000,-0.00000000,0.99861674,1.33193770,-0.09923055,-0.03680094
2015-06-18,9218.32812500,0.00310563,0.00000000,0.00000000,0.00000000,1.00171807,1.33193770,-0.09643309,-0.03680094
2015-06-22,9341.72753906,0.01338631,0.00000000,0.00000000,0.00000000,1.01512738,1.33193770,-0.08433766,-0.03680094
2015-06-23,9391.09765625,0.00528490,0.00000000,0.00000000,0.00000000,1.02049223,1.33193770,-0.07949848,-0.03680094
2015-06-24,9397.26757812,0.00065700,0.00000000,0.00000000,0.00000000,1.02116269,1.33193770,-0.07889371,-0.03680094
2015-06-25,9476.29687500,0.00840982,0.00000000,0.00000000,0.00000000,1.02975048,1.33193770,-0.07114738,-0.03680094
2015-06-26,9462.52734375,-0.00145305,0.00000000,0.00000000,-0.00000000,1.02825420,1.33193770,-0.07249705,-0.03680094
2015-06-29,9236.05761719,-0.02393332,0.00000000,0.00000000,-0.00000000,1.00364466,1.33193770,-0.09469527,-0.03680094
2015-06-30,9322.97753906,0.00941093,0.00000000,0.00000000,0.00000000,1.01308989,1.33193770,-0.08617551,-0.03680094
2015-07-01,9375.18847656,0.00560024,0.00000000,0.00000000,0.00000000,1.01876344,1.33193770,-0.08105787,-0.03680094
2015-07-02,9379.19824219,0.00042770,0.00000000,0.00000000,0.00000000,1.01919917,1.33193770,-0.08066484,-0.03680094
2015-07-03,9358.18847656,-0.00224004,0.00000000,0.00000000,-0.00000000,1.01691612,1.33193770,-0.08272419,-0.03680094
2015-07-06,9255.91796875,-0.01092845,0.00000000,0.00000000,-0.00000000,1.00580280,1.33193770,-0.09274859,-0.03680094
2015-07-07,9250.11816406,-0.00062661,0.00000000,0.00000000,-0.00000000,1.00517256,1.33193770,-0.09331708,-0.03680094
2015-07-08,8976.06933594,-0.02962652,0.00000000,0.00000000,-0.00000000,0.97539279,1.33193770,-0.12017894,-0.03680094
2015-07-09,8914.08886719,-0.00690508,0.00000000,0.00000000,-0.00000000,0.96865763,1.33193770,-0.12625418,-0.03680094
2015-07-13,9033.87890625,0.01343828,0.00000000,0.00000000,0.00000000,0.98167472,1.33193770,-0.11451253,-0.03680094
2015-07-14,9041.71875000,0.00086783,0.00000000,0.00000000,0.00000000,0.98252665,1.33193770,-0.11374408,-0.03680094
2015-07-15,9054.15917969,0.00137589,0.00000000,0.00000000,0.00000000,0.98387850,1.33193770,-0.11252469,-0.03680094
2015-07-16,9042.16894531,-0.00132428,0.00000000,0.00000000,-0.00000000,0.98257557,1.33193770,-0.11369996,-0.03680094
2015-07-17,9045.93945312,0.00041699,0.00000000,0.00000000,0.00000000,0.98298529,1.33193770,-0.11333038,-0.03680094
2015-07-20,8974.95898438,-0.00784667,0.00000000,0.00000000,-0.00000000,0.97527214,1.33193770,-0.12028778,-0.03680094
2015-07-21,9005.91894531,0.00344959,0.00000000,0.00000000,0.00000000,0.97863643,1.33193770,-0.11725313,-0.03680094
2015-07-22,8918.65917969,-0.00968916,0.00000000,0.00000000,-0.00000000,0.96915427,1.33193770,-0.12580620,-0.03680094
2015-07-23,8791.08007812,-0.01430474,0.00000000,0.00000000,-0.00000000,0.95529077,1.33193770,-0.13831132,-0.03680094
2015-07-24,8767.82031250,-0.00264584,0.00000000,0.00000000,-0.00000000,0.95276322,1.33193770,-0.14059120,-0.03680094
2015-07-27,8556.63964844,-0.02408588,0.00000000,0.00000000,-0.00000000,0.92981508,1.33193770,-0.16129082,-0.03680094
2015-07-28,8582.45019531,0.00301643,0.00000000,0.00000000,0.00000000,0.93261981,1.33193770,-0.15876091,-0.03680094
2015-07-29,8563.44042969,-0.00221496,0.00000000,0.00000000,-0.00000000,0.93055410,1.33193770,-0.16062422,-0.03680094
2015-07-30,8651.45019531,0.01027738,0.00000000,0.00000000,0.00000000,0.94011776,1.33193770,-0.15199763,-0.03680094
2015-07-31,8665.29980469,0.00160084,0.00000000,0.00000000,0.00000000,0.94162274,1.33193770,-0.15064011,-0.03680094
2015-08-03,8524.37011719,-0.01626368,0.00000000,0.00000000,-0.00000000,0.92630849,1.33193770,-0.16445383,-0.03680094
2015-08-04,8510.82031250,-0.00158954,0.00000000,0.00000000,-0.00000000,0.92483608,1.33193770,-0.16578196,-0.03680094
2015-08-05,8542.22949219,0.00369050,0.00000000,0.00000000,0.00000000,0.92824919,1.33193770,-0.16270328,-0.03680094
2015-08-06,8449.51953125,-0.01085313,0.00000000,0.00000000,-0.00000000,0.91817478,1.33193770,-0.17179058,-0.03680094
2015-08-07,8442.25000000,-0.00086035,0.00000000,0.00000000,-0.00000000,0.91738483,1.33193770,-0.17250312,-0.03680094
2015-08-10,8466.79980469,0.00290797,0.00000000,0.00000000,0.00000000,0.92005255,1.33193770,-0.17009679,-0.03680094
2015-08-11,8394.09960938,-0.00858650,0.00000000,0.00000000,-0.00000000,0.91215252,1.33193770,-0.17722275,-0.03680094
2015-08-12,8283.33984375,-0.01319495,0.00000000,0.00000000,-0.00000000,0.90011671,1.33193770,-0.18807926,-0.03680094
2015-08-13,8311.70019531,0.00342378,0.00000000,0.00000000,0.00000000,0.90319851,1.33193770,-0.18529942,-0.03680094
2015-08-14,8305.59960938,-0.00073398,0.00000000,0.00000000,-0.00000000,0.90253559,1.33193770,-0.18589739,-0.03680094
2015-08-17,8213.37988281,-0.01110332,0.00000000,0.00000000,-0.00000000,0.89251445,1.33193770,-0.19493663,-0.03680094
2015-08-18,8177.18261719,-0.00440711,0.00000000,0.00000000,-0.00000000,0.88858104,1.33193770,-0.19848464,-0.03680094
2015-08-19,8021.80224609,-0.01900170,0.00000000,0.00000000,-0.00000000,0.87169649,1.33193770,-0.21371479,-0.03680094
2015-08-20,8029.77246094,0.00099357,0.00000000,0.00000000,0.00000000,0.87256258,1.33193770,-0.21293356,-0.03680094
2015-08-21,7786.88427734,-0.03024845,0.00000000,0.00000000,-0.00000000,0.84616891,1.33193770,-0.23674110,-0.03680094
2015-08-24,7410.30566406,-0.04836063,0.00000000,0.00000000,-0.00000000,0.80524765,1.33193770,-0.27365278,-0.03680094
2015-08-25,7675.60498047,0.03580140,0.00000000,0.00000000,0.00000000,0.83407664,1.33193770,-0.24764854,-0.03680094
2015-08-26,7715.55468750,0.00520476,0.00000000,0.00000000,0.00000000,0.83841782,1.33193770,-0.24373273,-0.03680094
2015-08-27,7824.51367188,0.01412199,0.00000000,0.00000000,0.00000000,0.85025794,1.33193770,-0.23305273,-0.03680094
2015-08-28,8019.14257812,0.02487425,0.00000000,0.00000000,0.00000000,0.87140747,1.33193770,-0.21397549,-0.03680094
2015-08-31,8174.88232422,0.01942100,0.00000000,0.00000000,0.00000000,0.88833107,1.33193770,-0.19871011,-0.03680094
2015-09-01,8017.52246094,-0.01924919,0.00000000,0.00000000,-0.00000000,0.87123142,1.33193770,-0.21413429,-0.03680094
2015-09-02,8035.25244141,0.00221140,0.00000000,0.00000000,0.00000000,0.87315806,1.33193770,-0.21239642,-0.03680094
2015-09-03,8095.91259766,0.00754925,0.00000000,0.00000000,0.00000000,0.87974976,1.33193770,-0.20645060,-0.03680094
2015-09-04,8000.56250000,-0.01177756,0.00000000,0.00000000,-0.00000000,0.86938845,1.33193770,-0.21579668,-0.03680094
2015-09-07,7986.52246094,-0.00175488,0.00000000,0.00000000,-0.00000000,0.86786278,1.33193770,-0.21717286,-0.03680094
2015-09-08,8001.46240234,0.00187064,0.00000000,0.00000000,0.00000000,0.86948624,1.33193770,-0.21570847,-0.03680094
2015-09-09,8286.87988281,0.03567066,0.00000000,0.00000000,0.00000000,0.90050139,1.33193770,-0.18773227,-0.03680094
2015-09-10,8268.63964844,-0.00220110,0.00000000,0.00000000,-0.00000000,0.89851930,1.33193770,-0.18952015,-0.03680094
2015-09-11,8305.78027344,0.00449175,0.00000000,0.00000000,0.00000000,0.90255522,1.33193770,-0.18587969,-0.03680094
2015-09-14,8307.25000000,0.00017695,0.00000000,0.00000000,0.00000000,0.90271493,1.33193770,-0.18573562,-0.03680094
2015-09-15,8259.95019531,-0.00569380,0.00000000,0.00000000,-0.00000000,0.89757505,1.33193770,-0.19037188,-0.03680094
2015-09-16,8333.25000000,0.00887412,0.00000000,0.00000000,0.00000000,0.90554024,1.33193770,-0.18318714,-0.03680094
2015-09-17,8445.45996094,0.01346533,0.00000000,0.00000000,0.00000000,0.91773364,1.33193770,-0.17218849,-0.03680094
2015-09-18,8462.09960938,0.00197025,0.00000000,0.00000000,0.00000000,0.91954180,1.33193770,-0.17055749,-0.03680094
2015-09-21,8307.00000000,-0.01832874,0.00000000,0.00000000,-0.00000000,0.90268776,1.33193770,-0.18576013,-0.03680094
2015-09-22,8365.87988281,0.00708798,0.00000000,0.00000000,0.00000000,0.90908600,1.33193770,-0.17998881,-0.03680094
2015-09-23,8193.37988281,-0.02061947,0.00000000,0.00000000,-0.00000000,0.89034113,1.33193770,-0.19689701,-0.03680094
2015-09-24,8123.06250000,-0.00858222,0.00000000,0.00000000,-0.00000000,0.88270003,1.33193770,-0.20378941,-0.03680094
2015-09-25,8132.31250000,0.00113873,0.00000000,0.00000000,0.00000000,0.88370519,1.33193770,-0.20288274,-0.03680094
2015-09-30,8181.20263672,0.00601184,0.00000000,0.00000000,0.00000000,0.88901788,1.33193770,-0.19809060,-0.03680094
2015-10-01,8295.90039062,0.01401967,0.00000000,0.00000000,0.00000000,0.90148161,1.33193770,-0.18684810,-0.03680094
2015-10-02,8304.99023438,0.00109570,0.00000000,0.00000000,0.00000000,0.90246937,1.33193770,-0.18595712,-0.03680094
2015-10-05,8352.32031250,0.00569899,0.00000000,0.00000000,0.00000000,0.90761254,1.33193770,-0.18131790,-0.03680094
2015-10-06,8394.05957031,0.00499732,0.00000000,0.00000000,0.00000000,0.91214817,1.33193770,-0.17722668,-0.03680094
2015-10-07,8495.19042969,0.01204791,0.00000000,0.00000000,0.00000000,0.92313765,1.33193770,-0.16731398,-0.03680094
2015-10-08,8445.91992188,-0.00579981,0.00000000,0.00000000,-0.00000000,0.91778362,1.33193770,-0.17214340,-0.03680094
2015-10-12,8573.67968750,0.01512680,0.00000000,0.00000000,0.00000000,0.93166675,1.33193770,-0.15962058,-0.03680094
2015-10-13,8567.87988281,-0.00067647,0.00000000,0.00000000,-0.00000000,0.93103651,1.33193770,-0.16018907,-0.03680094
2015-10-14,8522.46972656,-0.00530005,0.00000000,0.00000000,-0.00000000,0.92610198,1.33193770,-0.16464010,-0.03680094
2015-10-15,8601.47949219,0.00927076,0.00000000,0.00000000,0.00000000,0.93468765,1.33193770,-0.15689568,-0.03680094
2015-10-16,8604.91015625,0.00039885,0.00000000,0.00000000,0.00000000,0.93506044,1.33193770,-0.15655942,-0.03680094
2015-10-19,8631.45996094,0.00308542,1.00000000,0.00000000,0.00000000,0.93794550,1.33193770,-0.15395704,-0.03680094
2015-10-20,8653.55957031,0.00256036,1.00000000,1.00000000,0.00256036,0.94034698,1.33534794,-0.15179087,-0.03433481
2015-10-21,8609.19042969,-0.00512727,1.00000000,1.00000000,-0.00512727,0.93552556,1.32850125,-0.15613987,-0.03928604
2015-10-22,8608.41992188,-0.00008950,1.00000000,1.00000000,-0.00008950,0.93544183,1.32838235,-0.15621539,-0.03937202
2015-10-23,8673.76953125,0.00759136,1.00000000,1.00000000,0.00759136,0.94254311,1.33846657,-0.14980992,-0.03207955
2015-10-26,8745.32031250,0.00824910,1.00000000,1.00000000,0.00824910,0.95031824,1.34950772,-0.14279662,-0.02409508
2015-10-27,8701.28027344,-0.00503584,1.00000000,1.00000000,-0.00503584,0.94553259,1.34271181,-0.14711336,-0.02900958
2015-10-28,8665.95019531,-0.00406033,1.00000000,1.00000000,-0.00406033,0.94169341,1.33725996,-0.15057636,-0.03295212
2015-10-29,8571.04003906,-0.01095208,1.00000000,1.00000000,-0.01095208,0.93137991,1.32261418,-0.15987931,-0.04354331
2015-10-30,8554.26953125,-0.00195665,1.00000000,1.00000000,-0.00195665,0.92955753,1.32002629,-0.16152314,-0.04541475
2015-11-02,8614.72949219,0.00706781,1.00000000,1.00000000,0.00706781,0.93612747,1.32935599,-0.15559694,-0.03866793
2015-11-03,8713.15039062,0.01142472,1.00000000,1.00000000,0.01142472,0.94682247,1.34454351,-0.14594987,-0.02768497
2015-11-04,8856.97949219,0.01650713,1.00000000,1.00000000,0.01650713,0.96245179,1.36673807,-0.13185195,-0.01163484
2015-11-05,8850.13964844,-0.00077225,1.00000000,1.00000000,-0.00077225,0.96170853,1.36568260,-0.13252238,-0.01239811
2015-11-06,8693.53027344,-0.01769570,1.00000000,1.00000000,-0.01769570,0.94469043,1.34151589,-0.14787300,-0.02987441
2015-11-09,8642.44042969,-0.00587677,1.00000000,1.00000000,-0.00587677,0.93913870,1.33363212,-0.15288075,-0.03557562
2015-11-10,8536.86035156,-0.01221647,1.00000000,1.00000000,-0.01221647,0.92766575,1.31733985,-0.16322956,-0.04735747
2015-11-11,8414.96972656,-0.01427816,1.00000000,1.00000000,-0.01427816,0.91442039,1.29853066,-0.17517710,-0.06095945
2015-11-12,8428.04980469,0.00155438,1.00000000,1.00000000,0.00155438,0.91584175,1.30054908,-0.17389501,-0.05949982
2015-11-13,8329.45996094,-0.01169782,1.00000000,1.00000000,-0.01169782,0.90512839,1.28533548,-0.18355864,-0.07050163
2015-11-16,8295.36035156,-0.00409386,1.00000000,1.00000000,-0.00409386,0.90142293,1.28007350,-0.18690103,-0.07430686
2015-11-17,8419.37988281,0.01495047,1.00000000,1.00000000,0.01495047,0.91489963,1.29921120,-0.17474482,-0.06046732
2015-11-18,8340.42968750,-0.00937720,1.00000000,1.00000000,-0.00937720,0.90632043,1.28702824,-0.18248340,-0.06927750
2015-11-19,8477.16015625,0.01639370,1.00000000,1.00000000,0.01639370,0.92117837,1.30812739,-0.16908128,-0.05401952
2015-11-20,8465.41015625,-0.00138608,1.00000000,1.00000000,-0.00138608,0.91990155,1.30631423,-0.17023300,-0.05533072
2015-11-23,8485.69042969,0.00239566,1.00000000,1.00000000,0.00239566,0.92210532,1.30944372,-0.16824516,-0.05306761
2015-11-24,8400.09960938,-0.01008649,1.00000000,1.00000000,-0.01008649,0.91280452,1.29623603,-0.17663464,-0.06261883
2015-11-25,8386.08984375,-0.00166781,1.00000000,1.00000000,-0.00166781,0.91128213,1.29407415,-0.17800786,-0.06418221
2015-11-26,8484.86035156,0.01177790,1.00000000,1.00000000,0.01177790,0.92201512,1.30931562,-0.16832652,-0.05316024
2015-11-27,8398.36035156,-0.01019463,1.00000000,1.00000000,-0.01019463,0.91261552,1.29596764,-0.17680512,-0.06281292
2015-11-30,8320.57031250,-0.00926253,1.00000000,1.00000000,-0.00926253,0.90416239,1.28396370,-0.18442999,-0.07149364
2015-12-01,8463.25976562,0.01714900,1.00000000,1.00000000,0.01714900,0.91966787,1.30598240,-0.17044378,-0.05557069
2015-12-02,8457.36035156,-0.00069706,1.00000000,1.00000000,-0.00069706,0.91902681,1.30507204,-0.17102203,-0.05622901
2015-12-03,8456.01953125,-0.00015854,1.00000000,1.00000000,-0.00015854,0.91888111,1.30486514,-0.17115345,-0.05637864
2015-12-04,8398.55957031,-0.00679515,1.00000000,1.00000000,-0.00679515,0.91263717,1.29599838,-0.17678560,-0.06279069
2015-12-07,8454.22949219,0.00662851,1.00000000,1.00000000,0.00662851,0.91868659,1.30458892,-0.17132891,-0.05657839
2015-12-08,8343.82031250,-0.01305964,1.00000000,1.00000000,-0.01305964,0.90668888,1.28755146,-0.18215106,-0.06889913
2015-12-09,8229.58007812,-0.01369160,1.00000000,1.00000000,-0.01369160,0.89427486,1.26992282,-0.19334872,-0.08164739
2015-12-10,8216.12988281,-0.00163437,1.00000000,1.00000000,-0.00163437,0.89281328,1.26784729,-0.19466708,-0.08314832
2015-12-11,8115.85253906,-0.01220494,1.00000000,1.00000000,-0.01220494,0.88191655,1.25237330,-0.20449612,-0.09433844
2015-12-14,8040.12255859,-0.00933112,1.00000000,1.00000000,-0.00933112,0.87368728,1.24068725,-0.21191906,-0.10278927
2015-12-15,8073.31250000,0.00412804,1.00000000,1.00000000,0.00412804,0.87729390,1.24580886,-0.20866583,-0.09908555
2015-12-16,8184.62255859,0.01378741,1.00000000,1.00000000,0.01378741,0.88938951,1.26298534,-0.19775539,-0.08666428
2015-12-17,8319.62988281,0.01649524,1.00000000,1.00000000,0.01649524,0.90406020,1.28381858,-0.18452217,-0.07159858
2015-12-18,8257.28027344,-0.00749428,1.00000000,1.00000000,-0.00749428,0.89728492,1.27419729,-0.19063358,-0.07855628
2015-12-21,8282.12988281,0.00300942,1.00000000,1.00000000,0.00300942,0.89998523,1.27803188,-0.18819786,-0.07578327
2015-12-22,8292.70019531,0.00127628,1.00000000,1.00000000,0.00127628,0.90113386,1.27966301,-0.18716178,-0.07460371
2015-12-23,8315.66015625,0.00276870,1.00000000,1.00000000,0.00276870,0.90362883,1.28320601,-0.18491127,-0.07204157
2015-12-24,8324.32031250,0.00104143,1.00000000,1.00000000,0.00104143,0.90456989,1.28454237,-0.18406242,-0.07107517
2015-12-25,8363.24023438,0.00467545,1.00000000,1.00000000,0.00467545,0.90879916,1.29054818,-0.18024754,-0.06673203
2015-12-28,8358.45019531,-0.00057275,1.00000000,1.00000000,-0.00057275,0.90827864,1.28980902,-0.18071706,-0.06726656
2015-12-29,8293.87011719,-0.00772632,1.00000000,1.00000000,-0.00772632,0.90126099,1.27984354,-0.18704710,-0.07447316
2015-12-30,8279.95019531,-0.00167834,1.00000000,1.00000000,-0.00167834,0.89974837,1.27769553,-0.18841151,-0.07602651
2015-12-31,8338.01953125,0.00701325,1.00000000,1.00000000,0.00701325,0.90605853,1.28665633,-0.18271964,-0.06954645
2016-01-04,8114.22216797,-0.02684059,1.00000000,1.00000000,-0.02684059,0.88173938,1.25212171,-0.20465593,-0.09452038
2016-01-05,8075.07226562,-0.00482485,1.00000000,1.00000000,-0.00482485,0.87748512,1.24608041,-0.20849334,-0.09888918
2016-01-06,7990.35253906,-0.01049151,1.00000000,1.00000000,-0.01049151,0.86827898,1.23300714,-0.21679745,-0.10834319
2016-01-07,7852.02343750,-0.01731201,1.00000000,1.00000000,-0.01731201,0.85324732,1.21166131,-0.23035626,-0.12377957
2016-01-08,7893.93310547,0.00533744,1.00000000,1.00000000,0.00533744,0.85780147,1.21812847,-0.22624834,-0.11910280
2016-01-11,7788.38427734,-0.01337088,0.00000000,1.00000000,-0.01337088,0.84633191,1.20184102,-0.23659408,-0.13088117
2016-01-12,7768.41455078,-0.00256404,0.00000000,0.00000000,-0.00000000,0.84416188,1.20184102,-0.23855148,-0.13088117
2016-01-13,7824.57373047,0.00722917,0.00000000,0.00000000,0.00000000,0.85026447,1.20184102,-0.23304684,-0.13088117
2016-01-14,7742.84423828,-0.01044523,0.00000000,0.00000000,-0.00000000,0.84138326,1.20184102,-0.24105784,-0.13088117
2016-01-15,7761.97412109,0.00247065,0.00000000,0.00000000,0.00000000,0.84346203,1.20184102,-0.23918276,-0.13088117
2016-01-18,7811.14453125,0.00633478,0.00000000,0.00000000,0.00000000,0.84880517,1.20184102,-0.23436315,-0.13088117
2016-01-19,7854.84326172,0.00559441,0.00000000,0.00000000,0.00000000,0.85355374,1.20184102,-0.23007986,-0.13088117
2016-01-20,7699.08496094,-0.01982959,0.00000000,0.00000000,-0.00000000,0.83662812,1.20184102,-0.24534706,-0.13088117
2016-01-21,7663.97460938,-0.00456033,0.00000000,0.00000000,-0.00000000,0.83281282,1.20184102,-0.24878853,-0.13088117
2016-01-22,7756.14453125,0.01202639,0.00000000,0.00000000,0.00000000,0.84282855,1.20184102,-0.23975417,-0.13088117
2016-01-25,7894.11279297,0.01778825,0.00000000,0.00000000,0.00000000,0.85782100,1.20184102,-0.22623072,-0.13088117
2016-01-26,7828.63378906,-0.00829466,0.00000000,0.00000000,-0.00000000,0.85070566,1.20184102,-0.23264888,-0.13088117
2016-01-27,7849.79394531,0.00270292,0.00000000,0.00000000,0.00000000,0.85300505,1.20184102,-0.23057479,-0.13088117
2016-01-28,7905.06298828,0.00704083,0.00000000,0.00000000,0.00000000,0.85901091,1.20184102,-0.22515740,-0.13088117
2016-01-29,8080.56250000,0.02220090,0.00000000,0.00000000,0.00000000,0.87808172,1.20184102,-0.20795520,-0.13088117
2016-02-01,8156.92236328,0.00944982,0.00000000,0.00000000,0.00000000,0.88637944,1.20184102,-0.20047052,-0.13088117
2016-02-02,8131.20263672,-0.00315312,0.00000000,0.00000000,-0.00000000,0.88358458,1.20184102,-0.20299153,-0.13088117
2016-02-03,8062.96533203,-0.00839203,0.00000000,0.00000000,-0.00000000,0.87616951,1.20184102,-0.20968005,-0.13088117
2016-02-15,8066.48437500,0.00043645,0.00000000,0.00000000,0.00000000,0.87655191,1.20184102,-0.20933512,-0.13088117
2016-02-16,8212.04296875,0.01804486,0.00000000,0.00000000,0.00000000,0.89236917,1.20184102,-0.19506768,-0.13088117
2016-02-17,8214.22265625,0.00026543,0.00000000,0.00000000,0.00000000,0.89260603,1.20184102,-0.19485403,-0.13088117
2016-02-18,8314.64257812,0.01222513,0.00000000,0.00000000,0.00000000,0.90351825,1.20184102,-0.18501102,-0.13088117
2016-02-19,8325.01269531,0.00124721,0.00000000,0.00000000,0.00000000,0.90464513,1.20184102,-0.18399455,-0.13088117
2016-02-22,8326.65234375,0.00019695,1.00000000,0.00000000,0.00000000,0.90482330,1.20184102,-0.18383384,-0.13088117
2016-02-23,8334.61230469,0.00095596,1.00000000,1.00000000,0.00095596,0.90568828,1.20298993,-0.18305361,-0.13005033
2016-02-24,8282.83300781,-0.00621256,1.00000000,1.00000000,-0.00621256,0.90006163,1.19551628,-0.18812894,-0.13545494
2016-02-25,8365.83300781,0.01002073,1.00000000,1.00000000,0.01002073,0.90908090,1.20749623,-0.17999340,-0.12679157
2016-02-26,8411.13281250,0.00541486,1.00000000,1.00000000,0.00541486,0.91400345,1.21403465,-0.17555318,-0.12206327
2016-03-01,8485.66308594,0.00886091,1.00000000,1.00000000,0.00886091,0.92210235,1.22479210,-0.16824784,-0.11428396
2016-03-02,8544.02246094,0.00687741,1.00000000,1.00000000,0.00687741,0.92844403,1.23321549,-0.16252754,-0.10819253
2016-03-03,8611.76269531,0.00792838,1.00000000,1.00000000,0.00792838,0.93580508,1.24299289,-0.15588774,-0.10112194
2016-03-04,8643.52246094,0.00368795,1.00000000,1.00000000,0.00368795,0.93925628,1.24757699,-0.15277469,-0.09780692
2016-03-07,8659.52246094,0.00185110,1.00000000,1.00000000,0.00185110,0.94099494,1.24988637,-0.15120640,-0.09613687
2016-03-08,8664.28222656,0.00054966,1.00000000,1.00000000,0.00054966,0.94151216,1.25057338,-0.15073985,-0.09564006
2016-03-09,8634.08300781,-0.00348548,1.00000000,1.00000000,-0.00348548,0.93823054,1.24621453,-0.15369994,-0.09879219
2016-03-10,8660.67285156,0.00307964,1.00000000,1.00000000,0.00307964,0.94111995,1.25005242,-0.15109364,-0.09601680
2016-03-11,8706.11230469,0.00524664,1.00000000,1.00000000,0.00524664,0.94605767,1.25661100,-0.14663973,-0.09127392
2016-03-14,8747.87304688,0.00479672,1.00000000,1.00000000,0.00479672,0.95059564,1.26263860,-0.14254640,-0.08691502
2016-03-15,8611.15234375,-0.01562902,1.00000000,1.00000000,-0.01562902,0.93573876,1.24290479,-0.15594757,-0.10118565
2016-03-16,8699.11230469,0.01021466,1.00000000,1.00000000,0.01021466,0.94529700,1.25560064,-0.14732586,-0.09200457
2016-03-17,8734.51269531,0.00406943,1.00000000,1.00000000,0.00406943,0.94914382,1.26071021,-0.14385597,-0.08830955
2016-03-18,8810.68261719,0.00872057,1.00000000,1.00000000,0.00872057,0.95742090,1.27170432,-0.13638990,-0.08035909
2016-03-21,8812.67285156,0.00022589,1.00000000,1.00000000,0.00022589,0.95763717,1.27199159,-0.13619482,-0.08015135
2016-03-22,8785.65234375,-0.00306610,1.00000000,1.00000000,-0.00306610,0.95470096,1.26809154,-0.13884333,-0.08297170
2016-03-23,8766.06250000,-0.00222975,1.00000000,1.00000000,-0.00222975,0.95257221,1.26526401,-0.14076350,-0.08501644
2016-03-24,8743.35253906,-0.00259067,1.00000000,1.00000000,-0.00259067,0.95010441,1.26198613,-0.14298950,-0.08738686
2016-03-25,8704.94238281,-0.00439307,1.00000000,1.00000000,-0.00439307,0.94593054,1.25644213,-0.14675440,-0.09139604
2016-03-28,8690.42285156,-0.00166796,1.00000000,1.00000000,-0.00166796,0.94435276,1.25434643,-0.14817759,-0.09291155
2016-03-29,8617.32226562,-0.00841163,1.00000000,1.00000000,-0.00841163,0.93640922,1.24379534,-0.15534280,-0.10054164
2016-03-30,8737.01269531,0.01388952,1.00000000,1.00000000,0.01388952,0.94941549,1.26107105,-0.14361092,-0.08804860
2016-03-31,8744.80273438,0.00089161,1.00000000,1.00000000,0.00089161,0.95026200,1.26219544,-0.14284735,-0.08723549
2016-04-01,8657.52246094,-0.00998082,1.00000000,1.00000000,-0.00998082,0.94077761,1.24959770,-0.15140244,-0.09634563
2016-04-06,8513.27246094,-0.01666181,1.00000000,1.00000000,-0.01666181,0.92510255,1.22877714,-0.16554161,-0.11140215
2016-04-07,8490.22265625,-0.00270751,1.00000000,1.00000000,-0.00270751,0.92259782,1.22545021,-0.16780092,-0.11380804
2016-04-08,8541.47265625,0.00603636,1.00000000,1.00000000,0.00603636,0.92816695,1.23284746,-0.16277747,-0.10845867
2016-04-11,8562.56250000,0.00246911,1.00000000,1.00000000,0.00246911,0.93045870,1.23589150,-0.16071027,-0.10625735
2016-04-12,8531.15234375,-0.00366831,1.00000000,1.00000000,-0.00366831,0.92704548,1.23135786,-0.16378905,-0.10953588
2016-04-13,8652.05273438,0.01417164,1.00000000,1.00000000,0.01417164,0.94018323,1.24880822,-0.15193857,-0.09691655
2016-04-14,8667.68261719,0.00180649,1.00000000,1.00000000,0.00180649,0.94188167,1.25106418,-0.15040655,-0.09528513
2016-04-15,8700.36230469,0.00377029,1.00000000,1.00000000,0.00377029,0.94543284,1.25578106,-0.14720334,-0.09187409
2016-04-18,8665.98242188,-0.00395155,1.00000000,1.00000000,-0.00395155,0.94169692,1.25081878,-0.15057320,-0.09546260
2016-04-19,8633.69238281,-0.00372607,1.00000000,1.00000000,-0.00372607,0.93818809,1.24615815,-0.15373822,-0.09883296
2016-04-20,8514.45312500,-0.01381092,1.00000000,1.00000000,-0.01381092,0.92523085,1.22894755,-0.16542588,-0.11127891
2016-04-21,8568.62304688,0.00636211,1.00000000,1.00000000,0.00636211,0.93111727,1.23676626,-0.16011622,-0.10562477
2016-04-22,8535.72265625,-0.00383964,1.00000000,1.00000000,-0.00383964,0.92754212,1.23201753,-0.16334107,-0.10905884
2016-04-25,8560.25292969,0.00287384,1.00000000,1.00000000,0.00287384,0.93020772,1.23555814,-0.16093665,-0.10649842
2016-04-26,8581.54296875,0.00248708,1.00000000,1.00000000,0.00248708,0.93252123,1.23863108,-0.15884983,-0.10427621
2016-04-27,8563.02246094,-0.00215818,1.00000000,1.00000000,-0.00215818,0.93050868,1.23595789,-0.16066519,-0.10620934
2016-04-28,8473.84277344,-0.01041451,1.00000000,1.00000000,-0.01041451,0.92081789,1.22308599,-0.16940645,-0.11551774
2016-04-29,8377.87304688,-0.01132541,1.00000000,1.00000000,-0.01132541,0.91038925,1.20923404,-0.17881326,-0.12553486
2016-05-03,8294.09277344,-0.01000018,1.00000000,1.00000000,-0.01000018,0.90128519,1.19714148,-0.18702528,-0.13427967
2016-05-04,8185.44482422,-0.01309944,1.00000000,1.00000000,-0.01309944,0.88947886,1.18145960,-0.19767479,-0.14562012
2016-05-05,8167.93457031,-0.00213919,1.00000000,1.00000000,-0.00213919,0.88757609,1.17893223,-0.19939112,-0.14744781
2016-05-06,8146.40478516,-0.00263589,1.00000000,1.00000000,-0.00263589,0.88523654,1.17582469,-0.20150144,-0.14969504
2016-05-09,8131.80468750,-0.00179221,1.00000000,1.00000000,-0.00179221,0.88365000,1.17371736,-0.20293252,-0.15121897
2016-05-10,8156.26464844,0.00300794,1.00000000,1.00000000,0.00300794,0.88630797,1.17724783,-0.20053499,-0.14866589
2016-05-11,8135.53466797,-0.00254160,1.00000000,1.00000000,-0.00254160,0.88405532,1.17425574,-0.20256691,-0.15082964
2016-05-12,8108.02441406,-0.00338149,1.00000000,1.00000000,-0.00338149,0.88106590,1.17028500,-0.20526342,-0.15370110
2016-05-13,8053.66455078,-0.00670445,1.00000000,1.00000000,-0.00670445,0.87515883,1.16243888,-0.21059170,-0.15937507
2016-05-16,8067.57470703,0.00172718,0.00000000,1.00000000,0.00172718,0.87667039,1.16444662,-0.20922824,-0.15792316
2016-05-17,8140.45458984,0.00903368,0.00000000,0.00000000,0.00000000,0.88458995,1.16444662,-0.20208466,-0.15792316
2016-05-18,8159.65478516,0.00235861,0.00000000,0.00000000,0.00000000,0.88667636,1.16444662,-0.20020269,-0.15792316
2016-05-19,8095.95458984,-0.00780673,0.00000000,0.00000000,-0.00000000,0.87975432,1.16444662,-0.20644649,-0.15792316
2016-05-20,8131.23437500,0.00435771,0.00000000,0.00000000,0.00000000,0.88358803,1.16444662,-0.20298842,-0.15792316
2016-05-23,8344.41308594,0.02621726,0.00000000,0.00000000,0.00000000,0.90675329,1.16444662,-0.18209295,-0.15792316
2016-05-24,8300.63281250,-0.00524666,0.00000000,0.00000000,-0.00000000,0.90199587,1.16444662,-0.18638423,-0.15792316
2016-05-25,8396.17285156,0.01150997,0.00000000,0.00000000,0.00000000,0.91237781,1.16444662,-0.17701954,-0.15792316
2016-05-26,8394.09277344,-0.00024774,0.00000000,0.00000000,-0.00000000,0.91215178,1.16444662,-0.17722342,-0.15792316
2016-05-27,8463.58300781,0.00827847,0.00000000,0.00000000,0.00000000,0.91970300,1.16444662,-0.17041209,-0.15792316
2016-05-30,8535.84277344,0.00853773,0.00000000,0.00000000,0.00000000,0.92755517,1.16444662,-0.16332930,-0.15792316
2016-05-31,8535.56250000,-0.00003283,0.00000000,0.00000000,-0.00000000,0.92752472,1.16444662,-0.16335677,-0.15792316
2016-06-01,8597.13281250,0.00721339,0.00000000,0.00000000,0.00000000,0.93421531,1.16444662,-0.15732174,-0.15792316
2016-06-02,8555.99218750,-0.00478539,0.00000000,0.00000000,-0.00000000,0.92974473,1.16444662,-0.16135428,-0.15792316
2016-06-03,8587.33300781,0.00366303,0.00000000,0.00000000,0.00000000,0.93315041,1.16444662,-0.15828230,-0.15792316
2016-06-06,8597.08300781,0.00113539,1.00000000,0.00000000,0.00000000,0.93420990,1.16444662,-0.15732662,-0.15792316
2016-06-07,8679.87304688,0.00963002,1.00000000,1.00000000,0.00963002,0.94320635,1.17566026,-0.14921166,-0.14981395
2016-06-08,8715.45312500,0.00409915,1.00000000,1.00000000,0.00409915,0.94707270,1.18047947,-0.14572416,-0.14632891
2016-06-13,8536.19921875,-0.02056737,1.00000000,1.00000000,-0.02056737,0.92759391,1.15620012,-0.16329436,-0.16388668
2016-06-14,8576.09960938,0.00467426,1.00000000,1.00000000,0.00467426,0.93192972,1.16160449,-0.15938338,-0.15997847
2016-06-15,8606.34960938,0.00352724,1.00000000,1.00000000,0.00352724,0.93521686,1.16570176,-0.15641832,-0.15701551
2016-06-16,8494.11914062,-0.01304043,1.00000000,1.00000000,-0.01304043,0.92302124,1.15050051,-0.16741899,-0.16800838
2016-06-17,8568.05957031,0.00870490,1.00000000,1.00000000,0.00870490,0.93105604,1.16051550,-0.16017146,-0.16076598
2016-06-20,8625.89941406,0.00675064,1.00000000,1.00000000,0.00675064,0.93734126,1.16834971,-0.15450208,-0.15510062
2016-06-21,8684.82910156,0.00683172,1.00000000,1.00000000,0.00683172,0.94374491,1.17633154,-0.14872588,-0.14932851
2016-06-22,8716.22949219,0.00361555,1.00000000,1.00000000,0.00361555,0.94715706,1.18058462,-0.14564806,-0.14625287
2016-06-23,8676.65917969,-0.00453984,1.00000000,1.00000000,-0.00453984,0.94285712,1.17522496,-0.14952668,-0.15012874
2016-06-24,8476.96972656,-0.02301456,1.00000000,1.00000000,-0.02301456,0.92115768,1.14817768,-0.16909995,-0.16968815
2016-06-27,8458.84960938,-0.00213757,1.00000000,1.00000000,-0.00213757,0.91918864,1.14572337,-0.17087605,-0.17146300
2016-06-28,8505.48925781,0.00551371,1.00000000,1.00000000,0.00551371,0.92425678,1.15204055,-0.16630451,-0.16689469
2016-06-29,8586.53906250,0.00952912,1.00000000,1.00000000,0.00952912,0.93306413,1.16301848,-0.15836012,-0.15895593
2016-06-30,8666.55957031,0.00931930,1.00000000,1.00000000,0.00931930,0.94175963,1.17385700,-0.15051663,-0.15111799
2016-07-01,8738.21972656,0.00826858,1.00000000,1.00000000,0.00826858,0.94954665,1.18356313,-0.14349261,-0.14409894
2016-07-04,8760.55957031,0.00255657,1.00000000,1.00000000,0.00255657,0.95197423,1.18658899,-0.14130289,-0.14191077
2016-07-05,8716.04980469,-0.00508070,1.00000000,1.00000000,-0.00508070,0.94713753,1.18056029,-0.14566567,-0.14627047
2016-07-06,8575.72949219,-0.01609907,1.00000000,1.00000000,-0.01609907,0.93188950,1.16155436,-0.15941966,-0.16001472
2016-07-07,8640.88964844,0.00759821,1.00000000,1.00000000,0.00759821,0.93897019,1.17038009,-0.15303276,-0.15363234
2016-07-08,8640.88964844,0.00000000,1.00000000,1.00000000,0.00000000,0.93897019,1.17038009,-0.15303276,-0.15363234
2016-07-11,8786.44921875,0.01684544,1.00000000,1.00000000,0.01684544,0.95478755,1.19009566,-0.13876523,-0.13937490
2016-07-12,8841.43945312,0.00625853,1.00000000,1.00000000,0.00625853,0.96076311,1.19754390,-0.13337516,-0.13398866
2016-07-13,8857.72949219,0.00184246,1.00000000,1.00000000,0.00184246,0.96253329,1.19975033,-0.13177844,-0.13239306
2016-07-14,8866.33984375,0.00097207,1.00000000,1.00000000,0.00097207,0.96346894,1.20091658,-0.13093446,-0.13154969
2016-07-15,8949.82812500,0.00941632,1.00000000,1.00000000,0.00941632,0.97254127,1.21222479,-0.12275107,-0.12337208
2016-07-18,9008.18847656,0.00652083,1.00000000,1.00000000,0.00652083,0.97888305,1.22012951,-0.11703067,-0.11765574
2016-07-19,9034.84863281,0.00295955,1.00000000,1.00000000,0.00295955,0.98178010,1.22374054,-0.11441748,-0.11504440
2016-07-20,9007.65820312,-0.00300951,1.00000000,1.00000000,-0.00300951,0.97882543,1.22005769,-0.11708265,-0.11770768
2016-07-21,9056.53808594,0.00542648,1.00000000,1.00000000,0.00542648,0.98413700,1.22667830,-0.11229151,-0.11291993
2016-07-22,9013.11816406,-0.00479432,1.00000000,1.00000000,-0.00479432,0.97941874,1.22079722,-0.11654747,-0.11717288
2016-07-25,8991.64843750,-0.00238205,1.00000000,1.00000000,-0.00238205,0.97708571,1.21788922,-0.11865190,-0.11927582
2016-07-26,9024.76855469,0.00368343,1.00000000,1.00000000,0.00368343,0.98068474,1.22237523,-0.11540552,-0.11603173
2016-07-27,9063.36816406,0.00427707,1.00000000,1.00000000,0.00427707,0.98487920,1.22760342,-0.11162204,-0.11225093
2016-07-28,9076.61816406,0.00146193,1.00000000,1.00000000,0.00146193,0.98631902,1.22939809,-0.11032329,-0.11095311
2016-07-29,8984.38867188,-0.01016122,1.00000000,1.00000000,-0.01016122,0.97629682,1.21690590,-0.11936349,-0.11998691
2016-08-01,9080.68847656,0.01071857,1.00000000,1.00000000,0.01071857,0.98676133,1.22994940,-0.10992433,-0.11055442
2016-08-02,9068.73828125,-0.00131600,1.00000000,1.00000000,-0.00131600,0.98546275,1.22833078,-0.11109567,-0.11172494
2016-08-03,9001.68847656,-0.00739351,1.00000000,1.00000000,-0.00739351,0.97817672,1.21924911,-0.11766779,-0.11829241
2016-08-04,9024.68847656,0.00255508,1.00000000,1.00000000,0.00255508,0.98067604,1.22236438,-0.11541336,-0.11603958
2016-08-05,9092.09863281,0.00746953,1.00000000,1.00000000,0.00746953,0.98800122,1.23149486,-0.10880592,-0.10943681
2016-08-08,9150.23828125,0.00639452,1.00000000,1.00000000,0.00639452,0.99431902,1.23936969,-0.10310716,-0.10374208
2016-08-09,9155.05859375,0.00052680,1.00000000,1.00000000,0.00052680,0.99484283,1.24002258,-0.10263468,-0.10326994
2016-08-10,9200.39843750,0.00495244,1.00000000,1.00000000,0.00495244,0.99976972,1.24616372,-0.09819053,-0.09882894
2016-08-11,9131.80859375,-0.00745509,1.00000000,1.00000000,-0.00745509,0.99231634,1.23687345,-0.10491361,-0.10554725
2016-08-12,9150.36816406,0.00203241,1.00000000,1.00000000,0.00203241,0.99433314,1.23938728,-0.10309443,-0.10372936
2016-08-15,9148.48828125,-0.00020544,1.00000000,1.00000000,-0.00020544,0.99412886,1.23913266,-0.10327869,-0.10391349
2016-08-16,9110.33886719,-0.00417002,1.00000000,1.00000000,-0.00417002,0.98998332,1.23396544,-0.10701804,-0.10765019
2016-08-17,9117.67871094,0.00080566,1.00000000,1.00000000,0.00080566,0.99078091,1.23495960,-0.10629860,-0.10693126
2016-08-18,9122.47851562,0.00052643,1.00000000,1.00000000,0.00052643,0.99130248,1.23560972,-0.10582813,-0.10646113
2016-08-19,9034.24804688,-0.00967177,1.00000000,1.00000000,-0.00967177,0.98171484,1.22365919,-0.11447635,-0.11510322
2016-08-22,8981.78808594,-0.00580679,1.00000000,1.00000000,-0.00580679,0.97601423,1.21655366,-0.11961840,-0.12024163
2016-08-23,9030.90820312,0.00546886,1.00000000,1.00000000,0.00546886,0.98135191,1.22320682,-0.11480372,-0.11543036
2016-08-24,9017.35839844,-0.00150038,1.00000000,1.00000000,-0.00150038,0.97987951,1.22137154,-0.11613185,-0.11675755
2016-08-25,9115.44824219,0.01087789,1.00000000,1.00000000,0.01087789,0.99053853,1.23465749,-0.10651723,-0.10714973
2016-08-26,9131.69824219,0.00178269,1.00000000,1.00000000,0.00178269,0.99230435,1.23685850,-0.10492443,-0.10555806
2016-08-29,9110.14843750,-0.00235989,1.00000000,1.00000000,-0.00235989,0.98996262,1.23393965,-0.10703671,-0.10766885
2016-08-30,9110.53808594,0.00004277,1.00000000,1.00000000,0.00004277,0.99000496,1.23399243,-0.10699851,-0.10763068
2016-08-31,9068.82910156,-0.00457810,1.00000000,1.00000000,-0.00457810,0.98547262,1.22834308,-0.11108677,-0.11171604
2016-09-01,9001.12988281,-0.00746505,1.00000000,1.00000000,-0.00746505,0.97811602,1.21917345,-0.11772254,-0.11834712
2016-09-02,8987.52929688,-0.00151099,1.00000000,1.00000000,-0.00151099,0.97663810,1.21733129,-0.11905565,-0.11967928
2016-09-05,9090.10937500,0.01141360,1.00000000,1.00000000,0.01141360,0.98778506,1.23122543,-0.10900091,-0.10963166
2016-09-06,9181.82910156,0.01009006,1.00000000,1.00000000,0.01009006,0.99775187,1.24364856,-0.10001067,-0.10064779
2016-09-07,9259.04980469,0.00841017,1.00000000,1.00000000,0.00841017,1.00614313,1.25410785,-0.09244161,-0.09308409
2016-09-08,9262.86914062,0.00041250,1.00000000,1.00000000,0.00041250,1.00655816,1.25462517,-0.09206725,-0.09270999
2016-09-09,9164.85937500,-0.01058093,1.00000000,1.00000000,-0.01058093,0.99590784,1.24135007,-0.10167402,-0.10230996
2016-09-12,8947.03906250,-0.02376690,1.00000000,1.00000000,-0.02376690,0.97223819,1.21184702,-0.12302445,-0.12364527
2016-09-13,8940.80957031,-0.00069626,1.00000000,1.00000000,-0.00069626,0.97156126,1.21100326,-0.12363505,-0.12425544
2016-09-14,8902.27929688,-0.00430948,1.00000000,1.00000000,-0.00430948,0.96737433,1.20578446,-0.12741173,-0.12802945
2016-09-19,9152.85937500,0.02814786,1.00000000,1.00000000,0.02814786,0.99460385,1.23972471,-0.10285024,-0.10348535
2016-09-20,9161.55957031,0.00095054,1.00000000,1.00000000,0.00095054,0.99554926,1.24090312,-0.10199746,-0.10263317
2016-09-21,9228.47949219,0.00730442,1.00000000,1.00000000,0.00730442,1.00282118,1.24996720,-0.09543807,-0.09607842
2016-09-22,9235.23925781,0.00073249,1.00000000,1.00000000,0.00073249,1.00355573,1.25088279,-0.09477549,-0.09541631
2016-09-23,9284.59960938,0.00534478,1.00000000,1.00000000,0.00534478,1.00891952,1.25756849,-0.08993726,-0.09058150
2016-09-26,9194.49902344,-0.00970430,1.00000000,1.00000000,-0.00970430,0.99912866,1.24536466,-0.09876879,-0.09940678
2016-09-29,9270.87988281,0.00830723,1.00000000,1.00000000,0.00830723,1.00742865,1.25571020,-0.09128205,-0.09192534
2016-09-30,9166.82910156,-0.01122340,1.00000000,1.00000000,-0.01122340,0.99612188,1.24161686,-0.10148095,-0.10211702
2016-10-03,9234.17968750,0.00734721,1.00000000,1.00000000,0.00734721,1.00344059,1.25073928,-0.09487935,-0.09552009
2016-10-04,9287.74902344,0.00580120,1.00000000,1.00000000,0.00580120,1.00926175,1.25799507,-0.08962856,-0.09027302
2016-10-05,9272.25976562,-0.00166771,1.00000000,1.00000000,-0.00166771,1.00757860,1.25589710,-0.09114679,-0.09179018
2016-10-06,9284.28906250,0.00129734,1.00000000,1.00000000,0.00129734,1.00888577,1.25752643,-0.08996770,-0.09061192
2016-10-07,9265.78906250,-0.00199261,1.00000000,1.00000000,-0.00199261,1.00687545,1.25502066,-0.09178104,-0.09242398
2016-10-11,9219.79980469,-0.00496334,1.00000000,1.00000000,-0.00496334,1.00187799,1.24879157,-0.09628884,-0.09692859
2016-10-12,9252.57910156,0.00355532,1.00000000,1.00000000,0.00355532,1.00543998,1.25323142,-0.09307586,-0.09371789
2016-10-13,9219.14941406,-0.00361301,1.00000000,1.00000000,-0.00361301,1.00180731,1.24870347,-0.09635259,-0.09699229
2016-10-14,9165.14941406,-0.00585737,1.00000000,1.00000000,-0.00585737,0.99593935,1.24138935,-0.10164559,-0.10228155
2016-10-17,9176.19921875,0.00120563,1.00000000,1.00000000,0.00120563,0.99714009,1.24288601,-0.10056251,-0.10119923
2016-10-18,9222.55957031,0.00505224,1.00000000,1.00000000,0.00505224,1.00217788,1.24916537,-0.09601833,-0.09665827
2016-10-19,9283.96972656,0.00665869,1.00000000,1.00000000,0.00665869,1.00885107,1.25748317,-0.08999900,-0.09064320
2016-10-20,9317.21972656,0.00358144,1.00000000,1.00000000,0.00358144,1.01246421,1.26198678,-0.08673988,-0.08738639
2016-10-21,9306.54980469,-0.00114518,1.00000000,1.00000000,-0.00114518,1.01130476,1.26054157,-0.08778573,-0.08843150
2016-10-24,9322.47949219,0.00171166,1.00000000,1.00000000,0.00171166,1.01303577,1.26269919,-0.08622433,-0.08687120
2016-10-25,9385.62988281,0.00677399,1.00000000,1.00000000,0.00677399,1.01989807,1.27125271,-0.08003442,-0.08068568
2016-10-26,9362.22949219,-0.00249321,1.00000000,1.00000000,-0.00249321,1.01735524,1.26808320,-0.08232809,-0.08297773
2016-10-27,9299.52929688,-0.00669714,1.00000000,1.00000000,-0.00669714,1.01054187,1.25959067,-0.08847387,-0.08911916
2016-10-28,9306.89941406,0.00079253,1.00000000,1.00000000,0.00079253,1.01134275,1.26058892,-0.08775147,-0.08839726
2016-10-31,9290.09960938,-0.00180509,1.00000000,1.00000000,-0.00180509,1.00951718,1.25831344,-0.08939816,-0.09004278
2016-11-01,9272.67968750,-0.00187511,1.00000000,1.00000000,-0.00187511,1.00762423,1.25595397,-0.09110563,-0.09174905
2016-11-02,9139.01953125,-0.01441440,1.00000000,1.00000000,-0.01441440,0.99309993,1.23785015,-0.10420680,-0.10484095
2016-11-03,9067.24902344,-0.00785320,1.00000000,1.00000000,-0.00785320,0.98530092,1.22812907,-0.11124164,-0.11187081
2016-11-04,9068.12988281,0.00009715,1.00000000,1.00000000,0.00009715,0.98539664,1.22824838,-0.11115530,-0.11178453
2016-11-07,9189.81933594,0.01341947,0.00000000,1.00000000,0.01341947,0.99862013,1.24473081,-0.09922748,-0.09986515
2016-11-08,9217.40917969,0.00300222,0.00000000,0.00000000,0.00000000,1.00161821,1.24473081,-0.09652317,-0.09986515
2016-11-09,8943.17968750,-0.02975126,0.00000000,0.00000000,-0.00000000,0.97181881,1.24473081,-0.12340274,-0.09986515
2016-11-10,9152.15917969,0.02336747,0.00000000,0.00000000,0.00000000,0.99452776,1.24473081,-0.10291887,-0.09986515
2016-11-11,8957.73925781,-0.02124307,0.00000000,0.00000000,-0.00000000,0.97340094,1.24473081,-0.12197563,-0.09986515
2016-11-14,8940.37988281,-0.00193792,0.00000000,0.00000000,-0.00000000,0.97151457,1.24473081,-0.12367717,-0.09986515
2016-11-15,8931.00976562,-0.00104807,0.00000000,0.00000000,-0.00000000,0.97049635,1.24473081,-0.12459561,-0.09986515
2016-11-16,8962.19921875,0.00349227,0.00000000,0.00000000,0.00000000,0.97388559,1.24473081,-0.12153847,-0.09986515
2016-11-17,8995.23925781,0.00368660,0.00000000,0.00000000,0.00000000,0.97747591,1.24473081,-0.11829993,-0.09986515
2016-11-18,9008.76953125,0.00150416,0.00000000,0.00000000,0.00000000,0.97894619,1.24473081,-0.11697372,-0.09986515
2016-11-21,9041.08984375,0.00358765,0.00000000,0.00000000,0.00000000,0.98245831,1.24473081,-0.11380573,-0.09986515
2016-11-22,9133.36914062,0.01020666,0.00000000,0.00000000,0.00000000,0.99248592,1.24473081,-0.10476065,-0.09986515
2016-11-23,9178.20996094,0.00490956,0.00000000,0.00000000,0.00000000,0.99735859,1.24473081,-0.10036542,-0.09986515
2016-11-24,9152.08984375,-0.00284588,0.00000000,0.00000000,-0.00000000,0.99452022,1.24473081,-0.10292567,-0.09986515
2016-11-25,9159.04980469,0.00076048,0.00000000,0.00000000,0.00000000,0.99527653,1.24473081,-0.10224347,-0.09986515
2016-11-28,9222.21972656,0.00689700,0.00000000,0.00000000,0.00000000,1.00214095,1.24473081,-0.09605164,-0.09986515
2016-11-29,9192.36523438,-0.00323723,0.00000000,0.00000000,-0.00000000,0.99889679,1.24473081,-0.09897794,-0.09986515
2016-11-30,9240.69531250,0.00525763,0.00000000,0.00000000,0.00000000,1.00414862,1.24473081,-0.09424069,-0.09986515
2016-12-01,9263.51562500,0.00246954,0.00000000,0.00000000,0.00000000,1.00662841,1.24473081,-0.09200388,-0.09986515
2016-12-02,9189.47558594,-0.00799265,0.00000000,0.00000000,-0.00000000,0.99858278,1.24473081,-0.09926118,-0.09986515
2016-12-05,9160.64550781,-0.00313729,0.00000000,0.00000000,-0.00000000,0.99544993,1.24473081,-0.10208706,-0.09986515
2016-12-06,9250.75488281,0.00983657,0.00000000,0.00000000,0.00000000,1.00524175,1.24473081,-0.09325467,-0.09986515
2016-12-07,9263.87792969,0.00141859,0.00000000,0.00000000,0.00000000,1.00666778,1.24473081,-0.09196837,-0.09986515
2016-12-08,9375.84863281,0.01208681,0.00000000,0.00000000,0.00000000,1.01883518,1.24473081,-0.08099317,-0.09986515
2016-12-09,9392.66796875,0.00179390,0.00000000,0.00000000,0.00000000,1.02066287,1.24473081,-0.07934456,-0.09986515
2016-12-12,9349.92871094,-0.00455028,0.00000000,0.00000000,-0.00000000,1.01601857,1.24473081,-0.08353380,-0.09986515
2016-12-13,9382.12792969,0.00344379,0.00000000,0.00000000,0.00000000,1.01951752,1.24473081,-0.08037768,-0.09986515
2016-12-14,9368.50781250,-0.00145171,0.00000000,0.00000000,-0.00000000,1.01803748,1.24473081,-0.08171270,-0.09986515
2016-12-15,9360.33789062,-0.00087206,0.00000000,0.00000000,-0.00000000,1.01714969,1.24473081,-0.08251351,-0.09986515
2016-12-16,9326.76855469,-0.00358634,0.00000000,0.00000000,-0.00000000,1.01350185,1.24473081,-0.08580392,-0.09986515
2016-12-19,9239.30859375,-0.00937731,0.00000000,0.00000000,-0.00000000,1.00399793,1.24473081,-0.09437662,-0.09986515
2016-12-20,9242.39843750,0.00033442,0.00000000,0.00000000,0.00000000,1.00433369,1.24473081,-0.09407376,-0.09986515
2016-12-21,9204.24804688,-0.00412776,0.00000000,0.00000000,-0.00000000,1.00018804,1.24473081,-0.09781320,-0.09986515
2016-12-22,9118.73828125,-0.00929025,0.00000000,0.00000000,-0.00000000,0.99089605,1.24473081,-0.10619474,-0.09986515
2016-12-23,9078.62792969,-0.00439867,0.00000000,0.00000000,-0.00000000,0.98653742,1.24473081,-0.11012630,-0.09986515
2016-12-26,9110.52832031,0.00351379,0.00000000,0.00000000,0.00000000,0.99000390,1.24473081,-0.10699947,-0.09986515
2016-12-27,9109.26269531,-0.00013892,0.00000000,0.00000000,-0.00000000,0.98986637,1.24473081,-0.10712352,-0.09986515
2016-12-28,9201.39355469,0.01011398,0.00000000,0.00000000,0.00000000,0.99987786,1.24473081,-0.09809299,-0.09986515
2016-12-29,9153.08300781,-0.00525035,0.00000000,0.00000000,-0.00000000,0.99462815,1.24473081,-0.10282832,-0.09986515
2016-12-30,9253.49316406,0.01097009,0.00000000,0.00000000,0.00000000,1.00553931,1.24473081,-0.09298627,-0.09986515
2017-01-03,9272.87304688,0.00209433,0.00000000,0.00000000,0.00000000,1.00764524,1.24473081,-0.09108668,-0.09986515
2017-01-04,9286.95312500,0.00151842,0.00000000,0.00000000,0.00000000,1.00917527,1.24473081,-0.08970657,-0.09986515
2017-01-05,9358.13281250,0.00766448,0.00000000,0.00000000,0.00000000,1.01691007,1.24473081,-0.08272964,-0.09986515
2017-01-06,9372.21289062,0.00150458,0.00000000,0.00000000,0.00000000,1.01844010,1.24473081,-0.08134954,-0.09986515
2017-01-09,9342.41308594,-0.00317959,0.00000000,0.00000000,-0.00000000,1.01520187,1.24473081,-0.08427047,-0.09986515
2017-01-10,9349.63281250,0.00077279,0.00000000,0.00000000,0.00000000,1.01598641,1.24473081,-0.08356280,-0.09986515
2017-01-11,9345.73339844,-0.00041707,0.00000000,0.00000000,-0.00000000,1.01556268,1.24473081,-0.08394502,-0.09986515
2017-01-12,9410.17285156,0.00689507,0.00000000,0.00000000,0.00000000,1.02256505,1.24473081,-0.07762876,-0.09986515
2017-01-13,9378.82324219,-0.00333146,0.00000000,0.00000000,-0.00000000,1.01915842,1.24473081,-0.08070160,-0.09986515
2017-01-16,9292.32324219,-0.00922291,0.00000000,0.00000000,-0.00000000,1.00975881,1.24473081,-0.08918020,-0.09986515
2017-01-17,9354.52343750,0.00669372,0.00000000,0.00000000,0.00000000,1.01651786,1.24473081,-0.08308343,-0.09986515
2017-01-18,9341.96289062,-0.00134272,0.00000000,0.00000000,-0.00000000,1.01515295,1.24473081,-0.08431460,-0.09986515
2017-01-19,9318.11328125,-0.00255295,0.00000000,0.00000000,-0.00000000,1.01256131,1.24473081,-0.08665230,-0.09986515
2017-01-20,9331.45312500,0.00143160,0.00000000,0.00000000,0.00000000,1.01401090,1.24473081,-0.08534475,-0.09986515
2017-01-23,9424.04296875,0.00992234,0.00000000,0.00000000,0.00000000,1.02407226,1.24473081,-0.07626923,-0.09986515
2017-01-24,9447.94335938,0.00253611,0.00000000,0.00000000,0.00000000,1.02666942,1.24473081,-0.07392655,-0.09986515
2017-02-02,9428.96289062,-0.00200895,1.00000000,0.00000000,-0.00000000,1.02460689,1.24473081,-0.07578698,-0.09986515
2017-02-03,9455.55273438,0.00282002,1.00000000,1.00000000,0.00282002,1.02749630,1.24824097,-0.07318069,-0.09732675
2017-02-06,9538.00292969,0.00871976,1.00000000,1.00000000,0.00871976,1.03645582,1.25912534,-0.06509904,-0.08945566
2017-02-07,9554.55273438,0.00173514,1.00000000,1.00000000,0.00173514,1.03825422,1.26131011,-0.06347685,-0.08787573
2017-02-08,9543.24316406,-0.00118368,1.00000000,1.00000000,-0.00118368,1.03702526,1.25981711,-0.06458540,-0.08895540
2017-02-09,9590.17285156,0.00491758,1.00000000,1.00000000,0.00491758,1.04212492,1.26601237,-0.05998542,-0.08447526
2017-02-10,9665.58300781,0.00786327,1.00000000,1.00000000,0.00786327,1.05031943,1.27596737,-0.05259383,-0.07727624
2017-02-13,9710.31347656,0.00462781,1.00000000,1.00000000,0.00462781,1.05518011,1.28187230,-0.04820942,-0.07300605
2017-02-14,9718.77343750,0.00087123,1.00000000,1.00000000,0.00087123,1.05609942,1.28298911,-0.04738018,-0.07219842
2017-02-15,9799.75292969,0.00833227,1.00000000,1.00000000,0.00833227,1.06489913,1.29367933,-0.03944269,-0.06446772
2017-02-16,9771.24316406,-0.00290923,1.00000000,1.00000000,-0.00290923,1.06180109,1.28991572,-0.04223718,-0.06718940
2017-02-17,9759.75292969,-0.00117592,1.00000000,1.00000000,-0.00117592,1.06055249,1.28839888,-0.04336343,-0.06828632
2017-02-20,9753.19335938,-0.00067210,1.00000000,1.00000000,-0.00067210,1.05983969,1.28753294,-0.04400639,-0.06891253
2017-02-21,9763.92285156,0.00110010,1.00000000,1.00000000,0.00110010,1.06100562,1.28894935,-0.04295470,-0.06788824
2017-02-22,9778.77343750,0.00152097,1.00000000,1.00000000,0.00152097,1.06261937,1.29090980,-0.04149907,-0.06647053
2017-02-23,9769.30273438,-0.00096850,1.00000000,1.00000000,-0.00096850,1.06159023,1.28965956,-0.04242738,-0.06737465
2017-02-24,9750.46289062,-0.00192847,1.00000000,1.00000000,-0.00192847,1.05954298,1.28717248,-0.04427403,-0.06917319
2017-03-01,9674.77343750,-0.00776265,1.00000000,1.00000000,-0.00776265,1.05131812,1.27718061,-0.05169300,-0.07639888
2017-03-02,9691.79296875,0.00175917,1.00000000,1.00000000,0.00175917,1.05316756,1.27942738,-0.05002477,-0.07477411
2017-03-03,9648.20312500,-0.00449760,1.00000000,1.00000000,-0.00449760,1.04843083,1.27367303,-0.05429738,-0.07893541
2017-03-06,9682.62304688,0.00356750,1.00000000,1.00000000,0.00356750,1.05217110,1.27821685,-0.05092359,-0.07564951
2017-03-07,9738.06347656,0.00572577,1.00000000,1.00000000,0.00572577,1.05819559,1.28553562,-0.04548940,-0.07035690
2017-03-08,9753.44335938,0.00157936,1.00000000,1.00000000,0.00157936,1.05986685,1.28756594,-0.04398189,-0.06888866
2017-03-09,9658.60351562,-0.00972373,1.00000000,1.00000000,-0.00972373,1.04956100,1.27504600,-0.05327795,-0.07794254
2017-03-10,9627.88281250,-0.00318066,1.00000000,1.00000000,-0.00318066,1.04622270,1.27099051,-0.05628915,-0.08087528
2017-03-13,9697.33300781,0.00721344,1.00000000,1.00000000,0.00721344,1.05376957,1.28015873,-0.04948174,-0.07424523
2017-03-14,9744.20312500,0.00483330,1.00000000,1.00000000,0.00483330,1.05886276,1.28634612,-0.04488760,-0.06977078
2017-03-15,9740.30273438,-0.00040028,1.00000000,1.00000000,-0.00040028,1.05843892,1.28583123,-0.04526991,-0.07014313
2017-03-16,9837.82324219,0.01001206,1.00000000,1.00000000,0.01001206,1.06903607,1.29870505,-0.03571110,-0.06083334
2017-03-17,9908.68359375,0.00720285,1.00000000,1.00000000,0.00720285,1.07673618,1.30805942,-0.02876547,-0.05406867
2017-03-20,9912.96289062,0.00043187,1.00000000,1.00000000,0.00043187,1.07720119,1.30862434,-0.02834602,-0.05366015
2017-03-21,9972.48339844,0.00600431,1.00000000,1.00000000,0.00600431,1.08366904,1.31648173,-0.02251191,-0.04797803
2017-03-22,9922.65332031,-0.00499676,1.00000000,1.00000000,-0.00499676,1.07825421,1.30990359,-0.02739618,-0.05273505
2017-03-23,9930.73339844,0.00081431,1.00000000,1.00000000,0.00081431,1.07913224,1.31097025,-0.02660418,-0.05196369
2017-03-24,9902.97363281,-0.00279534,1.00000000,1.00000000,-0.00279534,1.07611570,1.30730564,-0.02932515,-0.05461377
2017-03-27,9876.76269531,-0.00264677,1.00000000,1.00000000,-0.00264677,1.07326746,1.30384550,-0.03189431,-0.05711599
2017-03-28,9876.44335938,-0.00003233,1.00000000,1.00000000,-0.00003233,1.07323276,1.30380335,-0.03192561,-0.05714648
2017-03-29,9856.24316406,-0.00204529,1.00000000,1.00000000,-0.00204529,1.07103769,1.30113669,-0.03390560,-0.05907489
2017-03-30,9848.14355469,-0.00082177,1.00000000,1.00000000,-0.00082177,1.07015754,1.30006745,-0.03469951,-0.05984812
2017-03-31,9811.51269531,-0.00371957,1.00000000,1.00000000,-0.00371957,1.06617701,1.29523176,-0.03829002,-0.06334508
2017-04-05,9949.47363281,0.01406113,1.00000000,1.00000000,0.01406113,1.08116866,1.31344418,-0.02476729,-0.05017465
2017-04-06,9897.79296875,-0.00519431,1.00000000,1.00000000,-0.00519431,1.07555274,1.30662174,-0.02983295,-0.05510834
2017-04-07,9873.36328125,-0.00246820,1.00000000,1.00000000,-0.00246820,1.07289806,1.30339674,-0.03222751,-0.05744052
2017-04-10,9882.53320312,0.00092875,1.00000000,1.00000000,0.00092875,1.07389452,1.30460727,-0.03132869,-0.05656511
2017-04-11,9832.41308594,-0.00507159,1.00000000,1.00000000,-0.00507159,1.06844817,1.29799085,-0.03624139,-0.06134982
2017-04-12,9817.67285156,-0.00149915,1.00000000,1.00000000,-0.00149915,1.06684641,1.29604497,-0.03768621,-0.06275700
2017-04-13,9836.67285156,0.00193529,1.00000000,1.00000000,0.00193529,1.06891106,1.29855318,-0.03582386,-0.06094317
2017-04-14,9732.92285156,-0.01054727,1.00000000,1.00000000,-0.01054727,1.05763697,1.28485700,-0.04599328,-0.07084765
2017-04-17,9716.39355469,-0.00169829,1.00000000,1.00000000,-0.00169829,1.05584080,1.28267494,-0.04761345,-0.07242562
2017-04-18,9746.55273438,0.00310395,1.00000000,1.00000000,0.00310395,1.05911808,1.28665630,-0.04465730,-0.06954647
2017-04-19,9639.93359375,-0.01093916,1.00000000,1.00000000,-0.01093916,1.04753221,1.27258135,-0.05510795,-0.07972486
2017-04-20,9632.68359375,-0.00075208,1.00000000,1.00000000,-0.00075208,1.04674438,1.27162427,-0.05581858,-0.08041698
2017-04-21,9717.40332031,0.00879503,1.00000000,1.00000000,0.00879503,1.05595053,1.28280824,-0.04751448,-0.07232922
2017-04-24,9717.94335938,0.00005557,0.00000000,1.00000000,0.00005557,1.05600921,1.28287953,-0.04746155,-0.07227766
2017-04-25,9841.70312500,0.01273518,0.00000000,0.00000000,0.00000000,1.06945768,1.28287953,-0.03533080,-0.07227766
2017-04-26,9856.44335938,0.00149773,0.00000000,0.00000000,0.00000000,1.07105944,1.28287953,-0.03388598,-0.07227766
2017-04-27,9860.61328125,0.00042307,0.00000000,0.00000000,0.00000000,1.07151257,1.28287953,-0.03347725,-0.07227766
2017-04-28,9871.99316406,0.00115407,0.00000000,0.00000000,0.00000000,1.07274918,1.28287953,-0.03236181,-0.07227766
2017-05-02,9941.26269531,0.00701677,0.00000000,0.00000000,0.00000000,1.08027641,1.28287953,-0.02557211,-0.07227766
2017-05-03,9955.32324219,0.00141436,0.00000000,0.00000000,0.00000000,1.08180432,1.28287953,-0.02419392,-0.07227766
2017-05-04,9967.63964844,0.00123717,0.00000000,0.00000000,0.00000000,1.08314269,1.28287953,-0.02298668,-0.07227766
2017-05-05,9899.94042969,-0.00679190,0.00000000,0.00000000,-0.00000000,1.07578609,1.28287953,-0.02962246,-0.07227766
2017-05-08,9937.25000000,0.00376867,0.00000000,0.00000000,0.00000000,1.07984037,1.28287953,-0.02596543,-0.07227766
2017-05-09,9915.48046875,-0.00219070,0.00000000,0.00000000,-0.00000000,1.07747477,1.28287953,-0.02809925,-0.07227766
2017-05-10,9968.32031250,0.00532903,0.00000000,0.00000000,0.00000000,1.08321666,1.28287953,-0.02291997,-0.07227766
2017-05-11,10001.48046875,0.00332655,0.00000000,0.00000000,0.00000000,1.08682003,1.28287953,-0.01966966,-0.07227766
2017-05-12,9986.82031250,-0.00146580,0.00000000,0.00000000,-0.00000000,1.08522697,1.28287953,-0.02110662,-0.07227766
2017-05-15,10036.82031250,0.00500660,1.00000000,0.00000000,0.00000000,1.09066027,1.28287953,-0.01620570,-0.07227766
2017-05-16,10031.49023438,-0.00053105,1.00000000,1.00000000,-0.00053105,1.09008107,1.28219826,-0.01672814,-0.07277033
2017-05-17,10013.66992188,-0.00177644,1.00000000,1.00000000,-0.00177644,1.08814461,1.27992051,-0.01847486,-0.07441750
2017-05-18,9969.45019531,-0.00441594,1.00000000,1.00000000,-0.00441594,1.08333944,1.27426847,-0.02280922,-0.07850481
2017-05-19,9947.62011719,-0.00218970,1.00000000,1.00000000,-0.00218970,1.08096725,1.27147820,-0.02494897,-0.08052261
2017-05-22,9997.25976562,0.00499010,0.00000000,1.00000000,0.00499010,1.08636139,1.27782301,-0.02008336,-0.07593432
2017-05-23,10007.83984375,0.00105830,0.00000000,0.00000000,0.00000000,1.08751108,1.27782301,-0.01904632,-0.07593432
2017-05-24,10044.41992188,0.00365514,0.00000000,0.00000000,0.00000000,1.09148609,1.27782301,-0.01546079,-0.07593432
2017-05-25,10108.49023438,0.00637870,0.00000000,0.00000000,0.00000000,1.09844835,1.27782301,-0.00918072,-0.07593432
2017-05-26,10101.95019531,-0.00064698,0.00000000,0.00000000,-0.00000000,1.09773767,1.27782301,-0.00982176,-0.07593432
2017-05-31,10040.71972656,-0.00606125,1.00000000,0.00000000,-0.00000000,1.09108400,1.27782301,-0.01582348,-0.07593432
2017-06-01,10087.41992188,0.00465108,1.00000000,1.00000000,0.00465108,1.09615872,1.28376627,-0.01124600,-0.07163642
2017-06-02,10152.53027344,0.00645461,1.00000000,1.00000000,0.00645461,1.10323400,1.29205248,-0.00486398,-0.06564419
2017-06-05,10226.83984375,0.00731932,1.00000000,1.00000000,0.00731932,1.11130892,1.30150942,0.00000000,-0.05880535
2017-06-06,10206.17968750,-0.00202019,1.00000000,1.00000000,-0.00202019,1.10906386,1.29888012,-0.00202019,-0.06070674
2017-06-07,10209.99023438,0.00037336,1.00000000,1.00000000,0.00037336,1.10947794,1.29936507,-0.00164759,-0.06035605
2017-06-08,10225.78027344,0.00154653,1.00000000,1.00000000,0.00154653,1.11119378,1.30137457,-0.00010361,-0.05890286
2017-06-09,10199.65039062,-0.00255529,1.00000000,1.00000000,-0.00255529,1.10835435,1.29804918,-0.00265864,-0.06130764
2017-06-12,10109.95996094,-0.00879348,1.00000000,1.00000000,-0.00879348,1.09860806,1.28663481,-0.01142874,-0.06956202
2017-06-13,10128.15039062,0.00179926,1.00000000,1.00000000,0.00179926,1.10058474,1.28894979,-0.00965004,-0.06788792
2017-06-14,10072.45996094,-0.00549858,1.00000000,1.00000000,-0.00549858,1.09453309,1.28186240,-0.01509556,-0.07301321
2017-06-15,10088.34960938,0.00157753,1.00000000,1.00000000,0.00157753,1.09625975,1.28388458,-0.01354184,-0.07155086
2017-06-16,10156.73046875,0.00677820,1.00000000,1.00000000,0.00677820,1.10369042,1.29258701,-0.00685543,-0.06525764
2017-06-19,10250.59960938,0.00924206,1.00000000,1.00000000,0.00924206,1.11389079,1.30453318,0.00000000,-0.05661869
2017-06-20,10324.45996094,0.00720547,1.00000000,1.00000000,0.00720547,1.12191690,1.31393295,0.00000000,-0.04982119
2017-06-21,10349.71972656,0.00244659,1.00000000,1.00000000,0.00244659,1.12466177,1.31714761,0.00000000,-0.04749649
2017-06-22,10399.05957031,0.00476726,1.00000000,1.00000000,0.00476726,1.13002333,1.32342680,0.00000000,-0.04295565
2017-06-23,10377.70019531,-0.00205397,1.00000000,1.00000000,-0.00205397,1.12770230,1.32070852,-0.00205397,-0.04492140
2017-06-26,10513.95996094,0.01313005,1.00000000,1.00000000,0.01313005,1.14250909,1.33804950,0.00000000,-0.03238116
2017-06-27,10512.05957031,-0.00018075,1.00000000,1.00000000,-0.00018075,1.14230258,1.33780765,-0.00018075,-0.03255606
2017-06-28,10390.54980469,-0.01155908,1.00000000,1.00000000,-0.01155908,1.12909861,1.32234382,-0.01173774,-0.04373882
2017-06-29,10421.65039062,0.00299316,1.00000000,1.00000000,0.00299316,1.13247818,1.32630180,-0.00877971,-0.04087658
2017-06-30,10395.07031250,-0.00255047,1.00000000,1.00000000,-0.00255047,1.12958983,1.32291911,-0.01130779,-0.04332279
2017-07-03,10412.79003906,0.00170463,1.00000000,1.00000000,0.00170463,1.13151537,1.32517420,-0.00962244,-0.04169201
2017-07-04,10347.78027344,-0.00624326,1.00000000,1.00000000,-0.00624326,1.12445102,1.31690079,-0.01580562,-0.04767498
2017-07-05,10404.79003906,0.00550937,1.00000000,1.00000000,0.00550937,1.13064604,1.32415609,-0.01038333,-0.04242827
2017-07-06,10368.20019531,-0.00351663,1.00000000,1.00000000,-0.00351663,1.12666997,1.31949951,-0.01386345,-0.04579570
2017-07-07,10297.25000000,-0.00684306,1.00000000,1.00000000,-0.00684306,1.11896010,1.31047010,-0.02061164,-0.05232537
2017-07-10,10289.91015625,-0.00071280,1.00000000,1.00000000,-0.00071280,1.11816251,1.30953600,-0.02130974,-0.05300087
2017-07-11,10415.57031250,0.01221198,1.00000000,1.00000000,0.01221198,1.13181749,1.32552803,-0.00935800,-0.04143614
2017-07-12,10420.67968750,0.00049055,1.00000000,1.00000000,0.00049055,1.13237270,1.32617827,-0.00887204,-0.04096591
2017-07-13,10460.15039062,0.00378773,1.00000000,1.00000000,0.00378773,1.13666182,1.33120147,-0.00511792,-0.03733335
2017-07-14,10443.91015625,-0.00155258,1.00000000,1.00000000,-0.00155258,1.13489706,1.32913467,-0.00666255,-0.03882797
2017-07-17,10457.54003906,0.00130506,1.00000000,1.00000000,0.00130506,1.13637817,1.33086927,-0.00536619,-0.03757359
2017-07-18,10481.25976562,0.00226819,1.00000000,1.00000000,0.00226819,1.13895569,1.33388794,-0.00311017,-0.03539062
2017-07-19,10506.09960938,0.00236993,1.00000000,1.00000000,0.00236993,1.14165494,1.33704916,-0.00074761,-0.03310456
2017-07-20,10499.36035156,-0.00064146,1.00000000,1.00000000,-0.00064146,1.14092261,1.33619149,-0.00138859,-0.03372479
2017-07-21,10436.70019531,-0.00596800,1.00000000,1.00000000,-0.00596800,1.13411358,1.32821710,-0.00734830,-0.03949152
2017-07-24,10461.28027344,0.00235516,1.00000000,1.00000000,0.00235516,1.13678460,1.33134526,-0.00501045,-0.03722937
2017-07-25,10463.15039062,0.00017877,1.00000000,1.00000000,0.00017877,1.13698782,1.33158326,-0.00483258,-0.03705726
2017-07-26,10419.11035156,-0.00420906,1.00000000,1.00000000,-0.00420906,1.13220217,1.32597855,-0.00902130,-0.04111034
2017-07-27,10508.37011719,0.00856693,1.00000000,1.00000000,0.00856693,1.14190166,1.33733811,-0.00053166,-0.03289561
2017-07-28,10423.04980469,-0.00811927,1.00000000,1.00000000,-0.00811927,1.13263025,1.32647990,-0.00864661,-0.04074779
2017-07-31,10427.33007812,0.00041065,1.00000000,1.00000000,0.00041065,1.13309537,1.32702462,-0.00823951,-0.04035387
2017-08-01,10437.29003906,0.00095518,1.00000000,1.00000000,0.00095518,1.13417768,1.32829217,-0.00729220,-0.03943723
2017-08-02,10519.26953125,0.00785448,1.00000000,1.00000000,0.00785448,1.14308606,1.33872521,0.00000000,-0.03189251
2017-08-03,10469.87988281,-0.00469516,1.00000000,1.00000000,-0.00469516,1.13771909,1.33243969,-0.00469516,-0.03643793
2017-08-04,10506.55957031,0.00350335,1.00000000,1.00000000,0.00350335,1.14170492,1.33710769,-0.00120826,-0.03306223
2017-08-07,10579.37988281,0.00693094,1.00000000,1.00000000,0.00693094,1.14961800,1.34637510,0.00000000,-0.02636045
2017-08-08,10568.96972656,-0.00098400,1.00000000,1.00000000,-0.00098400,1.14848677,1.34505026,-0.00098400,-0.02731851
2017-08-09,10470.37988281,-0.00932824,1.00000000,1.00000000,-0.00932824,1.13777342,1.33250332,-0.01030306,-0.03639192
2017-08-10,10329.74023438,-0.01343214,1.00000000,1.00000000,-0.01343214,1.12249068,1.31460494,-0.02359681,-0.04933524
2017-08-11,10329.57031250,-0.00001645,1.00000000,1.00000000,-0.00001645,1.12247222,1.31458332,-0.02361287,-0.04935088
2017-08-14,10225.28027344,-0.01009626,0.00000000,1.00000000,-0.01009626,1.11113944,1.30131094,-0.03347073,-0.05894888
2017-08-15,10311.16015625,0.00839878,0.00000000,0.00000000,0.00000000,1.12047166,1.30131094,-0.02535307,-0.05894888
2017-08-16,10290.38964844,-0.00201437,0.00000000,0.00000000,-0.00000000,1.11821461,1.30131094,-0.02731637,-0.05894888
2017-08-17,10369.37011719,0.00767517,0.00000000,0.00000000,0.00000000,1.12679710,1.30131094,-0.01985086,-0.05894888
2017-08-18,10321.33007812,-0.00463288,0.00000000,0.00000000,-0.00000000,1.12157678,1.30131094,-0.02439177,-0.05894888
2017-08-21,10326.38964844,0.00049021,0.00000000,0.00000000,0.00000000,1.12212659,1.30131094,-0.02391352,-0.05894888
2017-08-22,10392.07031250,0.00636047,0.00000000,0.00000000,0.00000000,1.12926384,1.30131094,-0.01770516,-0.05894888
2017-08-23,10406.80957031,0.00141832,0.00000000,0.00000000,0.00000000,1.13086549,1.30131094,-0.01631195,-0.05894888
2017-08-24,10488.95996094,0.00789391,0.00000000,0.00000000,0.00000000,1.13979244,1.30131094,-0.00854681,-0.05894888
2017-08-25,10515.50976562,0.00253121,0.00000000,0.00000000,0.00000000,1.14267750,1.30131094,-0.00603723,-0.05894888
2017-08-28,10525.98046875,0.00099574,0.00000000,0.00000000,0.00000000,1.14381531,1.30131094,-0.00504750,-0.05894888
2017-08-29,10496.57031250,-0.00279405,0.00000000,0.00000000,-0.00000000,1.14061943,1.30131094,-0.00782745,-0.05894888
2017-08-30,10569.40039062,0.00693846,0.00000000,0.00000000,0.00000000,1.14853357,1.30131094,-0.00094330,-0.05894888
2017-08-31,10585.78027344,0.00154975,0.00000000,0.00000000,0.00000000,1.15031351,1.30131094,0.00000000,-0.05894888
2017-09-01,10594.82031250,0.00085398,0.00000000,0.00000000,0.00000000,1.15129585,1.30131094,0.00000000,-0.05894888
2017-09-04,10569.87011719,-0.00235494,0.00000000,0.00000000,-0.00000000,1.14858462,1.30131094,-0.00235494,-0.05894888
2017-09-05,10617.83984375,0.00453835,0.00000000,0.00000000,0.00000000,1.15379729,1.30131094,0.00000000,-0.05894888
2017-09-06,10547.86035156,-0.00659075,0.00000000,0.00000000,-0.00000000,1.14619290,1.30131094,-0.00659075,-0.05894888
2017-09-07,10538.50976562,-0.00088649,0.00000000,0.00000000,-0.00000000,1.14517681,1.30131094,-0.00747140,-0.05894888
2017-09-08,10609.95019531,0.00677899,0.00000000,0.00000000,0.00000000,1.15293995,1.30131094,-0.00074306,-0.05894888
2017-09-11,10572.16015625,-0.00356175,0.00000000,0.00000000,-0.00000000,1.14883347,1.30131094,-0.00430216,-0.05894888
2017-09-12,10610.34960938,0.00361227,0.00000000,0.00000000,0.00000000,1.15298336,1.30131094,-0.00070544,-0.05894888
2017-09-13,10532.87988281,-0.00730134,0.00000000,0.00000000,-0.00000000,1.14456504,1.30131094,-0.00800162,-0.05894888
2017-09-14,10553.57031250,0.00196437,0.00000000,0.00000000,0.00000000,1.14681338,1.30131094,-0.00605298,-0.05894888
2017-09-15,10580.41015625,0.00254320,0.00000000,0.00000000,0.00000000,1.14972996,1.30131094,-0.00352517,-0.05894888
2017-09-18,10631.57031250,0.00483537,0.00000000,0.00000000,0.00000000,1.15528932,1.30131094,0.00000000,-0.05894888
2017-09-19,10576.13964844,-0.00521378,0.00000000,0.00000000,-0.00000000,1.14926590,1.30131094,-0.00521378,-0.05894888
2017-09-20,10519.16992188,-0.00538663,0.00000000,0.00000000,-0.00000000,1.14307523,1.30131094,-0.01057232,-0.05894888
2017-09-21,10578.44042969,0.00563452,0.00000000,0.00000000,0.00000000,1.14951592,1.30131094,-0.00499737,-0.05894888
2017-09-22,10449.67968750,-0.01217200,0.00000000,0.00000000,-0.00000000,1.13552401,1.30131094,-0.01710854,-0.05894888
2017-09-25,10335.88964844,-0.01088933,0.00000000,0.00000000,-0.00000000,1.12315891,1.30131094,-0.02781157,-0.05894888
2017-09-26,10257.01953125,-0.00763070,0.00000000,0.00000000,-0.00000000,1.11458842,1.30131094,-0.03523005,-0.05894888
2017-09-27,10326.67968750,0.00679146,0.00000000,0.00000000,0.00000000,1.12215811,1.30131094,-0.02867785,-0.05894888
2017-09-28,10296.45019531,-0.00292732,0.00000000,0.00000000,-0.00000000,1.11887319,1.30131094,-0.03152122,-0.05894888
2017-09-29,10329.94042969,0.00325260,0.00000000,0.00000000,0.00000000,1.12251244,1.30131094,-0.02837115,-0.05894888
2017-10-02,10465.16015625,0.01309008,0.00000000,0.00000000,0.00000000,1.13720621,1.30131094,-0.01565245,-0.05894888
2017-10-03,10469.34960938,0.00040032,0.00000000,0.00000000,0.00000000,1.13766146,1.30131094,-0.01525840,-0.05894888
2017-10-05,10518.26953125,0.00467268,0.00000000,0.00000000,0.00000000,1.14297739,1.30131094,-0.01065701,-0.05894888
2017-10-06,10532.80957031,0.00138236,0.00000000,0.00000000,0.00000000,1.14455740,1.30131094,-0.00928938,-0.05894888
2017-10-11,10641.19042969,0.01028983,0.00000000,0.00000000,0.00000000,1.15633470,1.30131094,0.00000000,-0.05894888
2017-10-12,10711.44042969,0.00660170,0.00000000,0.00000000,0.00000000,1.16396848,1.30131094,0.00000000,-0.05894888
2017-10-13,10724.08984375,0.00118093,0.00000000,0.00000000,0.00000000,1.16534304,1.30131094,0.00000000,-0.05894888
2017-10-16,10774.20996094,0.00467360,0.00000000,0.00000000,0.00000000,1.17078939,1.30131094,0.00000000,-0.05894888
2017-10-17,10723.15039062,-0.00473905,0.00000000,0.00000000,-0.00000000,1.16524096,1.30131094,-0.00473905,-0.05894888
2017-10-18,10720.28027344,-0.00026766,0.00000000,0.00000000,-0.00000000,1.16492907,1.30131094,-0.00500544,-0.05894888
2017-10-19,10760.29003906,0.00373216,0.00000000,0.00000000,0.00000000,1.16927677,1.30131094,-0.00129197,-0.05894888
2017-10-20,10728.87988281,-0.00291908,0.00000000,0.00000000,-0.00000000,1.16586356,1.30131094,-0.00420728,-0.05894888
2017-10-23,10735.20996094,0.00059000,0.00000000,0.00000000,0.00000000,1.16655142,1.30131094,-0.00361975,-0.05894888
2017-10-24,10743.78027344,0.00079834,0.00000000,0.00000000,0.00000000,1.16748272,1.30131094,-0.00282431,-0.05894888
2017-10-25,10750.57031250,0.00063200,0.00000000,0.00000000,0.00000000,1.16822057,1.30131094,-0.00219410,-0.05894888
2017-10-26,10734.75976562,-0.00147067,0.00000000,0.00000000,-0.00000000,1.16650250,1.30131094,-0.00366154,-0.05894888
2017-10-27,10709.11035156,-0.00238938,0.00000000,0.00000000,-0.00000000,1.16371528,1.30131094,-0.00604217,-0.05894888
2017-10-30,10756.87011719,0.00445973,0.00000000,0.00000000,0.00000000,1.16890514,1.30131094,-0.00160938,-0.05894888
2017-10-31,10793.79980469,0.00343313,0.00000000,0.00000000,0.00000000,1.17291814,1.30131094,0.00000000,-0.05894888
2017-11-01,10806.36035156,0.00116368,0.00000000,0.00000000,0.00000000,1.17428304,1.30131094,0.00000000,-0.05894888
2017-11-02,10788.50976562,-0.00165186,0.00000000,0.00000000,-0.00000000,1.17234329,1.30131094,-0.00165186,-0.05894888
2017-11-03,10800.76953125,0.00113637,0.00000000,0.00000000,0.00000000,1.17367551,1.30131094,-0.00051736,-0.05894888
2017-11-06,10786.19042969,-0.00134982,0.00000000,0.00000000,-0.00000000,1.17209126,1.30131094,-0.00186649,-0.05894888
2017-11-07,10840.33984375,0.00502025,0.00000000,0.00000000,0.00000000,1.17797546,1.30131094,0.00000000,-0.05894888
2017-11-08,10818.99023438,-0.00196946,0.00000000,0.00000000,-0.00000000,1.17565548,1.30131094,-0.00196946,-0.05894888
2017-11-09,10743.26953125,-0.00699887,0.00000000,0.00000000,-0.00000000,1.16742722,1.30131094,-0.00895455,-0.05894888
2017-11-10,10732.66992188,-0.00098663,0.00000000,0.00000000,-0.00000000,1.16627541,1.30131094,-0.00993234,-0.05894888
2017-11-13,10683.91992188,-0.00454221,0.00000000,0.00000000,-0.00000000,1.16097794,1.30131094,-0.01442943,-0.05894888
2017-11-14,10687.17968750,0.00030511,0.00000000,0.00000000,0.00000000,1.16133217,1.30131094,-0.01412872,-0.05894888
2017-11-15,10630.65039062,-0.00528945,0.00000000,0.00000000,-0.00000000,1.15518936,1.30131094,-0.01934344,-0.05894888
2017-11-16,10625.04003906,-0.00052775,0.00000000,0.00000000,-0.00000000,1.15457971,1.30131094,-0.01986098,-0.05894888
2017-11-17,10701.63964844,0.00720935,0.00000000,0.00000000,0.00000000,1.16290347,1.30131094,-0.01279482,-0.05894888
2017-11-20,10664.54980469,-0.00346581,0.00000000,0.00000000,-0.00000000,1.15887307,1.30131094,-0.01621628,-0.05894888
2017-11-21,10779.24023438,0.01075436,0.00000000,0.00000000,0.00000000,1.17133601,1.30131094,-0.00563632,-0.05894888
2017-11-22,10822.58984375,0.00402158,0.00000000,0.00000000,0.00000000,1.17604664,1.30131094,-0.00163740,-0.05894888
2017-11-23,10854.57031250,0.00295497,0.00000000,0.00000000,0.00000000,1.17952182,1.30131094,0.00000000,-0.05894888
2017-11-24,10854.08984375,-0.00004426,0.00000000,0.00000000,-0.00000000,1.17946961,1.30131094,-0.00004426,-0.05894888
2017-11-27,10750.92968750,-0.00950427,0.00000000,0.00000000,-0.00000000,1.16825962,1.30131094,-0.00954811,-0.05894888
2017-11-28,10707.07031250,-0.00407959,0.00000000,0.00000000,-0.00000000,1.16349360,1.30131094,-0.01358875,-0.05894888
2017-11-29,10713.54980469,0.00060516,0.00000000,0.00000000,0.00000000,1.16419770,1.30131094,-0.01299181,-0.05894888
2017-11-30,10560.44042969,-0.01429119,0.00000000,0.00000000,-0.00000000,1.14755993,1.30131094,-0.02709733,-0.05894888
2017-12-01,10600.37011719,0.00378106,0.00000000,0.00000000,0.00000000,1.15189893,1.30131094,-0.02341872,-0.05894888
2017-12-04,10651.11035156,0.00478665,0.00000000,0.00000000,0.00000000,1.15741266,1.30131094,-0.01874417,-0.05894888
2017-12-05,10566.84960938,-0.00791098,0.00000000,0.00000000,-0.00000000,1.14825639,1.30131094,-0.02650687,-0.05894888
2017-12-06,10393.91992188,-0.01636530,0.00000000,0.00000000,-0.00000000,1.12946483,1.30131094,-0.04243838,-0.05894888
2017-12-07,10355.75976562,-0.00367139,0.00000000,0.00000000,-0.00000000,1.12531812,1.30131094,-0.04595397,-0.05894888
2017-12-08,10398.62011719,0.00413879,0.00000000,0.00000000,0.00000000,1.12997558,1.30131094,-0.04200537,-0.05894888
2017-12-11,10473.08984375,0.00716150,0.00000000,0.00000000,0.00000000,1.13806790,1.30131094,-0.03514469,-0.05894888
2017-12-12,10443.28027344,-0.00284630,0.00000000,0.00000000,-0.00000000,1.13482861,1.30131094,-0.03789096,-0.05894888
2017-12-13,10470.70019531,0.00262560,0.00000000,0.00000000,0.00000000,1.13780823,1.30131094,-0.03536484,-0.05894888
2017-12-14,10538.00976562,0.00642837,0.00000000,0.00000000,0.00000000,1.14512248,1.30131094,-0.02916380,-0.05894888
2017-12-15,10491.44042969,-0.00441918,0.00000000,0.00000000,-0.00000000,1.14006198,1.30131094,-0.03345410,-0.05894888
2017-12-18,10506.51953125,0.00143728,0.00000000,0.00000000,0.00000000,1.14170057,1.30131094,-0.03206491,-0.05894888
2017-12-19,10467.33984375,-0.00372908,0.00000000,0.00000000,-0.00000000,1.13744307,1.30131094,-0.03567442,-0.05894888
2017-12-20,10504.51953125,0.00355197,0.00000000,0.00000000,0.00000000,1.14148323,1.30131094,-0.03224916,-0.05894888
2017-12-21,10488.96972656,-0.00148030,0.00000000,0.00000000,-0.00000000,1.13979350,1.30131094,-0.03368172,-0.05894888
2017-12-22,10537.26953125,0.00460482,0.00000000,0.00000000,0.00000000,1.14504204,1.30131094,-0.02923200,-0.05894888
2017-12-25,10522.49023438,-0.00140257,0.00000000,0.00000000,-0.00000000,1.14343604,1.30131094,-0.03059357,-0.05894888
2017-12-26,10421.91015625,-0.00955858,0.00000000,0.00000000,-0.00000000,1.13250641,1.30131094,-0.03985972,-0.05894888
2017-12-27,10486.66992188,0.00621381,0.00000000,0.00000000,0.00000000,1.13954359,1.30131094,-0.03389359,-0.05894888
2017-12-28,10567.63964844,0.00772120,0.00000000,0.00000000,0.00000000,1.14834224,1.30131094,-0.02643409,-0.05894888
2017-12-29,10642.86035156,0.00711802,0.00000000,0.00000000,0.00000000,1.15651617,1.30131094,-0.01950422,-0.05894888
2018-01-02,10710.73046875,0.00637706,0.00000000,0.00000000,0.00000000,1.16389133,1.30131094,-0.01325155,-0.05894888
2018-01-03,10801.57031250,0.00848120,0.00000000,0.00000000,0.00000000,1.17376253,1.30131094,-0.00488274,-0.05894888
2018-01-04,10848.62988281,0.00435673,0.00000000,0.00000000,0.00000000,1.17887630,1.30131094,-0.00054727,-0.05894888
2018-01-05,10879.79980469,0.00287317,0.00000000,0.00000000,0.00000000,1.18226341,1.30131094,0.00000000,-0.05894888
2018-01-08,10915.75000000,0.00330431,0.00000000,0.00000000,0.00000000,1.18616997,1.30131094,0.00000000,-0.05894888
2018-01-09,10914.88964844,-0.00007882,0.00000000,0.00000000,-0.00000000,1.18607648,1.30131094,-0.00007882,-0.05894888
2018-01-10,10831.08984375,-0.00767757,0.00000000,0.00000000,-0.00000000,1.17697030,1.30131094,-0.00775578,-0.05894888
2018-01-11,10810.05957031,-0.00194166,0.00000000,0.00000000,-0.00000000,1.17468502,1.30131094,-0.00968238,-0.05894888
2018-01-12,10883.95996094,0.00683626,0.00000000,0.00000000,0.00000000,1.18271548,1.30131094,-0.00291231,-0.05894888
2018-01-15,10956.30957031,0.00664736,0.00000000,0.00000000,0.00000000,1.19057741,1.30131094,0.00000000,-0.05894888
2018-01-16,10986.11035156,0.00271997,0.00000000,0.00000000,0.00000000,1.19381574,1.30131094,0.00000000,-0.05894888
2018-01-17,11004.79980469,0.00170119,0.00000000,0.00000000,0.00000000,1.19584665,1.30131094,0.00000000,-0.05894888
2018-01-18,11071.57031250,0.00606740,0.00000000,0.00000000,0.00000000,1.20310233,1.30131094,0.00000000,-0.05894888
2018-01-19,11150.84960938,0.00716062,0.00000000,0.00000000,0.00000000,1.21171728,1.30131094,0.00000000,-0.05894888
2018-01-22,11231.45996094,0.00722908,1.00000000,0.00000000,0.00000000,1.22047688,1.30131094,0.00000000,-0.05894888
2018-01-23,11253.11035156,0.00192766,1.00000000,1.00000000,0.00192766,1.22282954,1.30381942,0.00000000,-0.05713485
2018-01-24,11152.16015625,-0.00897087,1.00000000,1.00000000,-0.00897087,1.21185970,1.29212303,-0.00897087,-0.06559318
2018-01-25,11165.95019531,0.00123654,1.00000000,1.00000000,0.00123654,1.21335820,1.29372078,-0.00774543,-0.06443775
2018-01-26,11147.09960938,-0.00168822,1.00000000,1.00000000,-0.00168822,1.21130979,1.29153669,-0.00942057,-0.06601718
2018-01-29,11221.80957031,0.00670219,1.00000000,1.00000000,0.00670219,1.21942821,1.30019282,-0.00278152,-0.05975746
2018-01-30,11076.78027344,-0.01292388,1.00000000,1.00000000,-0.01292388,1.20366847,1.28338928,-0.01566945,-0.07190904
2018-01-31,11103.79003906,0.00243841,1.00000000,1.00000000,0.00243841,1.20660351,1.28651872,-0.01326925,-0.06964597
2018-02-01,11160.25000000,0.00508475,1.00000000,1.00000000,0.00508475,1.21273879,1.29306034,-0.00825197,-0.06491535
2018-02-02,11126.23046875,-0.00304828,1.00000000,1.00000000,-0.00304828,1.20904202,1.28911873,-0.01127509,-0.06776575
2018-02-05,10946.25000000,-0.01617623,1.00000000,1.00000000,-0.01617623,1.18948428,1.26826565,-0.02726894,-0.08284578
2018-02-06,10404.00000000,-0.04953751,1.00000000,1.00000000,-0.04953751,1.13056019,1.20543893,-0.07545561,-0.12827932
2018-02-07,10551.54003906,0.01418109,1.00000000,1.00000000,0.01418109,1.14659276,1.22253336,-0.06234457,-0.11591738
2018-02-08,10528.51953125,-0.00218172,1.00000000,1.00000000,-0.00218172,1.14409122,1.21986613,-0.06439027,-0.11784620
2018-02-09,10371.75000000,-0.01488999,1.00000000,1.00000000,-0.01488999,1.12705571,1.20170234,-0.07832149,-0.13098146
2018-02-12,10421.08984375,0.00475714,0.00000000,1.00000000,0.00475714,1.13241727,1.20741901,-0.07393694,-0.12684742
2018-02-21,10714.44042969,0.02814970,0.00000000,0.00000000,0.00000000,1.16429448,1.20741901,-0.04786854,-0.12684742
2018-02-22,10662.37988281,-0.00485891,0.00000000,0.00000000,-0.00000000,1.15863727,1.20741901,-0.05249486,-0.12684742
2018-02-23,10794.54980469,0.01239591,0.00000000,0.00000000,0.00000000,1.17299964,1.20741901,-0.04074967,-0.12684742
2018-02-26,10836.70019531,0.00390478,0.00000000,0.00000000,0.00000000,1.17757995,1.20741901,-0.03700401,-0.12684742
2018-02-27,10815.46972656,-0.00195913,0.00000000,0.00000000,-0.00000000,1.17527292,1.20741901,-0.03889064,-0.12684742
2018-03-01,10785.79003906,-0.00274419,0.00000000,0.00000000,-0.00000000,1.17204775,1.20741901,-0.04152810,-0.12684742
2018-03-02,10698.16992188,-0.00812366,0.00000000,0.00000000,-0.00000000,1.16252643,1.20741901,-0.04931440,-0.12684742
2018-03-05,10642.90039062,-0.00516626,0.00000000,0.00000000,-0.00000000,1.15652052,1.20741901,-0.05422589,-0.12684742
2018-03-06,10784.33984375,0.01328956,0.00000000,0.00000000,0.00000000,1.17189017,1.20741901,-0.04165697,-0.12684742
2018-03-07,10745.32031250,-0.00361817,0.00000000,0.00000000,-0.00000000,1.16765007,1.20741901,-0.04512442,-0.12684742
2018-03-08,10823.24023438,0.00725152,0.00000000,0.00000000,0.00000000,1.17611731,1.20741901,-0.03820012,-0.12684742
2018-03-09,10864.82031250,0.00384174,0.00000000,0.00000000,0.00000000,1.18063565,1.20741901,-0.03450513,-0.12684742
2018-03-12,11002.09960938,0.01263521,0.00000000,0.00000000,0.00000000,1.19555323,1.20741901,-0.02230590,-0.12684742
2018-03-13,11095.62988281,0.00850113,0.00000000,0.00000000,0.00000000,1.20571678,1.20741901,-0.01399439,-0.12684742
2018-03-14,11038.79980469,-0.00512184,0.00000000,0.00000000,-0.00000000,1.19954129,1.20741901,-0.01904456,-0.12684742
2018-03-15,11018.45019531,-0.00184346,0.00000000,0.00000000,-0.00000000,1.19732998,1.20741901,-0.02085292,-0.12684742
2018-03-16,11027.70019531,0.00083950,0.00000000,0.00000000,0.00000000,1.19833514,1.20741901,-0.02003092,-0.12684742
2018-03-19,11046.90039062,0.00174109,0.00000000,0.00000000,0.00000000,1.20042155,1.20741901,-0.01832471,-0.12684742
2018-03-20,11010.83984375,-0.00326431,0.00000000,0.00000000,-0.00000000,1.19650299,1.20741901,-0.02152920,-0.12684742
2018-03-21,11011.07031250,0.00002093,0.00000000,0.00000000,0.00000000,1.19652804,1.20741901,-0.02150872,-0.12684742
2018-03-22,11005.83984375,-0.00047502,0.00000000,0.00000000,-0.00000000,1.19595967,1.20741901,-0.02197353,-0.12684742
2018-03-23,10823.33007812,-0.01658299,0.00000000,0.00000000,-0.00000000,1.17612707,1.20741901,-0.03819213,-0.12684742
2018-03-26,10840.04980469,0.00154479,0.00000000,0.00000000,0.00000000,1.17794394,1.20741901,-0.03670634,-0.12684742
2018-03-27,10986.79003906,0.01353686,0.00000000,0.00000000,0.00000000,1.19388960,1.20741901,-0.02366637,-0.12684742
2018-03-28,10865.66015625,-0.01102505,0.00000000,0.00000000,-0.00000000,1.18072691,1.20741901,-0.03443050,-0.12684742
2018-03-29,10845.91992188,-0.00181675,0.00000000,0.00000000,-0.00000000,1.17858182,1.20741901,-0.03618470,-0.12684742
2018-03-30,10906.21972656,0.00555968,0.00000000,0.00000000,0.00000000,1.18513435,1.20741901,-0.03082620,-0.12684742
2018-04-02,10888.26953125,-0.00164587,0.00000000,0.00000000,-0.00000000,1.18318378,1.20741901,-0.03242133,-0.12684742
2018-04-03,10821.53027344,-0.00612946,0.00000000,0.00000000,-0.00000000,1.17593150,1.20741901,-0.03835207,-0.12684742
2018-04-09,10893.53027344,0.00665340,0.00000000,0.00000000,0.00000000,1.18375544,1.20741901,-0.03195384,-0.12684742
2018-04-10,10927.17968750,0.00308894,0.00000000,0.00000000,0.00000000,1.18741199,1.20741901,-0.02896361,-0.12684742
2018-04-11,10974.01953125,0.00428654,0.00000000,0.00000000,0.00000000,1.19250188,1.20741901,-0.02480122,-0.12684742
2018-04-12,10955.29003906,-0.00170671,0.00000000,0.00000000,-0.00000000,1.19046662,1.20741901,-0.02646560,-0.12684742
2018-04-13,10965.38964844,0.00092189,0.00000000,0.00000000,0.00000000,1.19156411,1.20741901,-0.02556810,-0.12684742
2018-04-16,10954.54980469,-0.00098855,0.00000000,0.00000000,-0.00000000,1.19038619,1.20741901,-0.02653138,-0.12684742
2018-04-17,10810.45019531,-0.01315432,0.00000000,0.00000000,-0.00000000,1.17472747,1.20741901,-0.03933669,-0.12684742
2018-04-18,10847.88964844,0.00346326,0.00000000,0.00000000,0.00000000,1.17879586,1.20741901,-0.03600966,-0.12684742
2018-04-19,10971.21972656,0.01136904,0.00000000,0.00000000,0.00000000,1.19219764,1.20741901,-0.02505002,-0.12684742
2018-04-20,10779.37988281,-0.01748574,0.00000000,0.00000000,-0.00000000,1.17135119,1.20741901,-0.04209774,-0.12684742
2018-04-23,10697.12988281,-0.00763031,0.00000000,0.00000000,-0.00000000,1.16241341,1.20741901,-0.04940683,-0.12684742
2018-04-24,10579.50000000,-0.01099640,0.00000000,0.00000000,-0.00000000,1.14963106,1.20741901,-0.05985993,-0.12684742
2018-04-25,10559.96972656,-0.00184605,0.00000000,0.00000000,-0.00000000,1.14750878,1.20741901,-0.06159547,-0.12684742
2018-04-26,10488.58007812,-0.00676040,0.00000000,0.00000000,-0.00000000,1.13975116,1.20741901,-0.06793946,-0.12684742
2018-04-27,10553.42968750,0.00618288,0.00000000,0.00000000,0.00000000,1.14679810,1.20741901,-0.06217665,-0.12684742
2018-04-30,10657.87988281,0.00989727,0.00000000,0.00000000,0.00000000,1.15814828,1.20741901,-0.05289475,-0.12684742
2018-05-02,10618.80957031,-0.00366586,0.00000000,0.00000000,-0.00000000,1.15390267,1.20741901,-0.05636671,-0.12684742
2018-05-03,10514.17968750,-0.00985326,0.00000000,0.00000000,-0.00000000,1.14253296,1.20741901,-0.06566457,-0.12684742
2018-05-04,10529.37011719,0.00144476,0.00000000,0.00000000,0.00000000,1.14418365,1.20741901,-0.06431468,-0.12684742
2018-05-07,10604.91015625,0.00717422,0.00000000,0.00000000,0.00000000,1.15239227,1.20741901,-0.05760187,-0.12684742
2018-05-08,10691.37988281,0.00815374,0.00000000,0.00000000,0.00000000,1.16178859,1.20741901,-0.04991780,-0.12684742
2018-05-09,10703.34960938,0.00111957,0.00000000,0.00000000,0.00000000,1.16308929,1.20741901,-0.04885411,-0.12684742
2018-05-10,10760.20996094,0.00531239,0.00000000,0.00000000,0.00000000,1.16926807,1.20741901,-0.04380126,-0.12684742
2018-05-11,10858.98046875,0.00917924,0.00000000,0.00000000,0.00000000,1.18000106,1.20741901,-0.03502408,-0.12684742
2018-05-14,10952.38964844,0.00860202,0.00000000,0.00000000,0.00000000,1.19015145,1.20741901,-0.02672334,-0.12684742
2018-05-15,10874.73046875,-0.00709062,0.00000000,0.00000000,-0.00000000,1.18171255,1.20741901,-0.03362447,-0.12684742
2018-05-16,10897.57031250,0.00210027,0.00000000,0.00000000,0.00000000,1.18419446,1.20741901,-0.03159482,-0.12684742
2018-05-17,10833.80957031,-0.00585091,0.00000000,0.00000000,-0.00000000,1.17726584,1.20741901,-0.03726088,-0.12684742
2018-05-18,10830.83984375,-0.00027412,0.00000000,0.00000000,-0.00000000,1.17694313,1.20741901,-0.03752478,-0.12684742
2018-05-21,10966.20019531,0.01249768,0.00000000,0.00000000,0.00000000,1.19165219,1.20741901,-0.02549608,-0.12684742
2018-05-22,10938.73046875,-0.00250494,0.00000000,0.00000000,-0.00000000,1.18866716,1.20741901,-0.02793715,-0.12684742
2018-05-23,10886.17968750,-0.00480410,0.00000000,0.00000000,-0.00000000,1.18295668,1.20741901,-0.03260704,-0.12684742
2018-05-24,10936.92968750,0.00466187,0.00000000,0.00000000,0.00000000,1.18847148,1.20741901,-0.02809718,-0.12684742
2018-05-25,10942.29980469,0.00049101,0.00000000,0.00000000,0.00000000,1.18905503,1.20741901,-0.02761997,-0.12684742
2018-05-28,10987.76953125,0.00415541,0.00000000,0.00000000,0.00000000,1.19399604,1.20741901,-0.02357933,-0.12684742
2018-05-29,10964.12011719,-0.00215234,0.00000000,0.00000000,-0.00000000,1.19142615,1.20741901,-0.02568092,-0.12684742
2018-05-30,10821.16992188,-0.01303800,0.00000000,0.00000000,-0.00000000,1.17589234,1.20741901,-0.03838409,-0.12684742
2018-05-31,10874.95996094,0.00497082,0.00000000,0.00000000,0.00000000,1.18173748,1.20741901,-0.03360408,-0.12684742
2018-06-01,10949.08007812,0.00681567,0.00000000,0.00000000,0.00000000,1.18979181,1.20741901,-0.02701744,-0.12684742
2018-06-04,11109.50000000,0.01465145,0.00000000,0.00000000,0.00000000,1.20722399,1.20741901,-0.01276184,-0.12684742
2018-06-05,11100.11035156,-0.00084519,0.00000000,0.00000000,-0.00000000,1.20620366,1.20741901,-0.01359624,-0.12684742
2018-06-06,11201.83007812,0.00916385,0.00000000,0.00000000,0.00000000,1.21725712,1.20741901,-0.00455699,-0.12684742
2018-06-07,11251.75000000,0.00445641,0.00000000,0.00000000,0.00000000,1.22268172,1.20741901,-0.00012089,-0.12684742
2018-06-08,11156.41992188,-0.00847247,0.00000000,0.00000000,-0.00000000,1.21232259,1.20741901,-0.00859233,-0.12684742
2018-06-11,11149.23046875,-0.00064442,1.00000000,0.00000000,-0.00000000,1.21154134,1.20741901,-0.00923122,-0.12684742
2018-06-12,11144.79003906,-0.00039827,1.00000000,1.00000000,-0.00039827,1.21105882,1.20693812,-0.00962581,-0.12719517
2018-06-13,11173.20996094,0.00255006,1.00000000,1.00000000,0.00255006,1.21414709,1.21001589,-0.00710029,-0.12496946
2018-06-14,11013.98046875,-0.01425101,1.00000000,1.00000000,-0.01425101,1.19684427,1.19277195,-0.02125011,-0.13743953
2018-06-15,11087.46972656,0.00667236,1.00000000,1.00000000,0.00667236,1.20483005,1.20073055,-0.01471954,-0.13168421
2018-06-19,10904.19042969,-0.01653031,1.00000000,1.00000000,-0.01653031,1.18491384,1.18088211,-0.03100653,-0.14603774
2018-06-20,10927.44042969,0.00213221,1.00000000,1.00000000,0.00213221,1.18744032,1.18339999,-0.02894044,-0.14421691
2018-06-21,10941.07031250,0.00124731,1.00000000,1.00000000,0.00124731,1.18892142,1.18487606,-0.02772923,-0.14314949
2018-06-22,10899.28027344,-0.00381956,1.00000000,1.00000000,-0.00381956,1.18438027,1.18035036,-0.03144287,-0.14642228
2018-06-25,10786.45996094,-0.01035117,1.00000000,1.00000000,-0.01035117,1.17212055,1.16813235,-0.04146857,-0.15525781
2018-06-26,10742.16992188,-0.00410608,1.00000000,1.00000000,-0.00410608,1.16730773,1.16333591,-0.04540437,-0.15872638
2018-06-27,10701.03027344,-0.00382973,1.00000000,1.00000000,-0.00382973,1.16283725,1.15888064,-0.04906022,-0.16194824
2018-06-28,10654.28027344,-0.00436874,1.00000000,1.00000000,-0.00436874,1.15775712,1.15381779,-0.05321463,-0.16560947
2018-06-29,10836.91015625,0.01714146,1.00000000,1.00000000,0.01714146,1.17760277,1.17359591,-0.03698535,-0.15130680
2018-07-02,10777.94042969,-0.00544156,0.00000000,1.00000000,-0.00544156,1.17119477,1.16720972,-0.04222565,-0.15592501
2018-07-03,10715.71972656,-0.00577297,0.00000000,0.00000000,-0.00000000,1.16443350,1.16720972,-0.04775485,-0.15592501
2018-07-04,10721.87011719,0.00057396,0.00000000,0.00000000,0.00000000,1.16510184,1.16720972,-0.04720830,-0.15592501
2018-07-05,10611.80957031,-0.01026505,0.00000000,0.00000000,-0.00000000,1.15314200,1.16720972,-0.05698876,-0.15592501
2018-07-06,10608.57031250,-0.00030525,0.00000000,0.00000000,-0.00000000,1.15279001,1.16720972,-0.05727661,-0.15592501
2018-07-09,10720.28027344,0.01053016,0.00000000,0.00000000,0.00000000,1.16492907,1.16720972,-0.04734958,-0.15592501
2018-07-10,10756.88964844,0.00341496,0.00000000,0.00000000,0.00000000,1.16890726,1.16720972,-0.04409632,-0.15592501
2018-07-11,10676.83984375,-0.00744172,0.00000000,0.00000000,-0.00000000,1.16020858,1.16720972,-0.05120989,-0.15592501
2018-07-12,10738.37988281,0.00576388,0.00000000,0.00000000,0.00000000,1.16689588,1.16720972,-0.04574117,-0.15592501
2018-07-13,10864.54003906,0.01174853,0.00000000,0.00000000,0.00000000,1.18060519,1.16720972,-0.03453004,-0.15592501
2018-07-16,10817.45019531,-0.00433427,0.00000000,0.00000000,-0.00000000,1.17548813,1.16720972,-0.03871464,-0.15592501
2018-07-17,10778.99023438,-0.00355536,0.00000000,0.00000000,-0.00000000,1.17130884,1.16720972,-0.04213236,-0.15592501
2018-07-18,10842.45996094,0.00588828,0.00000000,0.00000000,0.00000000,1.17820584,1.16720972,-0.03649217,-0.15592501
2018-07-19,10835.37988281,-0.00065300,0.00000000,0.00000000,-0.00000000,1.17743648,1.16720972,-0.03712133,-0.15592501
2018-07-20,10932.11035156,0.00892728,0.00000000,0.00000000,0.00000000,1.18794778,1.16720972,-0.02852545,-0.15592501
2018-07-23,10946.88964844,0.00135192,0.00000000,0.00000000,0.00000000,1.18955379,1.16720972,-0.02721209,-0.15592501
2018-07-24,10995.38964844,0.00443048,0.00000000,0.00000000,0.00000000,1.19482409,1.16720972,-0.02290218,-0.15592501
2018-07-25,10965.79003906,-0.00269200,0.00000000,0.00000000,-0.00000000,1.19160762,1.16720972,-0.02553252,-0.15592501
2018-07-26,11010.61035156,0.00408729,0.00000000,0.00000000,0.00000000,1.19647806,1.16720972,-0.02154960,-0.15592501
2018-07-27,11075.78027344,0.00591883,0.00000000,0.00000000,0.00000000,1.20355981,1.16720972,-0.01575832,-0.15592501
2018-07-30,11033.54003906,-0.00381375,0.00000000,0.00000000,-0.00000000,1.19896973,1.16720972,-0.01951197,-0.15592501
2018-07-31,11057.50976562,0.00217244,0.00000000,0.00000000,0.00000000,1.20157442,1.16720972,-0.01738191,-0.15592501
2018-08-01,11098.12988281,0.00367353,0.00000000,0.00000000,0.00000000,1.20598845,1.16720972,-0.01377223,-0.15592501
2018-08-02,10929.76953125,-0.01517016,0.00000000,0.00000000,-0.00000000,1.18769342,1.16720972,-0.02873346,-0.15592501
2018-08-03,11012.42968750,0.00756285,0.00000000,0.00000000,0.00000000,1.19667576,1.16720972,-0.02138792,-0.15592501
2018-08-06,11024.09960938,0.00105970,1.00000000,0.00000000,0.00000000,1.19794388,1.16720972,-0.02035088,-0.15592501
2018-08-07,10983.44042969,-0.00368821,1.00000000,1.00000000,-0.00368821,1.19352561,1.16290480,-0.02396403,-0.15903814
2018-08-08,11075.25000000,0.00835891,1.00000000,1.00000000,0.00835891,1.20350218,1.17262542,-0.01580544,-0.15200862
2018-08-09,11028.07031250,-0.00425992,1.00000000,1.00000000,-0.00425992,1.19837536,1.16763013,-0.01999803,-0.15562099
2018-08-10,10983.67968750,-0.00402524,1.00000000,1.00000000,-0.00402524,1.19355161,1.16293013,-0.02394277,-0.15901982
2018-08-13,10748.91992188,-0.02137351,1.00000000,1.00000000,-0.02137351,1.16804123,1.13807424,-0.04480454,-0.17699452
2018-08-14,10824.23046875,0.00700634,1.00000000,1.00000000,0.00700634,1.17622492,1.14604797,-0.03811212,-0.17122826
2018-08-15,10716.75000000,-0.00992962,1.00000000,1.00000000,-0.00992962,1.16454545,1.13466815,-0.04766330,-0.17945765
2018-08-16,10683.90039062,-0.00306526,1.00000000,1.00000000,-0.00306526,1.16097582,1.13119010,-0.05058246,-0.18197282
2018-08-17,10690.95996094,0.00066077,1.00000000,1.00000000,0.00066077,1.16174295,1.13193755,-0.04995511,-0.18143230
2018-08-20,10699.04980469,0.00075670,0.00000000,1.00000000,0.00075670,1.16262204,1.13279409,-0.04923621,-0.18081289
2018-08-21,10792.20019531,0.00870642,0.00000000,0.00000000,0.00000000,1.17274432,1.13279409,-0.04095847,-0.18081289
2018-08-22,10804.20019531,0.00111191,0.00000000,0.00000000,0.00000000,1.17404831,1.13279409,-0.03989210,-0.18081289
2018-08-23,10863.12988281,0.00545433,0.00000000,0.00000000,0.00000000,1.18045196,1.13279409,-0.03465535,-0.18081289
2018-08-24,10809.34960938,-0.00495072,0.00000000,0.00000000,-0.00000000,1.17460787,1.13279409,-0.03943450,-0.18081289
2018-08-27,10902.20996094,0.00859074,0.00000000,0.00000000,0.00000000,1.18469863,1.13279409,-0.03118252,-0.18081289
2018-08-28,10989.54980469,0.00801121,0.00000000,0.00000000,0.00000000,1.19418949,1.13279409,-0.02342113,-0.18081289
2018-08-29,11099.57031250,0.01001138,0.00000000,0.00000000,0.00000000,1.20614497,1.13279409,-0.01364423,-0.18081289
2018-08-30,11093.75000000,-0.00052437,0.00000000,0.00000000,-0.00000000,1.20551250,1.13279409,-0.01416145,-0.18081289
2018-08-31,11063.94042969,-0.00268706,0.00000000,0.00000000,-0.00000000,1.20227322,1.13279409,-0.01681046,-0.18081289
2018-09-03,10964.21972656,-0.00901313,0.00000000,0.00000000,-0.00000000,1.19143698,1.13279409,-0.02567207,-0.18081289
2018-09-04,11021.37988281,0.00521334,0.00000000,0.00000000,0.00000000,1.19764834,1.13279409,-0.02059257,-0.18081289
2018-09-05,10995.12988281,-0.00238173,0.00000000,0.00000000,-0.00000000,1.19479586,1.13279409,-0.02292526,-0.18081289
2018-09-06,10924.29980469,-0.00644195,0.00000000,0.00000000,-0.00000000,1.18709904,1.13279409,-0.02921953,-0.18081289
2018-09-07,10846.99023438,-0.00707684,0.00000000,0.00000000,-0.00000000,1.17869813,1.13279409,-0.03608959,-0.18081289
2018-09-10,10725.79980469,-0.01117272,0.00000000,0.00000000,-0.00000000,1.16552886,1.13279409,-0.04685909,-0.18081289
2018-09-11,10752.29980469,0.00247068,0.00000000,0.00000000,0.00000000,1.16840850,1.13279409,-0.04450419,-0.18081289
2018-09-12,10722.57031250,-0.00276494,0.00000000,0.00000000,-0.00000000,1.16517792,1.13279409,-0.04714608,-0.18081289
2018-09-13,10727.23046875,0.00043461,0.00000000,0.00000000,0.00000000,1.16568432,1.13279409,-0.04673196,-0.18081289
2018-09-14,10868.13964844,0.01313565,0.00000000,0.00000000,0.00000000,1.18099635,1.13279409,-0.03421016,-0.18081289
2018-09-17,10828.61035156,-0.00363717,0.00000000,0.00000000,-0.00000000,1.17670086,1.13279409,-0.03772290,-0.18081289
2018-09-18,10760.20996094,-0.00631664,0.00000000,0.00000000,-0.00000000,1.16926807,1.13279409,-0.04380126,-0.18081289
2018-09-19,10857.26953125,0.00902023,0.00000000,0.00000000,0.00000000,1.17981514,1.13279409,-0.03517613,-0.18081289
2018-09-20,10831.41015625,-0.00238176,0.00000000,0.00000000,-0.00000000,1.17700510,1.13279409,-0.03747410,-0.18081289
2018-09-21,10972.41015625,0.01301770,0.00000000,0.00000000,0.00000000,1.19232700,1.13279409,-0.02494423,-0.18081289
2018-09-25,10978.84960938,0.00058688,0.00000000,0.00000000,0.00000000,1.19302675,1.13279409,-0.02437199,-0.18081289
2018-09-26,10974.19042969,-0.00042438,0.00000000,0.00000000,-0.00000000,1.19252045,1.13279409,-0.02478603,-0.18081289
2018-09-27,11034.19042969,0.00546737,0.00000000,0.00000000,0.00000000,1.19904041,1.13279409,-0.01945417,-0.18081289
2018-09-28,11006.33984375,-0.00252403,0.00000000,0.00000000,-0.00000000,1.19601400,1.13279409,-0.02192909,-0.18081289
2018-10-01,11051.79980469,0.00413034,0.00000000,0.00000000,0.00000000,1.20095395,1.13279409,-0.01788932,-0.18081289
2018-10-02,10919.62988281,-0.01195913,0.00000000,0.00000000,-0.00000000,1.18659158,1.13279409,-0.02963452,-0.18081289
2018-10-03,10863.94042969,-0.00509994,0.00000000,0.00000000,-0.00000000,1.18054004,1.13279409,-0.03458332,-0.18081289
2018-10-04,10718.91015625,-0.01334969,0.00000000,0.00000000,-0.00000000,1.16478019,1.13279409,-0.04747134,-0.18081289
2018-10-05,10517.12011719,-0.01882561,0.00000000,0.00000000,-0.00000000,1.14285249,1.13279409,-0.06540327,-0.18081289
2018-10-08,10455.92968750,-0.00581817,0.00000000,0.00000000,-0.00000000,1.13620317,1.13279409,-0.07084092,-0.18081289
2018-10-09,10466.83007812,0.00104251,0.00000000,0.00000000,0.00000000,1.13738768,1.13279409,-0.06987226,-0.18081289
2018-10-11,9806.11035156,-0.06312510,0.00000000,0.00000000,-0.00000000,1.06558996,1.13279409,-0.12858667,-0.18081289
2018-10-12,10045.80957031,0.02444386,0.00000000,0.00000000,0.00000000,1.09163710,1.13279409,-0.10728596,-0.18081289
2018-10-15,9901.12011719,-0.01440297,0.00000000,0.00000000,-0.00000000,1.07591428,1.13279409,-0.12014369,-0.18081289
2018-10-16,9981.09960938,0.00807782,0.00000000,0.00000000,0.00000000,1.08460533,1.13279409,-0.11303637,-0.18081289
2018-10-17,9979.13964844,-0.00019637,0.00000000,0.00000000,-0.00000000,1.08439235,1.13279409,-0.11321054,-0.18081289
2018-10-18,9953.73046875,-0.00254623,0.00000000,0.00000000,-0.00000000,1.08163124,1.13279409,-0.11546851,-0.18081289
2018-10-19,9919.25976562,-0.00346309,0.00000000,0.00000000,-0.00000000,1.07788545,1.13279409,-0.11853173,-0.18081289
2018-10-22,9974.28027344,0.00554684,0.00000000,0.00000000,0.00000000,1.08386430,1.13279409,-0.11364237,-0.18081289
2018-10-23,9775.20019531,-0.01995934,0.00000000,0.00000000,-0.00000000,1.06223108,1.13279409,-0.13133348,-0.18081289
2018-10-24,9759.40039062,-0.00161632,0.00000000,0.00000000,-0.00000000,1.06051418,1.13279409,-0.13273752,-0.18081289
2018-10-25,9520.79003906,-0.02444928,0.00000000,0.00000000,-0.00000000,1.03458537,1.13279409,-0.15394147,-0.18081289
2018-10-26,9489.17968750,-0.00332014,0.00000000,0.00000000,-0.00000000,1.03115040,1.13279409,-0.15675050,-0.18081289
2018-10-29,9516.32031250,0.00286017,0.00000000,0.00000000,0.00000000,1.03409966,1.13279409,-0.15433867,-0.18081289
2018-10-30,9526.11035156,0.00102876,0.00000000,0.00000000,0.00000000,1.03516351,1.13279409,-0.15346868,-0.18081289
2018-10-31,9802.12988281,0.02897505,0.00000000,0.00000000,0.00000000,1.06515742,1.13279409,-0.12894039,-0.18081289
2018-11-01,9844.74023438,0.00434705,0.00000000,0.00000000,0.00000000,1.06978771,1.13279409,-0.12515385,-0.18081289
2018-11-02,9906.58984375,0.00628250,0.00000000,0.00000000,0.00000000,1.07650866,1.13279409,-0.11965763,-0.18081289
2018-11-05,9889.80957031,-0.00169385,0.00000000,0.00000000,-0.00000000,1.07468521,1.13279409,-0.12114880,-0.18081289
2018-11-06,9824.95019531,-0.00655820,0.00000000,0.00000000,-0.00000000,1.06763721,1.13279409,-0.12691248,-0.18081289
2018-11-07,9908.34960938,0.00848853,0.00000000,0.00000000,0.00000000,1.07669988,1.13279409,-0.11950125,-0.18081289
2018-11-08,9945.30957031,0.00373018,0.00000000,0.00000000,0.00000000,1.08071617,1.13279409,-0.11621683,-0.18081289
2018-11-09,9830.00976562,-0.01159339,0.00000000,0.00000000,-0.00000000,1.06818701,1.13279409,-0.12646287,-0.18081289
2018-11-12,9831.20996094,0.00012210,0.00000000,0.00000000,0.00000000,1.06831743,1.13279409,-0.12635621,-0.18081289
2018-11-13,9775.83984375,-0.00563208,0.00000000,0.00000000,-0.00000000,1.06230059,1.13279409,-0.13127664,-0.18081289
2018-11-14,9791.87988281,0.00164078,0.00000000,0.00000000,0.00000000,1.06404359,1.13279409,-0.12985125,-0.18081289
2018-11-15,9826.45996094,0.00353151,0.00000000,0.00000000,0.00000000,1.06780127,1.13279409,-0.12677832,-0.18081289
2018-11-16,9797.08984375,-0.00298888,0.00000000,0.00000000,-0.00000000,1.06460974,1.13279409,-0.12938827,-0.18081289
2018-11-19,9828.69042969,0.00322551,0.00000000,0.00000000,0.00000000,1.06804365,1.13279409,-0.12658011,-0.18081289
2018-11-20,9743.99023438,-0.00861765,0.00000000,0.00000000,-0.00000000,1.05883962,1.13279409,-0.13410693,-0.18081289
2018-11-21,9741.51953125,-0.00025356,0.00000000,0.00000000,-0.00000000,1.05857114,1.13279409,-0.13432649,-0.18081289
2018-11-22,9714.70996094,-0.00275209,0.00000000,0.00000000,-0.00000000,1.05565785,1.13279409,-0.13670890,-0.18081289
2018-11-23,9667.29980469,-0.00488024,0.00000000,0.00000000,-0.00000000,1.05050599,1.13279409,-0.14092198,-0.18081289
2018-11-26,9765.36035156,0.01014353,0.00000000,0.00000000,0.00000000,1.06116183,1.13279409,-0.13220789,-0.18081289
2018-11-27,9778.62011719,0.00135784,0.00000000,0.00000000,0.00000000,1.06260271,1.13279409,-0.13102957,-0.18081289
2018-11-28,9884.30957031,0.01080822,0.00000000,0.00000000,0.00000000,1.07408755,1.13279409,-0.12163755,-0.18081289
2018-11-29,9885.36035156,0.00010631,0.00000000,0.00000000,0.00000000,1.07420174,1.13279409,-0.12154417,-0.18081289
2018-11-30,9888.03027344,0.00027009,0.00000000,0.00000000,0.00000000,1.07449186,1.13279409,-0.12130691,-0.18081289
2018-12-03,10137.87011719,0.02526690,0.00000000,0.00000000,0.00000000,1.10164094,1.13279409,-0.09910507,-0.18081289
2018-12-04,10083.54003906,-0.00535912,0.00000000,0.00000000,-0.00000000,1.09573711,1.13279409,-0.10393307,-0.18081289
2018-12-05,9916.74023438,-0.01654179,0.00000000,0.00000000,-0.00000000,1.07761166,1.13279409,-0.11875562,-0.18081289
2018-12-06,9684.71972656,-0.02339685,0.00000000,0.00000000,-0.00000000,1.05239894,1.13279409,-0.13937397,-0.18081289
2018-12-07,9760.87988281,0.00786395,0.00000000,0.00000000,0.00000000,1.06067495,1.13279409,-0.13260605,-0.18081289
2018-12-10,9647.54003906,-0.01161164,0.00000000,0.00000000,-0.00000000,1.04835877,1.13279409,-0.14267791,-0.18081289
2018-12-11,9707.04003906,0.00616738,0.00000000,0.00000000,0.00000000,1.05482440,1.13279409,-0.13739049,-0.18081289
2018-12-12,9816.45019531,0.01127122,0.00000000,0.00000000,0.00000000,1.06671355,1.13279409,-0.12766783,-0.18081289
2018-12-13,9858.75976562,0.00431007,0.00000000,0.00000000,0.00000000,1.07131116,1.13279409,-0.12390802,-0.18081289
2018-12-14,9774.16015625,-0.00858116,0.00000000,0.00000000,-0.00000000,1.06211806,1.13279409,-0.13142590,-0.18081289
2018-12-17,9787.53027344,0.00136790,0.00000000,0.00000000,0.00000000,1.06357094,1.13279409,-0.13023778,-0.18081289
2018-12-18,9718.82031250,-0.00702015,0.00000000,0.00000000,-0.00000000,1.05610451,1.13279409,-0.13634364,-0.18081289
2018-12-19,9783.20996094,0.00662525,0.00000000,0.00000000,0.00000000,1.06310147,1.13279409,-0.13062170,-0.18081289
2018-12-20,9674.51953125,-0.01110989,0.00000000,0.00000000,-0.00000000,1.05129052,1.13279409,-0.14028040,-0.18081289
2018-12-21,9676.66992188,0.00022227,0.00000000,0.00000000,0.00000000,1.05152420,1.13279409,-0.14008931,-0.18081289
2018-12-24,9639.70019531,-0.00382050,0.00000000,0.00000000,-0.00000000,1.04750685,1.13279409,-0.14337460,-0.18081289
2018-12-25,9527.08984375,-0.01168194,0.00000000,0.00000000,-0.00000000,1.03526994,1.13279409,-0.15338164,-0.18081289
2018-12-26,9478.99023438,-0.00504872,0.00000000,0.00000000,-0.00000000,1.03004315,1.13279409,-0.15765598,-0.18081289
2018-12-27,9641.55957031,0.01715049,0.00000000,0.00000000,0.00000000,1.04770890,1.13279409,-0.14320936,-0.18081289
2018-12-28,9727.41015625,0.00890422,0.00000000,0.00000000,0.00000000,1.05703793,1.13279409,-0.13558031,-0.18081289
2019-01-02,9554.13964844,-0.01781260,0.00000000,0.00000000,-0.00000000,1.03820933,1.13279409,-0.15097788,-0.18081289
2019-01-03,9492.41992188,-0.00646000,0.00000000,0.00000000,-0.00000000,1.03150250,1.13279409,-0.15646256,-0.18081289
2019-01-04,9382.50976562,-0.01157873,0.00000000,0.00000000,-0.00000000,1.01955902,1.13279409,-0.16622965,-0.18081289
2019-01-07,9590.29980469,0.02214653,0.00000000,0.00000000,0.00000000,1.04213871,1.13279409,-0.14776453,-0.18081289
2019-01-08,9563.59960938,-0.00278408,0.00000000,0.00000000,-0.00000000,1.03923731,1.13279409,-0.15013722,-0.18081289
2019-01-09,9738.30957031,0.01826822,0.00000000,0.00000000,0.00000000,1.05822233,1.13279409,-0.13461174,-0.18081289
2019-01-10,9720.69042969,-0.00180926,0.00000000,0.00000000,-0.00000000,1.05630773,1.13279409,-0.13617745,-0.18081289
2019-01-11,9759.40039062,0.00398222,0.00000000,0.00000000,0.00000000,1.06051418,1.13279409,-0.13273752,-0.18081289
2019-01-14,9708.21972656,-0.00524424,0.00000000,0.00000000,-0.00000000,1.05495259,1.13279409,-0.13728565,-0.18081289
2019-01-15,9806.04003906,0.01007603,0.00000000,0.00000000,0.00000000,1.06558232,1.13279409,-0.12859292,-0.18081289
2019-01-16,9763.80957031,-0.00430658,0.00000000,0.00000000,-0.00000000,1.06099331,1.13279409,-0.13234570,-0.18081289
2019-01-17,9789.15039062,0.00259538,0.00000000,0.00000000,0.00000000,1.06374699,1.13279409,-0.13009381,-0.18081289
2019-01-18,9836.05957031,0.00479196,0.00000000,0.00000000,0.00000000,1.06884442,1.13279409,-0.12592525,-0.18081289
2019-01-21,9889.40039062,0.00542299,1.00000000,0.00000000,0.00000000,1.07464075,1.13279409,-0.12118516,-0.18081289
2019-01-22,9894.66015625,0.00053186,1.00000000,1.00000000,0.00053186,1.07521231,1.13339658,-0.12071775,-0.18037720
2019-01-23,9846.40039062,-0.00487735,1.00000000,1.00000000,-0.00487735,1.06996812,1.12786860,-0.12500632,-0.18437479
2019-01-24,9877.12011719,0.00311989,1.00000000,1.00000000,0.00311989,1.07330630,1.13138743,-0.12227644,-0.18183012
2019-01-25,9969.61035156,0.00936409,1.00000000,1.00000000,0.00936409,1.08335684,1.14198184,-0.11405735,-0.17416871
2019-01-28,10013.33007812,0.00438530,1.00000000,1.00000000,0.00438530,1.08810768,1.14698977,-0.11017223,-0.17054719
2019-01-29,9931.58984375,-0.00816314,1.00000000,1.00000000,-0.00816314,1.07922531,1.13762673,-0.11743602,-0.17731813
2019-01-30,9932.25976562,0.00006745,1.00000000,1.00000000,0.00006745,1.07929810,1.13770347,-0.11737649,-0.17726264
2019-02-11,10004.25000000,0.00724812,1.00000000,1.00000000,0.00724812,1.08712099,1.14594969,-0.11097913,-0.17129934
2019-02-12,10097.74023438,0.00934505,1.00000000,1.00000000,0.00934505,1.09728019,1.15665864,-0.10267118,-0.16355509
2019-02-13,10090.58007812,-0.00070909,1.00000000,1.00000000,-0.00070909,1.09650212,1.15583848,-0.10330746,-0.16414820
2019-02-14,10089.00976562,-0.00015562,1.00000000,1.00000000,-0.00015562,1.09633149,1.15565860,-0.10344701,-0.16427827
2019-02-15,10064.78027344,-0.00240157,1.00000000,1.00000000,-0.00240157,1.09369857,1.15288320,-0.10560014,-0.16628532
2019-02-18,10145.28027344,0.00799819,1.00000000,1.00000000,0.00799819,1.10244617,1.16210418,-0.09844657,-0.15961711
2019-02-19,10152.25976562,0.00068795,1.00000000,1.00000000,0.00068795,1.10320460,1.16290365,-0.09782634,-0.15903897
2019-02-20,10272.45996094,0.01183975,1.00000000,1.00000000,0.01183975,1.11626627,1.17667214,-0.08714483,-0.14908220
2019-02-21,10319.53027344,0.00458219,1.00000000,1.00000000,0.00458219,1.12138121,1.18206387,-0.08296196,-0.14518314
2019-02-22,10322.91992188,0.00032847,1.00000000,1.00000000,0.00032847,1.12174955,1.18245214,-0.08266074,-0.14490236
2019-02-25,10390.92968750,0.00658823,1.00000000,1.00000000,0.00658823,1.12913989,1.19024241,-0.07661710,-0.13926878
2019-02-26,10391.54980469,0.00005968,1.00000000,1.00000000,0.00005968,1.12920728,1.19031344,-0.07656199,-0.13921741
2019-02-27,10389.16992188,-0.00022902,1.00000000,1.00000000,-0.00022902,1.12894866,1.19004083,-0.07677348,-0.13941455
2019-03-04,10349.87988281,-0.00378183,1.00000000,1.00000000,-0.00378183,1.12467918,1.18554031,-0.08026496,-0.14266913
2019-03-05,10305.25976562,-0.00431117,1.00000000,1.00000000,-0.00431117,1.11983049,1.18042924,-0.08423010,-0.14636524
2019-03-06,10357.15039062,0.00503535,1.00000000,1.00000000,0.00503535,1.12546923,1.18637311,-0.07961887,-0.14206688
2019-03-07,10311.67968750,-0.00439027,1.00000000,1.00000000,-0.00439027,1.12052812,1.18116461,-0.08365960,-0.14583344
2019-03-08,10241.75000000,-0.00678160,1.00000000,1.00000000,-0.00678160,1.11292914,1.17315443,-0.08987385,-0.15162606
2019-03-11,10250.28027344,0.00083289,1.00000000,1.00000000,0.00083289,1.11385609,1.17413154,-0.08911581,-0.15091945
2019-03-12,10343.33007812,0.00907778,1.00000000,1.00000000,0.00907778,1.12396744,1.18479005,-0.08084701,-0.14321169
2019-03-13,10373.32031250,0.00289948,1.00000000,1.00000000,0.00289948,1.12722635,1.18822532,-0.07818194,-0.14072745
2019-03-14,10348.65039062,-0.00237821,1.00000000,1.00000000,-0.00237821,1.12454557,1.18539947,-0.08037422,-0.14277098
2019-03-15,10439.24023438,0.00875378,1.00000000,1.00000000,0.00875378,1.13438960,1.19577620,-0.07232401,-0.13526698
2019-03-18,10512.70019531,0.00703691,1.00000000,1.00000000,0.00703691,1.14237219,1.20419077,-0.06579605,-0.12918194
2019-03-19,10512.32031250,-0.00003614,1.00000000,1.00000000,-0.00003614,1.14233091,1.20414725,-0.06582980,-0.12921340
2019-03-20,10551.55957031,0.00373269,1.00000000,1.00000000,0.00373269,1.14659488,1.20864196,-0.06234283,-0.12596303
2019-03-21,10609.54980469,0.00549589,1.00000000,1.00000000,0.00549589,1.15289645,1.21528453,-0.05718957,-0.12115941
2019-03-22,10639.07031250,0.00278245,1.00000000,1.00000000,0.00278245,1.15610432,1.21866599,-0.05456625,-0.11871409
2019-03-25,10479.48046875,-0.01500036,1.00000000,1.00000000,-0.01500036,1.13876234,1.20038557,-0.06874809,-0.13193369
2019-03-26,10559.20019531,0.00760722,1.00000000,1.00000000,0.00760722,1.14742516,1.20951717,-0.06166385,-0.12533012
2019-03-27,10542.70019531,-0.00156262,1.00000000,1.00000000,-0.00156262,1.14563217,1.20762716,-0.06313012,-0.12669689
2019-03-28,10536.25976562,-0.00061089,1.00000000,1.00000000,-0.00061089,1.14493232,1.20688943,-0.06370244,-0.12723038
2019-03-29,10641.04003906,0.00994473,1.00000000,1.00000000,0.00994473,1.15631836,1.21889162,-0.05439121,-0.11855092
2019-04-01,10642.62988281,0.00014941,1.00000000,1.00000000,0.00014941,1.15649112,1.21907373,-0.05424993,-0.11841923
2019-04-02,10690.29980469,0.00447915,1.00000000,1.00000000,0.00447915,1.16167122,1.22453414,-0.05001378,-0.11447050
2019-04-03,10704.37988281,0.00131709,1.00000000,1.00000000,0.00131709,1.16320124,1.22614696,-0.04876256,-0.11330418
2019-04-08,10800.57031250,0.00898608,1.00000000,1.00000000,0.00898608,1.17365386,1.23716522,-0.04021466,-0.10533626
2019-04-09,10851.59960938,0.00472469,1.00000000,1.00000000,0.00472469,1.17919901,1.24301044,-0.03567998,-0.10110925
2019-04-10,10868.13964844,0.00152420,1.00000000,1.00000000,0.00152420,1.18099635,1.24490504,-0.03421016,-0.09973916
2019-04-11,10808.76953125,-0.00546277,1.00000000,1.00000000,-0.00546277,1.17454484,1.23810441,-0.03948604,-0.10465707
2019-04-12,10805.29980469,-0.00032101,1.00000000,1.00000000,-0.00032101,1.17416780,1.23770697,-0.03979438,-0.10494449
2019-04-15,10875.59960938,0.00650605,1.00000000,1.00000000,0.00650605,1.18180699,1.24575955,-0.03354724,-0.09912121
2019-04-16,10927.84960938,0.00480433,1.00000000,1.00000000,0.00480433,1.18748479,1.25174459,-0.02890407,-0.09479309
2019-04-17,10997.25976562,0.00635168,1.00000000,1.00000000,0.00635168,1.19502730,1.25969527,-0.02273599,-0.08904351
2019-04-18,10962.01953125,-0.00320446,1.00000000,1.00000000,-0.00320446,1.19119789,1.25565863,-0.02586759,-0.09196263
2019-04-19,10968.50000000,0.00059117,1.00000000,1.00000000,0.00059117,1.19190210,1.25640094,-0.02529171,-0.09142582
2019-04-22,10987.70996094,0.00175138,1.00000000,1.00000000,0.00175138,1.19398957,1.25860137,-0.02358463,-0.08983457
2019-04-23,11025.67968750,0.00345565,1.00000000,1.00000000,0.00345565,1.19811558,1.26295066,-0.02021047,-0.08668935
2019-04-24,11027.63964844,0.00017776,1.00000000,1.00000000,0.00017776,1.19832856,1.26317517,-0.02003630,-0.08652700
2019-04-25,11039.86035156,0.00110819,1.00000000,1.00000000,0.00110819,1.19965654,1.26457501,-0.01895032,-0.08551470
2019-04-26,10952.46972656,-0.00791592,1.00000000,1.00000000,-0.00791592,1.19016015,1.25456473,-0.02671622,-0.09275369
2019-04-29,10939.05957031,-0.00122440,1.00000000,1.00000000,-0.00122440,1.18870293,1.25302865,-0.02790791,-0.09386452
2019-04-30,10967.73046875,0.00262097,1.00000000,1.00000000,0.00262097,1.19181848,1.25631280,-0.02536009,-0.09148957
2019-05-02,11004.49023438,0.00335163,1.00000000,1.00000000,0.00335163,1.19581301,1.26052349,-0.02209346,-0.08844458
2019-05-03,11096.29980469,0.00834292,1.00000000,1.00000000,0.00834292,1.20578958,1.27103994,-0.01393486,-0.08083954
2019-05-06,10897.12011719,-0.01795010,1.00000000,1.00000000,-0.01795010,1.18414554,1.24822464,-0.03163483,-0.09733857
2019-05-07,10987.13964844,0.00826086,1.00000000,1.00000000,0.00826086,1.19392759,1.25853604,-0.02363531,-0.08988181
2019-05-08,10923.70996094,-0.00577308,1.00000000,1.00000000,-0.00577308,1.18703495,1.25127041,-0.02927194,-0.09513600
2019-05-09,10733.66992188,-0.01739702,1.00000000,1.00000000,-0.01739702,1.16638407,1.22950203,-0.04615972,-0.11087794
2019-05-10,10712.99023438,-0.00192662,1.00000000,1.00000000,-0.00192662,1.16413689,1.22713325,-0.04799741,-0.11259094
2019-05-13,10558.29003906,-0.01444043,1.00000000,1.00000000,-0.01444043,1.14732626,1.20941291,-0.06174473,-0.12540551
2019-05-14,10519.25000000,-0.00369757,1.00000000,1.00000000,-0.00369757,1.14308393,1.20494102,-0.06521400,-0.12863938
2019-05-15,10560.70996094,0.00394134,1.00000000,1.00000000,0.00394134,1.14758922,1.20969011,-0.06152969,-0.12520505
2019-05-16,10474.61035156,-0.00815282,1.00000000,1.00000000,-0.00815282,1.13823313,1.19982772,-0.06918087,-0.13233710
2019-05-17,10384.11035156,-0.00863994,1.00000000,1.00000000,-0.00863994,1.12839886,1.18946128,-0.07722309,-0.13983366
2019-05-20,10398.41015625,0.00137709,1.00000000,1.00000000,0.00137709,1.12995276,1.19109927,-0.07595235,-0.13864914
2019-05-21,10464.50000000,0.00635576,1.00000000,1.00000000,0.00635576,1.13713448,1.19866961,-0.07007932,-0.13317459
2019-05-22,10457.21972656,-0.00069571,1.00000000,1.00000000,-0.00069571,1.13634336,1.19783569,-0.07072628,-0.13377765
2019-05-23,10308.37011719,-0.01423415,1.00000000,1.00000000,-0.01423415,1.12016848,1.18078552,-0.08395370,-0.14610759
2019-05-24,10328.28027344,0.00193146,1.00000000,1.00000000,0.00193146,1.12233203,1.18306615,-0.08218440,-0.14445834
2019-05-27,10334.12988281,0.00056637,1.00000000,1.00000000,0.00056637,1.12296769,1.18373620,-0.08166457,-0.14397378
2019-05-28,10312.30957031,-0.00211148,1.00000000,1.00000000,-0.00211148,1.12059656,1.18123677,-0.08360362,-0.14578127
2019-05-29,10301.78027344,-0.00102104,1.00000000,1.00000000,-0.00102104,1.11945239,1.18003067,-0.08453930,-0.14665346
2019-05-30,10382.99023438,0.00788310,1.00000000,1.00000000,0.00788310,1.12827714,1.18933297,-0.07732263,-0.13992644
2019-05-31,10498.49023438,0.01112396,1.00000000,1.00000000,0.01112396,1.14082806,1.20256307,-0.06705880,-0.13035902
2019-06-03,10500.07031250,0.00015051,0.00000000,1.00000000,0.00015051,1.14099976,1.20274406,-0.06691839,-0.13022813
2019-06-04,10429.12011719,-0.00675712,0.00000000,0.00000000,-0.00000000,1.13328989,1.20274406,-0.07322333,-0.13022813
2019-06-05,10461.62011719,0.00311627,0.00000000,0.00000000,0.00000000,1.13682153,1.20274406,-0.07033524,-0.13022813
2019-06-06,10409.20019531,-0.00501069,0.00000000,0.00000000,-0.00000000,1.13112527,1.20274406,-0.07499350,-0.13022813
2019-06-10,10566.46972656,0.01510870,0.00000000,0.00000000,0.00000000,1.14821511,1.20274406,-0.06101785,-0.13022813
2019-06-11,10607.75976562,0.00390765,0.00000000,0.00000000,0.00000000,1.15270193,1.20274406,-0.05734864,-0.13022813
2019-06-12,10615.66015625,0.00074477,0.00000000,0.00000000,0.00000000,1.15356043,1.20274406,-0.05664658,-0.13022813
2019-06-13,10561.00976562,-0.00514809,0.00000000,0.00000000,-0.00000000,1.14762180,1.20274406,-0.06150305,-0.13022813
2019-06-14,10524.66992188,-0.00344094,0.00000000,0.00000000,-0.00000000,1.14367290,1.20274406,-0.06473236,-0.13022813
2019-06-17,10530.54003906,0.00055775,0.00000000,0.00000000,0.00000000,1.14431078,1.20274406,-0.06421072,-0.13022813
2019-06-18,10566.74023438,0.00343764,0.00000000,0.00000000,0.00000000,1.14824450,1.20274406,-0.06099381,-0.13022813
2019-06-19,10775.33984375,0.01974115,0.00000000,0.00000000,0.00000000,1.17091217,1.20274406,-0.04245675,-0.13022813
2019-06-20,10785.00976562,0.00089741,0.00000000,0.00000000,0.00000000,1.17196296,1.20274406,-0.04159744,-0.13022813
2019-06-21,10803.76953125,0.00173943,0.00000000,0.00000000,0.00000000,1.17400151,1.20274406,-0.03993037,-0.13022813
2019-06-24,10779.45019531,-0.00225100,0.00000000,0.00000000,-0.00000000,1.17135883,1.20274406,-0.04209149,-0.13022813
2019-06-25,10706.71972656,-0.00674714,0.00000000,0.00000000,-0.00000000,1.16345550,1.20274406,-0.04855463,-0.13022813
2019-06-26,10652.54980469,-0.00505943,0.00000000,0.00000000,-0.00000000,1.15756908,1.20274406,-0.05336840,-0.13022813
2019-06-27,10773.90039062,0.01139169,0.00000000,0.00000000,0.00000000,1.17075575,1.20274406,-0.04258467,-0.13022813
2019-06-28,10730.83007812,-0.00399765,0.00000000,0.00000000,-0.00000000,1.16607548,1.20274406,-0.04641208,-0.13022813
2019-07-01,10895.45996094,0.01534177,0.00000000,0.00000000,0.00000000,1.18396513,1.20274406,-0.03178236,-0.13022813
2019-07-02,10865.12011719,-0.00278463,0.00000000,0.00000000,-0.00000000,1.18066823,1.20274406,-0.03447849,-0.13022813
2019-07-03,10743.76953125,-0.01116882,0.00000000,0.00000000,-0.00000000,1.16748155,1.20274406,-0.04526223,-0.13022813
2019-07-04,10775.90039062,0.00299065,0.00000000,0.00000000,0.00000000,1.17097308,1.20274406,-0.04240694,-0.13022813
2019-07-05,10785.73046875,0.00091223,0.00000000,0.00000000,0.00000000,1.17204128,1.20274406,-0.04153340,-0.13022813
2019-07-08,10751.21972656,-0.00319967,1.00000000,0.00000000,-0.00000000,1.16829114,1.20274406,-0.04460017,-0.13022813
2019-07-09,10702.78027344,-0.00450548,1.00000000,1.00000000,-0.00450548,1.16302742,1.19732512,-0.04890471,-0.13414687
2019-07-10,10798.48046875,0.00894162,1.00000000,1.00000000,0.00894162,1.17342677,1.20803114,-0.04040038,-0.12640475
2019-07-11,10843.41992188,0.00416165,1.00000000,1.00000000,0.00416165,1.17831016,1.21305854,-0.03640686,-0.12276915
2019-07-12,10824.34960938,-0.00175870,1.00000000,1.00000000,-0.00175870,1.17623786,1.21092514,-0.03810153,-0.12431194
2019-07-15,10876.42968750,0.00481138,1.00000000,1.00000000,0.00481138,1.18189719,1.21675136,-0.03347347,-0.12009867
2019-07-16,10886.04980469,0.00088449,1.00000000,1.00000000,0.00088449,1.18294257,1.21782757,-0.03261859,-0.11932040
2019-07-17,10828.48046875,-0.00528836,1.00000000,1.00000000,-0.00528836,1.17668675,1.21138726,-0.03773445,-0.12397775
2019-07-18,10799.28027344,-0.00269661,1.00000000,1.00000000,-0.00269661,1.17351368,1.20812062,-0.04032930,-0.12634004
2019-07-19,10873.19042969,0.00684399,1.00000000,1.00000000,0.00684399,1.18154520,1.21638898,-0.03376133,-0.12036072
2019-07-22,10944.53027344,0.00656108,1.00000000,1.00000000,0.00656108,1.18929740,1.22436980,-0.02742176,-0.11458934
2019-07-23,10947.25976562,0.00024939,1.00000000,1.00000000,0.00024939,1.18959401,1.22467515,-0.02717920,-0.11436852
2019-07-24,10935.75976562,-0.00105049,1.00000000,1.00000000,-0.00105049,1.18834435,1.22338864,-0.02820114,-0.11529887
2019-07-25,10941.41015625,0.00051669,1.00000000,1.00000000,0.00051669,1.18895835,1.22402075,-0.02769903,-0.11484176
2019-07-26,10891.98046875,-0.00451767,1.00000000,1.00000000,-0.00451767,1.18358703,1.21849103,-0.03209156,-0.11884061
2019-07-29,10885.73046875,-0.00057382,1.00000000,1.00000000,-0.00057382,1.18290787,1.21779184,-0.03264696,-0.11934623
2019-07-30,10830.90039062,-0.00503688,1.00000000,1.00000000,-0.00503688,1.17694971,1.21165797,-0.03751940,-0.12378198
2019-07-31,10823.80957031,-0.00065468,1.00000000,1.00000000,-0.00065468,1.17617918,1.21086472,-0.03814952,-0.12435563
2019-08-01,10731.75000000,-0.00850528,1.00000000,1.00000000,-0.00850528,1.16617544,1.20056597,-0.04633033,-0.13180323
2019-08-02,10549.04003906,-0.01702518,1.00000000,1.00000000,-0.01702518,1.14632110,1.18012612,-0.06256673,-0.14658443
2019-08-05,10423.41015625,-0.01190913,0.00000000,1.00000000,-0.01190913,1.13266941,1.16607185,-0.07373074,-0.15674787
2019-08-06,10394.75000000,-0.00274959,0.00000000,0.00000000,-0.00000000,1.12955503,1.16607185,-0.07627761,-0.15674787
2019-08-07,10386.17968750,-0.00082448,0.00000000,0.00000000,-0.00000000,1.12862373,1.16607185,-0.07703920,-0.15674787
2019-08-08,10494.49023438,0.01042833,0.00000000,0.00000000,0.00000000,1.14039339,1.16607185,-0.06741426,-0.15674787
2019-08-12,10472.36035156,-0.00210871,0.00000000,0.00000000,-0.00000000,1.13798863,1.16607185,-0.06938082,-0.15674787
2019-08-13,10362.66015625,-0.01047521,0.00000000,0.00000000,-0.00000000,1.12606796,1.16607185,-0.07912925,-0.15674787
2019-08-14,10427.73046875,0.00627931,0.00000000,0.00000000,0.00000000,1.13313888,1.16607185,-0.07334682,-0.15674787
2019-08-15,10327.12988281,-0.00964741,0.00000000,0.00000000,-0.00000000,1.12220703,1.16607185,-0.08228662,-0.15674787
2019-08-16,10420.88964844,0.00907898,0.00000000,0.00000000,0.00000000,1.13239552,1.16607185,-0.07395473,-0.15674787
2019-08-19,10488.75000000,0.00651195,0.00000000,0.00000000,0.00000000,1.13976962,1.16607185,-0.06792436,-0.15674787
2019-08-20,10522.50000000,0.00321773,0.00000000,0.00000000,0.00000000,1.14343710,1.16607185,-0.06492519,-0.15674787
2019-08-21,10525.79980469,0.00031360,0.00000000,0.00000000,0.00000000,1.14379567,1.16607185,-0.06463196,-0.15674787
2019-08-22,10529.78027344,0.00037816,0.00000000,0.00000000,0.00000000,1.14422822,1.16607185,-0.06427824,-0.15674787
2019-08-23,10538.11035156,0.00079110,0.00000000,0.00000000,0.00000000,1.14513341,1.16607185,-0.06353799,-0.15674787
2019-08-26,10354.57031250,-0.01741679,0.00000000,0.00000000,-0.00000000,1.12518887,1.16607185,-0.07984815,-0.15674787
2019-08-27,10387.23046875,0.00315418,0.00000000,0.00000000,0.00000000,1.12873791,1.16607185,-0.07694583,-0.15674787
2019-08-28,10434.29003906,0.00453052,0.00000000,0.00000000,0.00000000,1.13385168,1.16607185,-0.07276391,-0.15674787
2019-08-29,10462.42968750,0.00269684,0.00000000,0.00000000,0.00000000,1.13690950,1.16607185,-0.07026330,-0.15674787
2019-08-30,10618.04980469,0.01487419,0.00000000,0.00000000,0.00000000,1.15382011,1.16607185,-0.05643422,-0.15674787
2019-09-02,10634.84960938,0.00158219,0.00000000,0.00000000,0.00000000,1.15564567,1.16607185,-0.05494132,-0.15674787
2019-09-03,10558.20996094,-0.00720646,0.00000000,0.00000000,-0.00000000,1.14731755,1.16607185,-0.06175185,-0.15674787
2019-09-04,10657.30957031,0.00938602,0.00000000,0.00000000,0.00000000,1.15808630,1.16607185,-0.05294543,-0.15674787
2019-09-05,10756.92968750,0.00934759,0.00000000,0.00000000,0.00000000,1.16891162,1.16607185,-0.04409276,-0.15674787
2019-09-06,10780.63964844,0.00220416,0.00000000,0.00000000,0.00000000,1.17148808,1.16607185,-0.04198579,-0.15674787
2019-09-10,10753.58007812,-0.00251002,0.00000000,0.00000000,-0.00000000,1.16854763,1.16607185,-0.04439042,-0.15674787
2019-09-11,10790.34960938,0.00341928,0.00000000,0.00000000,0.00000000,1.17254322,1.16607185,-0.04112292,-0.15674787
2019-09-12,10827.54980469,0.00344754,0.00000000,0.00000000,0.00000000,1.17658562,1.16607185,-0.03781715,-0.15674787
2019-09-16,10898.12988281,0.00651856,0.00000000,0.00000000,0.00000000,1.18425526,1.16607185,-0.03154510,-0.15674787
2019-09-17,10874.50000000,-0.00216825,0.00000000,0.00000000,-0.00000000,1.18168750,1.16607185,-0.03364495,-0.15674787
2019-09-18,10929.45019531,0.00505312,0.00000000,0.00000000,0.00000000,1.18765871,1.16607185,-0.02876184,-0.15674787
2019-09-19,10894.70019531,-0.00317948,0.00000000,0.00000000,-0.00000000,1.18388257,1.16607185,-0.03184987,-0.15674787
2019-09-20,10929.69042969,0.00321167,0.00000000,0.00000000,0.00000000,1.18768482,1.16607185,-0.02874049,-0.15674787
2019-09-23,10919.01953125,-0.00097632,1.00000000,0.00000000,-0.00000000,1.18652526,1.16607185,-0.02968875,-0.15674787
2019-09-24,10918.00976562,-0.00009248,1.00000000,1.00000000,-0.00009248,1.18641553,1.16596401,-0.02977849,-0.15682585
2019-09-25,10873.69042969,-0.00405929,1.00000000,1.00000000,-0.00405929,1.18159953,1.16123103,-0.03371689,-0.16024854
2019-09-26,10871.99023438,-0.00015636,1.00000000,1.00000000,-0.00015636,1.18141478,1.16104946,-0.03386798,-0.16037984
2019-09-27,10829.67968750,-0.00389170,1.00000000,1.00000000,-0.00389170,1.17681706,1.15653100,-0.03762788,-0.16364739
2019-10-01,10967.65039062,0.01274005,1.00000000,1.00000000,0.01274005,1.19180977,1.17126527,-0.02536721,-0.15299221
2019-10-02,10947.87988281,-0.00180262,1.00000000,1.00000000,-0.00180262,1.18966139,1.16915392,-0.02712410,-0.15451905
2019-10-03,10875.91015625,-0.00657385,1.00000000,1.00000000,-0.00657385,1.18184074,1.16146808,-0.03351964,-0.16007711
2019-10-04,10894.48046875,0.00170747,1.00000000,1.00000000,0.00170747,1.18385870,1.16345126,-0.03186940,-0.15864297
2019-10-07,10935.05957031,0.00372474,1.00000000,1.00000000,0.00372474,1.18826826,1.16778481,-0.02826337,-0.15550913
2019-10-08,11017.30957031,0.00752168,1.00000000,1.00000000,0.00752168,1.19720603,1.17656851,-0.02095428,-0.14915714
2019-10-09,10889.95996094,-0.01155905,1.00000000,1.00000000,-0.01155905,1.18336747,1.16296850,-0.03227111,-0.15899208
2019-10-14,11066.95019531,0.01625261,1.00000000,1.00000000,0.01625261,1.20260028,1.18186977,-0.01654300,-0.14532351
2019-10-15,11111.79980469,0.00405257,1.00000000,1.00000000,0.00405257,1.20747390,1.18665938,-0.01255747,-0.14185987
2019-10-16,11162.83007812,0.00459244,1.00000000,1.00000000,0.00459244,1.21301915,1.19210904,-0.00802270,-0.13791891
2019-10-17,11186.87988281,0.00215445,1.00000000,1.00000000,0.00215445,1.21563255,1.19467739,-0.00588553,-0.13606160
2019-10-18,11180.21972656,-0.00059535,1.00000000,1.00000000,-0.00059535,1.21490882,1.19396613,-0.00647738,-0.13657595
2019-10-21,11184.15039062,0.00035157,1.00000000,1.00000000,0.00035157,1.21533594,1.19438590,-0.00612808,-0.13627239
2019-10-22,11271.25000000,0.00778777,1.00000000,1.00000000,0.00778777,1.22480070,1.20368750,0.00000000,-0.12954588
2019-10-23,11239.66992188,-0.00280183,1.00000000,1.00000000,-0.00280183,1.22136902,1.20031498,-0.00280183,-0.13198474
2019-10-24,11320.13964844,0.00715944,1.00000000,1.00000000,0.00715944,1.23011334,1.20890856,0.00000000,-0.12577024
2019-10-25,11296.12011719,-0.00212184,1.00000000,1.00000000,-0.00212184,1.22750324,1.20634345,-0.00212184,-0.12762521
2019-10-28,11315.01953125,0.00167309,1.00000000,1.00000000,0.00167309,1.22955696,1.20836177,-0.00045230,-0.12616565
2019-10-29,11333.87011719,0.00166598,1.00000000,1.00000000,0.00166598,1.23160538,1.21037487,0.00000000,-0.12470986
2019-10-30,11380.28027344,0.00409482,1.00000000,1.00000000,0.00409482,1.23664858,1.21533114,0.00000000,-0.12112571
2019-10-31,11358.70996094,-0.00189541,1.00000000,1.00000000,-0.00189541,1.23430462,1.21302759,-0.00189541,-0.12279153
2019-11-01,11399.53027344,0.00359375,1.00000000,1.00000000,0.00359375,1.23874040,1.21738690,0.00000000,-0.11963907
2019-11-04,11556.84960938,0.01380051,1.00000000,1.00000000,0.01380051,1.25583565,1.23418746,0.00000000,-0.10748964
2019-11-05,11644.03027344,0.00754364,1.00000000,1.00000000,0.00754364,1.26530921,1.24349772,0.00000000,-0.10075687
2019-11-06,11653.07031250,0.00077637,1.00000000,1.00000000,0.00077637,1.26629156,1.24446313,0.00000000,-0.10005873
2019-11-07,11606.55957031,-0.00399129,1.00000000,1.00000000,-0.00399129,1.26123742,1.23949612,-0.00399129,-0.10365065
2019-11-08,11579.54003906,-0.00232795,1.00000000,1.00000000,-0.00232795,1.25830132,1.23661063,-0.00630995,-0.10573731
2019-11-11,11427.28027344,-0.01314903,1.00000000,1.00000000,-0.01314903,1.24175588,1.22035040,-0.01937601,-0.11749600
2019-11-12,11520.37011719,0.00814628,1.00000000,1.00000000,0.00814628,1.25187157,1.23029172,-0.01138757,-0.11030687
2019-11-13,11467.83007812,-0.00456062,1.00000000,1.00000000,-0.00456062,1.24616226,1.22468082,-0.01589626,-0.11436443
2019-11-14,11450.41992188,-0.00151817,1.00000000,1.00000000,-0.00151817,1.24427037,1.22282154,-0.01739030,-0.11570897
2019-11-15,11525.59960938,0.00656567,1.00000000,1.00000000,0.00656567,1.25243984,1.23085019,-0.01093881,-0.10990301
2019-11-18,11599.78027344,0.00643617,1.00000000,1.00000000,0.00643617,1.26050075,1.23877214,-0.00457305,-0.10417420
2019-11-19,11656.40039062,0.00488114,1.00000000,1.00000000,0.00488114,1.26665342,1.24481876,0.00000000,-0.09980155
2019-11-20,11631.20019531,-0.00216192,1.00000000,1.00000000,-0.00216192,1.26391502,1.24212756,-0.00216192,-0.10174771
2019-11-21,11558.26953125,-0.00627026,1.00000000,1.00000000,-0.00627026,1.25598994,1.23433910,-0.00841862,-0.10737998
2019-11-22,11566.79980469,0.00073802,1.00000000,1.00000000,0.00073802,1.25691689,1.23525007,-0.00768681,-0.10672121
2019-11-25,11561.58007812,-0.00045127,1.00000000,1.00000000,-0.00045127,1.25634969,1.23469264,-0.00813461,-0.10712432
2019-11-26,11576.82031250,0.00131818,1.00000000,1.00000000,0.00131818,1.25800578,1.23632019,-0.00682716,-0.10594735
2019-11-27,11647.45996094,0.00610182,1.00000000,1.00000000,0.00610182,1.26568190,1.24386399,-0.00076700,-0.10049200
2019-11-28,11617.08007812,-0.00260828,1.00000000,1.00000000,-0.00260828,1.26238065,1.24061964,-0.00337328,-0.10283817
2019-11-29,11489.57031250,-0.01097606,1.00000000,1.00000000,-0.01097606,1.24852468,1.22700252,-0.01431232,-0.11268547
2019-12-02,11502.83007812,0.00115407,1.00000000,1.00000000,0.00115407,1.24996556,1.22841857,-0.01317476,-0.11166145
2019-12-03,11531.58007812,0.00249938,1.00000000,1.00000000,0.00249938,1.25308971,1.23148886,-0.01070831,-0.10944115
2019-12-04,11510.46972656,-0.00183066,1.00000000,1.00000000,-0.00183066,1.25079573,1.22923443,-0.01251936,-0.11107146
2019-12-05,11594.65039062,0.00731340,1.00000000,1.00000000,0.00731340,1.25994330,1.23822431,-0.00529752,-0.10457037
2019-12-06,11609.63964844,0.00129277,1.00000000,1.00000000,0.00129277,1.26157212,1.23982505,-0.00401159,-0.10341278
2019-12-09,11660.76953125,0.00440409,1.00000000,1.00000000,0.00440409,1.26712820,1.24528535,0.00000000,-0.09946413
2019-12-10,11627.83984375,-0.00282397,1.00000000,1.00000000,-0.00282397,1.26354987,1.24176870,-0.00282397,-0.10200722
2019-12-11,11700.76953125,0.00627199,1.00000000,1.00000000,0.00627199,1.27147484,1.24955706,0.00000000,-0.09637502
2019-12-12,11836.41992188,0.01159329,1.00000000,1.00000000,0.01159329,1.28621541,1.26404354,0.00000000,-0.08589903
2019-12-13,11927.73046875,0.00771437,1.00000000,1.00000000,0.00771437,1.29613775,1.27379484,0.00000000,-0.07884732
2019-12-16,11939.76953125,0.00100933,1.00000000,1.00000000,0.00100933,1.29744599,1.27508052,0.00000000,-0.07791757
2019-12-17,12097.00976562,0.01316945,1.00000000,1.00000000,0.01316945,1.31453264,1.29187264,0.00000000,-0.06577425
2019-12-18,12122.45019531,0.00210303,1.00000000,1.00000000,0.00210303,1.31729715,1.29458949,0.00000000,-0.06380954
2019-12-19,12018.90039062,-0.00854199,1.00000000,1.00000000,-0.00854199,1.30604482,1.28353112,-0.00854199,-0.07180646
2019-12-20,11959.08007812,-0.00497719,1.00000000,1.00000000,-0.00497719,1.29954439,1.27714275,-0.01347666,-0.07642626
2019-12-23,12022.23046875,0.00528054,1.00000000,1.00000000,0.00528054,1.30640668,1.28388675,-0.00826728,-0.07154929
2019-12-24,11976.37988281,-0.00381382,1.00000000,1.00000000,-0.00381382,1.30142429,1.27899024,-0.01204957,-0.07509023
2019-12-25,12008.12988281,0.00265105,1.00000000,1.00000000,0.00265105,1.30487443,1.28238091,-0.00943046,-0.07263825
2019-12-26,12001.00976562,-0.00059294,1.00000000,1.00000000,-0.00059294,1.30410072,1.28162053,-0.01001781,-0.07318812
2019-12-27,12091.58984375,0.00754770,1.00000000,1.00000000,0.00754770,1.31394368,1.29129383,-0.00254572,-0.06619282
2019-12-30,12053.37011719,-0.00316085,1.00000000,1.00000000,-0.00316085,1.30979050,1.28721224,-0.00569852,-0.06914444
2019-12-31,11997.13964844,-0.00466512,1.00000000,1.00000000,-0.00466512,1.30368017,1.28120723,-0.01033706,-0.07348700
2020-01-02,12100.48046875,0.00861379,1.00000000,1.00000000,0.00861379,1.31490979,1.29224328,-0.00181232,-0.06550621
2020-01-03,12110.42968750,0.00082222,1.00000000,1.00000000,0.00082222,1.31599093,1.29330579,-0.00099159,-0.06473786
2020-01-06,11953.36035156,-0.01296976,1.00000000,1.00000000,-0.01296976,1.29892285,1.27653192,-0.01394849,-0.07686798
2020-01-07,11880.32031250,-0.00611042,1.00000000,1.00000000,-0.00611042,1.29098589,1.26873178,-0.01997368,-0.08250870
2020-01-08,11817.09960938,-0.00532146,1.00000000,1.00000000,-0.00532146,1.28411595,1.26198027,-0.02518885,-0.08739110
2020-01-09,11970.62988281,0.01299221,1.00000000,1.00000000,0.01299221,1.30079946,1.27837618,-0.01252390,-0.07553429
2020-01-10,12024.65039062,0.00451275,1.00000000,1.00000000,0.00451275,1.30666965,1.28414518,-0.00806766,-0.07136240
2020-01-13,12113.41992188,0.00738230,1.00000000,1.00000000,0.00738230,1.31631587,1.29362512,-0.00074492,-0.06450693
2020-01-14,12179.80957031,0.00548067,1.00000000,1.00000000,0.00548067,1.32353016,1.30071505,0.00000000,-0.05937980
2020-01-15,12091.87988281,-0.00721930,1.00000000,1.00000000,-0.00721930,1.31397520,1.29132480,-0.00721930,-0.06617042
2020-01-16,12066.92968750,-0.00206338,1.00000000,1.00000000,-0.00206338,1.31126397,1.28866030,-0.00926779,-0.06809727
2020-01-17,12090.29003906,0.00193590,1.00000000,1.00000000,0.00193590,1.31380244,1.29115502,-0.00734983,-0.06629320
2020-01-20,12118.70996094,0.00235064,1.00000000,1.00000000,0.00235064,1.31689072,1.29419006,-0.00501647,-0.06409839
2020-01-30,11421.74023438,-0.05751187,1.00000000,1.00000000,-0.05751187,1.24115386,1.21975876,-0.06223983,-0.11792384
2020-01-31,11495.09960938,0.00642278,1.00000000,1.00000000,0.00642278,1.24912553,1.22759301,-0.05621680,-0.11225846
2020-02-03,11354.91992188,-0.01219473,0.00000000,1.00000000,-0.01219473,1.23389277,1.21262284,-0.06772599,-0.12308423
2020-02-04,11555.91992188,0.01770158,0.00000000,0.00000000,0.00000000,1.25573462,1.21262284,-0.05122327,-0.12308423
2020-02-05,11573.62011719,0.00153170,0.00000000,0.00000000,0.00000000,1.25765803,1.21262284,-0.04977003,-0.12308423
2020-02-06,11749.67968750,0.01521214,0.00000000,0.00000000,0.00000000,1.27678970,1.21262284,-0.03531499,-0.12308423
2020-02-07,11612.80957031,-0.01164884,0.00000000,0.00000000,-0.00000000,1.26191659,1.21262284,-0.04655245,-0.12308423
2020-02-10,11574.07031250,-0.00333591,0.00000000,0.00000000,-0.00000000,1.25770695,1.21262284,-0.04973306,-0.12308423
2020-02-11,11664.04003906,0.00777339,0.00000000,0.00000000,0.00000000,1.26748359,1.21262284,-0.04234627,-0.12308423
2020-02-12,11774.19042969,0.00944359,0.00000000,0.00000000,0.00000000,1.27945319,1.21262284,-0.03330258,-0.12308423
2020-02-13,11791.78027344,0.00149393,0.00000000,0.00000000,0.00000000,1.28136460,1.21262284,-0.03185840,-0.12308423
2020-02-14,11815.70019531,0.00202853,0.00000000,0.00000000,0.00000000,1.28396388,1.21262284,-0.02989450,-0.12308423
2020-02-17,11763.50976562,-0.00441704,0.00000000,0.00000000,-0.00000000,1.27829256,1.21262284,-0.03417950,-0.12308423
2020-02-18,11648.98046875,-0.00973598,0.00000000,0.00000000,-0.00000000,1.26584713,1.21262284,-0.04358271,-0.12308423
2020-02-19,11758.83984375,0.00943081,0.00000000,0.00000000,0.00000000,1.27778510,1.21262284,-0.03456292,-0.12308423
2020-02-20,11725.08984375,-0.00287018,0.00000000,0.00000000,-0.00000000,1.27411763,1.21262284,-0.03733389,-0.12308423
2020-02-21,11686.34960938,-0.00330405,0.00000000,0.00000000,-0.00000000,1.26990788,1.21262284,-0.04051459,-0.12308423
2020-02-24,11534.87011719,-0.01296209,0.00000000,0.00000000,-0.00000000,1.25344722,1.21262284,-0.05295152,-0.12308423
2020-02-25,11540.23046875,0.00046471,0.00000000,0.00000000,0.00000000,1.25402971,1.21262284,-0.05251142,-0.12308423
2020-02-26,11433.62011719,-0.00923815,0.00000000,0.00000000,-0.00000000,1.24244480,1.21262284,-0.06126446,-0.12308423
2020-02-27,11292.16992188,-0.01237143,0.00000000,0.00000000,-0.00000000,1.22707399,1.21262284,-0.07287796,-0.12308423
2020-03-02,11170.45996094,-0.01077826,0.00000000,0.00000000,-0.00000000,1.21384826,1.21262284,-0.08287072,-0.12308423
2020-03-03,11327.71972656,0.01407818,0.00000000,0.00000000,0.00000000,1.23093704,1.21262284,-0.06995921,-0.12308423
2020-03-04,11392.34960938,0.00570546,0.00000000,0.00000000,0.00000000,1.23796010,1.21262284,-0.06465290,-0.12308423
2020-03-05,11514.82031250,0.01075026,0.00000000,0.00000000,0.00000000,1.25126849,1.21262284,-0.05459767,-0.12308423
2020-03-06,11321.80957031,-0.01676194,0.00000000,0.00000000,-0.00000000,1.23029481,1.21262284,-0.07044445,-0.12308423
2020-03-09,10977.63964844,-0.03039884,0.00000000,0.00000000,-0.00000000,1.19289527,1.21262284,-0.09870187,-0.12308423
2020-03-10,11003.54003906,0.00235938,0.00000000,0.00000000,0.00000000,1.19570976,1.21262284,-0.09657536,-0.12308423
2020-03-11,10893.75000000,-0.00997770,0.00000000,0.00000000,-0.00000000,1.18377932,1.21262284,-0.10558946,-0.12308423
2020-03-12,10422.32031250,-0.04327524,0.00000000,0.00000000,-0.00000000,1.13255098,1.21262284,-0.14429530,-0.12308423
2020-03-13,10128.87011719,-0.02815594,0.00000000,0.00000000,-0.00000000,1.10066295,1.21262284,-0.16838847,-0.12308423
2020-03-16,9717.76953125,-0.04058701,0.00000000,0.00000000,-0.00000000,1.05599033,1.21262284,-0.20214109,-0.12308423
2020-03-17,9439.62988281,-0.02862176,0.00000000,0.00000000,-0.00000000,1.02576603,1.21262284,-0.22497722,-0.12308423
2020-03-18,9218.66992188,-0.02340769,0.00000000,0.00000000,-0.00000000,1.00175521,1.21262284,-0.24311871,-0.12308423
2020-03-19,8681.33984375,-0.05828716,0.00000000,0.00000000,-0.00000000,0.94336574,1.21262284,-0.28723517,-0.12308423
2020-03-20,9234.08984375,0.06367105,0.00000000,0.00000000,0.00000000,1.00343083,1.21262284,-0.24185269,-0.12308423
2020-03-23,8890.03027344,-0.03725972,0.00000000,0.00000000,-0.00000000,0.96604328,1.21262284,-0.27010105,-0.12308423
2020-03-24,9285.62011719,0.04449814,0.00000000,0.00000000,0.00000000,1.00903041,1.21262284,-0.23762190,-0.12308423
2020-03-25,9644.75000000,0.03867592,0.00000000,0.00000000,0.00000000,1.04805559,1.21262284,-0.20813622,-0.12308423
2020-03-26,9736.36035156,0.00949847,0.00000000,0.00000000,0.00000000,1.05801051,1.21262284,-0.20061473,-0.12308423
2020-03-27,9698.91992188,-0.00384542,0.00000000,0.00000000,-0.00000000,1.05394202,1.21262284,-0.20368871,-0.12308423
2020-03-30,9629.42968750,-0.00716474,0.00000000,0.00000000,-0.00000000,1.04639080,1.21262284,-0.20939407,-0.12308423
2020-03-31,9708.05957031,0.00816558,0.00000000,0.00000000,0.00000000,1.05493518,1.21262284,-0.20293831,-0.12308423
2020-04-01,9663.62988281,-0.00457658,0.00000000,0.00000000,-0.00000000,1.05010719,1.21262284,-0.20658613,-0.12308423
2020-04-06,9818.74023438,0.01605094,0.00000000,0.00000000,0.00000000,1.06696240,1.21262284,-0.19385109,-0.12308423
2020-04-07,9996.38964844,0.01809289,0.00000000,0.00000000,0.00000000,1.08626684,1.21262284,-0.17926552,-0.12308423
2020-04-08,10137.46972656,0.01411310,0.00000000,0.00000000,0.00000000,1.10159743,1.21262284,-0.16768241,-0.12308423
2020-04-09,10119.42968750,-0.00177954,0.00000000,0.00000000,-0.00000000,1.09963709,1.21262284,-0.16916355,-0.12308423
2020-04-10,10157.61035156,0.00377301,0.00000000,0.00000000,0.00000000,1.10378603,1.21262284,-0.16602880,-0.12308423
2020-04-13,10099.21972656,-0.00574846,0.00000000,0.00000000,-0.00000000,1.09744096,1.21262284,-0.17082285,-0.12308423
2020-04-14,10332.94042969,0.02314245,0.00000000,0.00000000,0.00000000,1.12283843,1.21262284,-0.15163366,-0.12308423
2020-04-15,10447.20996094,0.01105876,0.00000000,0.00000000,0.00000000,1.13525564,1.21262284,-0.14225178,-0.12308423
2020-04-16,10375.48046875,-0.00686590,0.00000000,0.00000000,-0.00000000,1.12746109,1.21262284,-0.14814099,-0.12308423
2020-04-17,10597.04003906,0.02135415,0.00000000,0.00000000,0.00000000,1.15153706,1.21262284,-0.12995027,-0.12308423
2020-04-20,10586.70996094,-0.00097481,0.00000000,0.00000000,-0.00000000,1.15041453,1.21262284,-0.13079840,-0.12308423
2020-04-21,10288.41992188,-0.02817590,0.00000000,0.00000000,-0.00000000,1.11800057,1.21262284,-0.15528893,-0.12308423
2020-04-22,10307.74023438,0.00187787,0.00000000,0.00000000,0.00000000,1.12010003,1.21262284,-0.15370268,-0.12308423
2020-04-23,10366.50976562,0.00570150,0.00000000,0.00000000,0.00000000,1.12648628,1.21262284,-0.14887752,-0.12308423
2020-04-24,10347.36035156,-0.00184724,0.00000000,0.00000000,-0.00000000,1.12440539,1.21262284,-0.15044974,-0.12308423
2020-04-27,10567.26953125,0.02125268,0.00000000,0.00000000,0.00000000,1.14830202,1.21262284,-0.13239452,-0.12308423
2020-04-28,10616.05957031,0.00461709,0.00000000,0.00000000,0.00000000,1.15360384,1.21262284,-0.12838871,-0.12308423
2020-04-29,10772.21972656,0.01470980,0.00000000,0.00000000,0.00000000,1.17057312,1.21262284,-0.11556748,-0.12308423
2020-04-30,10992.13964844,0.02041547,0.00000000,0.00000000,0.00000000,1.19447092,1.21262284,-0.09751137,-0.12308423
2020-05-04,10720.48046875,-0.02471395,0.00000000,0.00000000,-0.00000000,1.16495083,1.21262284,-0.11981543,-0.12308423
2020-05-05,10774.61035156,0.00504920,0.00000000,0.00000000,0.00000000,1.17083290,1.21262284,-0.11537120,-0.12308423
2020-05-06,10774.98046875,0.00003435,0.00000000,0.00000000,0.00000000,1.17087312,1.21262284,-0.11534081,-0.12308423
2020-05-07,10842.91992188,0.00630530,0.00000000,0.00000000,0.00000000,1.17825582,1.21262284,-0.10976277,-0.12308423
2020-05-08,10901.41992188,0.00539523,0.00000000,0.00000000,0.00000000,1.18461278,1.21262284,-0.10495974,-0.12308423
2020-05-11,11013.25976562,0.01025920,0.00000000,0.00000000,0.00000000,1.19676596,1.21262284,-0.09577734,-0.12308423
2020-05-12,10879.46972656,-0.01214809,0.00000000,0.00000000,-0.00000000,1.18222754,1.21262284,-0.10676192,-0.12308423
2020-05-13,10938.26953125,0.00540466,0.00000000,0.00000000,0.00000000,1.18861708,1.21262284,-0.10193427,-0.12308423
2020-05-14,10780.87988281,-0.01438890,0.00000000,0.00000000,-0.00000000,1.17151419,1.21262284,-0.11485645,-0.12308423
2020-05-15,10814.91992188,0.00315745,0.00000000,0.00000000,0.00000000,1.17521318,1.21262284,-0.11206166,-0.12308423
2020-05-18,10740.54980469,-0.00687662,1.00000000,0.00000000,-0.00000000,1.16713168,1.21262284,-0.11816767,-0.12308423
2020-05-19,10860.44042969,0.01116243,1.00000000,1.00000000,0.01116243,1.18015970,1.22615866,-0.10832428,-0.11329572
2020-05-20,10907.79980469,0.00436072,1.00000000,1.00000000,0.00436072,1.18530605,1.23150559,-0.10443593,-0.10942905
2020-05-21,11008.30957031,0.00921449,1.00000000,1.00000000,0.00921449,1.19622804,1.24285328,-0.09618377,-0.10122290
2020-05-22,10811.15039062,-0.01791003,1.00000000,1.00000000,-0.01791003,1.17480356,1.22059374,-0.11237115,-0.11732002
2020-05-25,10871.17968750,0.00555254,1.00000000,1.00000000,0.00555254,1.18132670,1.22737113,-0.10744256,-0.11241891
2020-05-26,10997.20996094,0.01159306,1.00000000,1.00000000,0.01159306,1.19502189,1.24160012,-0.09709508,-0.10212913
2020-05-27,11014.66015625,0.00158678,1.00000000,1.00000000,0.00158678,1.19691813,1.24357027,-0.09566237,-0.10070440
2020-05-28,10944.19042969,-0.00639781,1.00000000,1.00000000,-0.00639781,1.18926048,1.23561415,-0.10144815,-0.10645792
2020-05-29,10942.16015625,-0.00018551,1.00000000,1.00000000,-0.00018551,1.18903985,1.23538493,-0.10161484,-0.10662369
2020-06-01,11079.01953125,0.01250753,1.00000000,1.00000000,0.01250753,1.20391180,1.25083654,-0.09037826,-0.09544976
2020-06-02,11127.92968750,0.00441466,1.00000000,1.00000000,0.00441466,1.20922667,1.25635856,-0.08636259,-0.09145647
2020-06-03,11320.16015625,0.01727459,1.00000000,1.00000000,0.01727459,1.23011557,1.27806164,-0.07057987,-0.07576175
2020-06-04,11393.23046875,0.00645488,1.00000000,1.00000000,0.00645488,1.23805582,1.28631138,-0.06458057,-0.06979590
2020-06-05,11479.40039062,0.00756326,1.00000000,1.00000000,0.00756326,1.24741956,1.29604009,-0.05750576,-0.06276053
2020-06-08,11610.32031250,0.01140477,1.00000000,1.00000000,0.01140477,1.26164609,1.31082113,-0.04675683,-0.05207153
2020-06-09,11637.11035156,0.00230743,1.00000000,1.00000000,0.00230743,1.26455725,1.31384576,-0.04455728,-0.04988425
2020-06-10,11720.16015625,0.00713663,1.00000000,1.00000000,0.00713663,1.27358194,1.32322219,-0.03773864,-0.04310362
2020-06-11,11535.76953125,-0.01573277,1.00000000,1.00000000,-0.01573277,1.25354496,1.30240424,-0.05287768,-0.05815825
2020-06-12,11429.94042969,-0.00917400,1.00000000,1.00000000,-0.00917400,1.24204494,1.29045599,-0.06156657,-0.06679870
2020-06-15,11306.25976562,-0.01082076,1.00000000,1.00000000,-0.01082076,1.22860507,1.27649227,-0.07172114,-0.07689665
2020-06-16,11511.63964844,0.01816515,1.00000000,1.00000000,0.01816515,1.25092286,1.29967994,-0.05485882,-0.06012834
2020-06-17,11534.58984375,0.00199365,1.00000000,1.00000000,0.00199365,1.25341677,1.30227105,-0.05297453,-0.05825457
2020-06-18,11548.33007812,0.00119122,1.00000000,1.00000000,0.00119122,1.25490986,1.30382234,-0.05184642,-0.05713274
2020-06-19,11549.86035156,0.00013251,1.00000000,1.00000000,0.00013251,1.25507615,1.30399511,-0.05172078,-0.05700780
2020-06-22,11572.92968750,0.00199737,1.00000000,1.00000000,0.00199737,1.25758300,1.30659967,-0.04982671,-0.05512430
2020-06-23,11612.36035156,0.00340715,1.00000000,1.00000000,0.00340715,1.26186777,1.31105145,-0.04658933,-0.05190497
2020-06-24,11660.66992188,0.00416019,1.00000000,1.00000000,0.00416019,1.26711738,1.31650567,-0.04262297,-0.04796072
2020-06-29,11542.62011719,-0.01012376,1.00000000,1.00000000,-0.01012376,1.25428939,1.30317768,-0.05231522,-0.05759893
2020-06-30,11621.24023438,0.00681129,1.00000000,1.00000000,0.00681129,1.26283271,1.31205400,-0.04586027,-0.05117997
2020-07-01,11703.41992188,0.00707151,1.00000000,1.00000000,0.00707151,1.27176284,1.32133220,-0.03911306,-0.04447038
2020-07-02,11805.13964844,0.00869145,1.00000000,1.00000000,0.00869145,1.28281631,1.33281650,-0.03076156,-0.03616544
2020-07-03,11909.16015625,0.00881146,1.00000000,1.00000000,0.00881146,1.29411979,1.34456055,-0.02222115,-0.02767265
2020-07-06,12116.70019531,0.01742692,1.00000000,1.00000000,0.01742692,1.31667232,1.36799211,-0.00518147,-0.01072797
2020-07-07,12092.96972656,-0.00195849,1.00000000,1.00000000,-0.00195849,1.31409363,1.36531291,-0.00712982,-0.01266546
2020-07-08,12170.19042969,0.00638559,1.00000000,1.00000000,0.00638559,1.32248489,1.37403123,-0.00078976,-0.00636075
2020-07-09,12192.69042969,0.00184878,1.00000000,1.00000000,0.00184878,1.32492987,1.37657151,0.00000000,-0.00452373
2020-07-10,12073.67968750,-0.00976083,1.00000000,1.00000000,-0.00976083,1.31199746,1.36313504,-0.00976083,-0.01424040
2020-07-13,12211.55957031,0.01141987,1.00000000,1.00000000,0.01141987,1.32698030,1.37870186,0.00000000,-0.00298315
2020-07-14,12209.00976562,-0.00020880,1.00000000,1.00000000,-0.00020880,1.32670323,1.37841399,-0.00020880,-0.00319133
2020-07-15,12202.84960938,-0.00050456,1.00000000,1.00000000,-0.00050456,1.32603383,1.37771850,-0.00071326,-0.00369428
2020-07-16,12157.74023438,-0.00369663,1.00000000,1.00000000,-0.00369663,1.32113198,1.37262559,-0.00440725,-0.00737725
2020-07-17,12181.55957031,0.00195919,1.00000000,1.00000000,0.00195919,1.32372033,1.37531482,-0.00245669,-0.00543251
2020-07-20,12174.54003906,-0.00057624,1.00000000,1.00000000,-0.00057624,1.32295754,1.37452231,-0.00303152,-0.00600562
2020-07-21,12397.54980469,0.01831772,1.00000000,1.00000000,0.01831772,1.34719110,1.39970042,0.00000000,0.00000000
2020-07-22,12473.26953125,0.00610764,1.00000000,1.00000000,0.00610764,1.35541926,1.40824928,0.00000000,0.00000000
2020-07-23,12413.04003906,-0.00482869,1.00000000,1.00000000,-0.00482869,1.34887436,1.40144929,-0.00482869,-0.00482869
2020-07-24,12304.04003906,-0.00878109,1.00000000,1.00000000,-0.00878109,1.33702978,1.38914304,-0.01356737,-0.01356737
2020-07-27,12588.29980469,0.02310296,1.00000000,1.00000000,0.02310296,1.36791913,1.42123635,0.00000000,0.00000000
2020-07-28,12586.73046875,-0.00012467,1.00000000,1.00000000,-0.00012467,1.36774859,1.42105917,-0.00012467,-0.00012467
2020-07-29,12540.96972656,-0.00363563,1.00000000,1.00000000,-0.00363563,1.36277596,1.41589272,-0.00375985,-0.00375985
2020-07-30,12722.91992188,0.01450846,1.00000000,1.00000000,0.01450846,1.38254774,1.43643515,0.00000000,0.00000000
2020-07-31,12664.79980469,-0.00456814,1.00000000,1.00000000,-0.00456814,1.37623207,1.42987331,-0.00456814,-0.00456814
2020-08-03,12513.03027344,-0.01198357,1.00000000,1.00000000,-0.01198357,1.35973989,1.41273832,-0.01649697,-0.01649697
2020-08-04,12709.91992188,0.01573477,1.00000000,1.00000000,0.01573477,1.38113509,1.43496743,-0.00102178,-0.00102178
2020-08-05,12802.29980469,0.00726833,1.00000000,1.00000000,0.00726833,1.39117363,1.44539725,0.00000000,0.00000000
2020-08-06,12913.50000000,0.00868595,1.00000000,1.00000000,0.00868595,1.40325730,1.45795190,0.00000000,0.00000000
2020-08-07,12828.87011719,-0.00655360,1.00000000,1.00000000,-0.00655360,1.39406092,1.44839707,-0.00655360,-0.00655360
2020-08-10,12894.00000000,0.00507682,1.00000000,1.00000000,0.00507682,1.40113832,1.45575033,-0.00151005,-0.00151005
2020-08-11,12780.19042969,-0.00882655,1.00000000,1.00000000,-0.00882655,1.38877110,1.44290107,-0.01032327,-0.01032327
2020-08-12,12670.34960938,-0.00859462,1.00000000,1.00000000,-0.00859462,1.37683514,1.43049989,-0.01882916,-0.01882916
2020-08-13,12763.12988281,0.00732263,1.00000000,1.00000000,0.00732263,1.38691720,1.44097491,-0.01164441,-0.01164441
2020-08-14,12795.45996094,0.00253308,1.00000000,1.00000000,0.00253308,1.39043037,1.44462502,-0.00914082,-0.00914082
2020-08-17,12956.11035156,0.01255527,1.00000000,1.00000000,0.01255527,1.40788760,1.46276267,0.00000000,0.00000000
2020-08-18,12872.13964844,-0.00648117,1.00000000,1.00000000,-0.00648117,1.39876284,1.45328226,-0.00648117,-0.00648117
2020-08-19,12778.63964844,-0.00726375,1.00000000,1.00000000,-0.00726375,1.38860258,1.44272598,-0.01369784,-0.01369784
2020-08-20,12362.63964844,-0.03255433,1.00000000,1.00000000,-0.03255433,1.34339756,1.39575901,-0.04580624,-0.04580624
2020-08-21,12607.83984375,0.01983397,1.00000000,1.00000000,0.01983397,1.37004246,1.42344245,-0.02688079,-0.02688079
2020-08-24,12647.12988281,0.00311632,1.00000000,1.00000000,0.00311632,1.37431195,1.42787835,-0.02384824,-0.02384824
2020-08-25,12758.25000000,0.00878619,1.00000000,1.00000000,0.00878619,1.38638692,1.44042397,-0.01527159,-0.01527159
2020-08-26,12833.29003906,0.00588169,1.00000000,1.00000000,0.00588169,1.39454121,1.44889609,-0.00947972,-0.00947972
2020-08-27,12797.30957031,-0.00280368,1.00000000,1.00000000,-0.00280368,1.39063136,1.44483384,-0.01225683,-0.01225683
2020-08-28,12728.84960938,-0.00534956,1.00000000,1.00000000,-0.00534956,1.38319210,1.43710462,-0.01754082,-0.01754082
2020-08-31,12591.45019531,-0.01079433,1.00000000,1.00000000,-0.01079433,1.36826147,1.42159204,-0.02814581,-0.02814581
2020-09-01,12703.28027344,0.00888143,1.00000000,1.00000000,0.00888143,1.38041358,1.43421781,-0.01951435,-0.01951435
2020-09-02,12699.50000000,-0.00029758,1.00000000,1.00000000,-0.00029758,1.38000280,1.43379101,-0.01980613,-0.01980613
2020-09-03,12757.96972656,0.00460410,1.00000000,1.00000000,0.00460410,1.38635646,1.44039232,-0.01529322,-0.01529322
2020-09-04,12637.95019531,-0.00940742,1.00000000,1.00000000,-0.00940742,1.37331443,1.42684195,-0.02455676,-0.02455676
2020-09-07,12601.40039062,-0.00289207,1.00000000,1.00000000,-0.00289207,1.36934271,1.42271543,-0.02737781,-0.02737781
2020-09-08,12663.55957031,0.00493272,1.00000000,1.00000000,0.00493272,1.37609730,1.42973329,-0.02258014,-0.02258014
2020-09-09,12608.58007812,-0.00434155,1.00000000,1.00000000,-0.00434155,1.37012290,1.42352603,-0.02682366,-0.02682366
2020-09-10,12691.75000000,0.00659630,1.00000000,1.00000000,0.00659630,1.37916064,1.43291602,-0.02040430,-0.02040430
2020-09-11,12675.95019531,-0.00124489,1.00000000,1.00000000,-0.00124489,1.37744374,1.43113220,-0.02162379,-0.02162379
2020-09-14,12787.82031250,0.00882538,1.00000000,1.00000000,0.00882538,1.38960020,1.44376249,-0.01298924,-0.01298924
2020-09-15,12845.65039062,0.00452228,1.00000000,1.00000000,0.00452228,1.39588436,1.45029159,-0.00852570,-0.00852570
2020-09-16,12976.75976562,0.01020652,1.00000000,1.00000000,0.01020652,1.41013148,1.46509402,0.00000000,0.00000000
2020-09-17,12872.74023438,-0.00801583,1.00000000,1.00000000,-0.00801583,1.39882811,1.45335007,-0.00801583,-0.00801583
2020-09-18,12875.62011719,0.00022372,1.00000000,1.00000000,0.00022372,1.39914105,1.45367521,-0.00779391,-0.00779391
2020-09-21,12795.12011719,-0.00625213,1.00000000,1.00000000,-0.00625213,1.39039344,1.44458665,-0.01399730,-0.01399730
2020-09-22,12645.50976562,-0.01169277,1.00000000,1.00000000,-0.01169277,1.37413590,1.42769544,-0.02552640,-0.02552640
2020-09-23,12583.87988281,-0.00487366,1.00000000,1.00000000,-0.00487366,1.36743883,1.42073734,-0.03027565,-0.03027565
2020-09-24,12264.37988281,-0.02538963,1.00000000,1.00000000,-0.02538963,1.33272007,1.38466535,-0.05489659,-0.05489659
2020-09-25,12232.91015625,-0.00256595,1.00000000,1.00000000,-0.00256595,1.32930038,1.38111237,-0.05732168,-0.05732168
2020-09-28,12462.75976562,0.01878945,1.00000000,1.00000000,0.01878945,1.35427720,1.40706271,-0.03960927,-0.03960927
2020-09-29,12467.73046875,0.00039884,1.00000000,1.00000000,0.00039884,1.35481735,1.40762391,-0.03922622,-0.03922622
2020-09-30,12515.61035156,0.00384030,1.00000000,1.00000000,0.00384030,1.36002026,1.41302962,-0.03553656,-0.03553656
2020-10-05,12548.28027344,0.00261033,0.00000000,1.00000000,0.00261033,1.36357037,1.41671809,-0.03301899,-0.03301899
2020-10-06,12704.23046875,0.01242801,0.00000000,0.00000000,0.00000000,1.38051684,1.41671809,-0.02100134,-0.03301899
2020-10-07,12746.37011719,0.00331698,0.00000000,0.00000000,0.00000000,1.38509598,1.41671809,-0.01775402,-0.03301899
2020-10-08,12887.19042969,0.01104788,0.00000000,0.00000000,0.00000000,1.40039835,1.41671809,-0.00690229,-0.03301899
2020-10-12,12955.91015625,0.00533241,1.00000000,0.00000000,0.00000000,1.40786584,1.41671809,-0.00160669,-0.03301899
2020-10-13,12947.12988281,-0.00067770,1.00000000,1.00000000,-0.00067770,1.40691173,1.41575798,-0.00228330,-0.03367432
2020-10-14,12919.30957031,-0.00214876,1.00000000,1.00000000,-0.00214876,1.40388861,1.41271585,-0.00442716,-0.03575072
2020-10-15,12827.82031250,-0.00708159,1.00000000,1.00000000,-0.00708159,1.39394684,1.40271158,-0.01147740,-0.04257914
2020-10-16,12750.37011719,-0.00603767,1.00000000,1.00000000,-0.00603767,1.38553065,1.39424246,-0.01744578,-0.04835973
2020-10-19,12908.33984375,0.01238942,0.00000000,1.00000000,0.01238942,1.40269657,1.41151632,-0.00527250,-0.03656946
2020-10-20,12862.37011719,-0.00356124,0.00000000,0.00000000,-0.00000000,1.39770123,1.41151632,-0.00881496,-0.03656946
2020-10-21,12877.25000000,0.00115685,0.00000000,0.00000000,0.00000000,1.39931816,1.41151632,-0.00766831,-0.03656946
2020-10-22,12917.03027344,0.00308919,0.00000000,0.00000000,0.00000000,1.40364092,1.41151632,-0.00460280,-0.03656946
2020-10-23,12898.82031250,-0.00140976,0.00000000,0.00000000,-0.00000000,1.40166212,1.41151632,-0.00600608,-0.03656946
2020-10-26,12909.03027344,0.00079154,0.00000000,0.00000000,0.00000000,1.40277160,1.41151632,-0.00521929,-0.03656946
2020-10-27,12875.00976562,-0.00263540,0.00000000,0.00000000,-0.00000000,1.39907473,1.41151632,-0.00784094,-0.03656946
2020-10-28,12793.75000000,-0.00631143,0.00000000,0.00000000,-0.00000000,1.39024456,1.41151632,-0.01410289,-0.03656946
2020-10-29,12662.91015625,-0.01022686,0.00000000,0.00000000,-0.00000000,1.37602673,1.41151632,-0.02418551,-0.03656946
2020-10-30,12546.33984375,-0.00920565,0.00000000,0.00000000,-0.00000000,1.36335951,1.41151632,-0.03316852,-0.03656946
2020-11-02,12591.30957031,0.00358429,0.00000000,0.00000000,0.00000000,1.36824619,1.41151632,-0.02970312,-0.03656946
2020-11-03,12736.00976562,0.01149207,0.00000000,0.00000000,0.00000000,1.38397016,1.41151632,-0.01855240,-0.03656946
2020-11-04,12867.90039062,0.01035573,0.00000000,0.00000000,0.00000000,1.39830218,1.41151632,-0.00838879,-0.03656946
2020-11-05,12918.79980469,0.00395553,0.00000000,0.00000000,0.00000000,1.40383321,1.41151632,-0.00446644,-0.03656946
2020-11-06,12973.53027344,0.00423650,0.00000000,0.00000000,0.00000000,1.40978055,1.41151632,-0.00024887,-0.03656946
2020-11-09,13127.46972656,0.01186566,0.00000000,0.00000000,0.00000000,1.42650852,1.41151632,0.00000000,-0.03656946
2020-11-10,13081.71972656,-0.00348506,0.00000000,0.00000000,-0.00000000,1.42153705,1.41151632,-0.00348506,-0.03656946
2020-11-11,13262.19042969,0.01379564,0.00000000,0.00000000,0.00000000,1.44114807,1.41151632,0.00000000,-0.03656946
2020-11-12,13221.78027344,-0.00304702,0.00000000,0.00000000,-0.00000000,1.43675686,1.41151632,-0.00304702,-0.03656946
2020-11-13,13273.33007812,0.00389886,0.00000000,0.00000000,0.00000000,1.44235857,1.41151632,0.00000000,-0.03656946
2020-11-16,13551.83007812,0.02098192,1.00000000,0.00000000,0.00000000,1.47262203,1.41151632,0.00000000,-0.03656946
2020-11-17,13593.00976562,0.00303868,1.00000000,1.00000000,0.00303868,1.47709685,1.41580547,0.00000000,-0.03364190
2020-11-18,13773.29003906,0.01326272,1.00000000,1.00000000,0.01326272,1.49668718,1.43458290,0.00000000,-0.02082537
2020-11-19,13722.42968750,-0.00369268,1.00000000,1.00000000,-0.00369268,1.49116039,1.42928544,-0.00369268,-0.02444115
2020-11-20,13716.44042969,-0.00043646,1.00000000,1.00000000,-0.00043646,1.49050956,1.42866162,-0.00412753,-0.02486694
2020-11-23,13878.00976562,0.01177925,1.00000000,1.00000000,0.01177925,1.50806664,1.44549018,0.00000000,-0.01338060
2020-11-24,13807.12988281,-0.00510735,1.00000000,1.00000000,-0.00510735,1.50036441,1.43810755,-0.00510735,-0.01841961
2020-11-25,13738.83007812,-0.00494671,1.00000000,1.00000000,-0.00494671,1.49294255,1.43099366,-0.01002879,-0.02327520
2020-11-26,13845.66015625,0.00777578,1.00000000,1.00000000,0.00777578,1.50455134,1.44212074,-0.00233100,-0.01568041
2020-11-27,13867.08984375,0.00154775,1.00000000,1.00000000,0.00154775,1.50688002,1.44435279,-0.00078685,-0.01415692
2020-11-30,13722.88964844,-0.01039874,1.00000000,1.00000000,-0.01039874,1.49121037,1.42933335,-0.01117740,-0.02440845
2020-12-01,13885.66992188,0.01186195,1.00000000,1.00000000,0.01186195,1.50889904,1.44628804,0.00000000,-0.01283602
2020-12-02,13989.13964844,0.00745155,1.00000000,1.00000000,0.00745155,1.52014267,1.45706512,0.00000000,-0.00548013
2020-12-03,13977.08984375,-0.00086137,1.00000000,1.00000000,-0.00086137,1.51883327,1.45581005,-0.00086137,-0.00633677
2020-12-04,14132.44042969,0.01111466,1.00000000,1.00000000,0.01111466,1.53571458,1.47199088,0.00000000,0.00000000
2020-12-07,14256.59960938,0.00878540,1.00000000,1.00000000,0.00878540,1.54920645,1.48492291,0.00000000,0.00000000
2020-12-08,14360.40039062,0.00728089,1.00000000,1.00000000,0.00728089,1.56048606,1.49573448,0.00000000,0.00000000
2020-12-09,14390.13964844,0.00207092,1.00000000,1.00000000,0.00207092,1.56371770,1.49883203,0.00000000,0.00000000
2020-12-10,14249.49023438,-0.00977401,1.00000000,1.00000000,-0.00977401,1.54843391,1.48418242,-0.00977401,-0.00977401
2020-12-11,14261.69042969,0.00085618,1.00000000,1.00000000,0.00085618,1.54975965,1.48545316,-0.00892620,-0.00892620
2020-12-14,14211.04980469,-0.00355082,1.00000000,1.00000000,-0.00355082,1.54425674,1.48017859,-0.01244532,-0.01244532
2020-12-15,14068.51953125,-0.01002954,1.00000000,1.00000000,-0.01002954,1.52876856,1.46533308,-0.02235003,-0.02235003
2020-12-16,14304.45996094,0.01677081,1.00000000,1.00000000,0.01677081,1.55440724,1.48990790,-0.00595406,-0.00595406
2020-12-17,14258.92968750,-0.00318294,1.00000000,1.00000000,-0.00318294,1.54945965,1.48516561,-0.00911805,-0.00911805
2020-12-18,14249.95996094,-0.00062906,1.00000000,1.00000000,-0.00062906,1.54848495,1.48423135,-0.00974137,-0.00974137
2020-12-21,14384.95996094,0.00947371,1.00000000,1.00000000,0.00947371,1.56315485,1.49829253,-0.00035995,-0.00035995
2020-12-22,14177.45996094,-0.01442479,1.00000000,1.00000000,-0.01442479,1.54060667,1.47667998,-0.01477954,-0.01477954
2020-12-23,14223.08984375,0.00321848,1.00000000,1.00000000,0.00321848,1.54556508,1.48143264,-0.01160863,-0.01160863
2020-12-24,14280.28027344,0.00402096,1.00000000,1.00000000,0.00402096,1.55177973,1.48738942,-0.00763435,-0.00763435
2020-12-25,14331.41992188,0.00358114,1.00000000,1.00000000,0.00358114,1.55733687,1.49271596,-0.00408055,-0.00408055
2020-12-28,14483.07031250,0.01058167,1.00000000,1.00000000,0.01058167,1.57381610,1.50851140,0.00000000,0.00000000
2020-12-29,14472.04980469,-0.00076092,1.00000000,1.00000000,-0.00076092,1.57261855,1.50736353,-0.00076092,-0.00076092
2020-12-30,14687.70019531,0.01490116,1.00000000,1.00000000,0.01490116,1.59605239,1.52982501,0.00000000,0.00000000
2020-12-31,14732.53027344,0.00305222,1.00000000,1.00000000,0.00305222,1.60092389,1.53449437,0.00000000,0.00000000
2021-01-04,14902.03027344,0.01150515,1.00000000,1.00000000,0.01150515,1.61934277,1.55214896,0.00000000,0.00000000
2021-01-05,15000.03027344,0.00657629,1.00000000,1.00000000,0.00657629,1.62999203,1.56235633,0.00000000,0.00000000
2021-01-06,14983.12988281,-0.00112669,1.00000000,1.00000000,-0.00112669,1.62815553,1.56059604,-0.00112669,-0.00112669
2021-01-07,15214.00000000,0.01540867,1.00000000,1.00000000,0.01540867,1.65324324,1.58464275,0.00000000,0.00000000
2021-01-08,15463.95019531,0.01642896,1.00000000,1.00000000,0.01642896,1.68040431,1.61067678,0.00000000,0.00000000
2021-01-11,15557.29980469,0.00603660,1.00000000,1.00000000,0.00603660,1.69054823,1.62039979,0.00000000,0.00000000
2021-01-12,15500.70019531,-0.00363814,1.00000000,1.00000000,-0.00363814,1.68439778,1.61450455,-0.00363814,-0.00363814
2021-01-13,15769.98046875,0.01737214,1.00000000,1.00000000,0.01737214,1.71365937,1.64255194,0.00000000,0.00000000
2021-01-14,15707.19042969,-0.00398162,1.00000000,1.00000000,-0.00398162,1.70683623,1.63601193,-0.00398162,-0.00398162
2021-01-15,15616.38964844,-0.00578084,1.00000000,1.00000000,-0.00578084,1.69696928,1.62655440,-0.00973944,-0.00973944
2021-01-18,15612.00000000,-0.00028109,1.00000000,1.00000000,-0.00028109,1.69649228,1.62609719,-0.01001780,-0.01001780
2021-01-19,15877.37011719,0.01699783,1.00000000,1.00000000,0.01699783,1.72532896,1.65373731,0.00000000,0.00000000
2021-01-20,15806.17968750,-0.00448377,1.00000000,1.00000000,-0.00448377,1.71759299,1.64632234,-0.00448377,-0.00448377
2021-01-21,16153.76953125,0.02199076,1.00000000,1.00000000,0.02199076,1.75536416,1.68252621,0.00000000,0.00000000
2021-01-22,16019.03027344,-0.00834104,1.00000000,1.00000000,-0.00834104,1.74072259,1.66849219,-0.00834104,-0.00834104
2021-01-25,15946.54003906,-0.00452526,1.00000000,1.00000000,-0.00452526,1.73284538,1.66094183,-0.01282855,-0.01282855
2021-01-26,15658.84960938,-0.01804093,1.00000000,1.00000000,-0.01804093,1.70158323,1.63097690,-0.03063805,-0.03063805
2021-01-27,15701.45019531,0.00272054,1.00000000,1.00000000,0.00272054,1.70621246,1.63541404,-0.02800085,-0.02800085
2021-01-28,15415.87988281,-0.01818751,1.00000000,1.00000000,-0.01818751,1.67518070,1.60566993,-0.04567910,-0.04567910
2021-01-29,15138.30957031,-0.01800548,1.00000000,1.00000000,-0.01800548,1.64501827,1.57675907,-0.06286211,-0.06286211
2021-02-01,15410.08984375,0.01795315,1.00000000,1.00000000,0.01795315,1.67455152,1.60506686,-0.04603753,-0.04603753
2021-02-02,15760.04980469,0.02270979,1.00000000,1.00000000,0.02270979,1.71258024,1.64151759,-0.02437324,-0.02437324
2021-02-03,15771.32031250,0.00071513,1.00000000,1.00000000,0.00071513,1.71380496,1.64269149,-0.02367554,-0.02367554
2021-02-04,15706.21972656,-0.00412778,1.00000000,1.00000000,-0.00412778,1.70673075,1.63591082,-0.02770560,-0.02770560
2021-02-05,15802.40039062,0.00612373,1.00000000,1.00000000,0.00612373,1.71718231,1.64592870,-0.02175153,-0.02175153
2021-02-17,16362.29003906,0.03543067,1.00000000,1.00000000,0.03543067,1.77802323,1.70424506,0.00000000,0.00000000
2021-02-18,16424.50976562,0.00380263,1.00000000,1.00000000,0.00380263,1.78478439,1.71072567,0.00000000,0.00000000
2021-02-19,16341.37988281,-0.00506133,1.00000000,1.00000000,-0.00506133,1.77575101,1.70206712,-0.00506133,-0.00506133
2021-02-22,16410.16015625,0.00420896,1.00000000,1.00000000,0.00420896,1.78322508,1.70923106,-0.00087367,-0.00087367
2021-02-23,16443.40039062,0.00202559,1.00000000,1.00000000,0.00202559,1.78683716,1.71269326,0.00000000,0.00000000
2021-02-24,16212.53027344,-0.01404029,1.00000000,1.00000000,-0.01404029,1.76174945,1.68864655,-0.01404029,-0.01404029
2021-02-25,16452.17968750,0.01478174,1.00000000,1.00000000,0.01478174,1.78779117,1.71360768,0.00000000,0.00000000
2021-02-26,15953.79980469,-0.03029264,1.00000000,1.00000000,-0.03029264,1.73363427,1.66169799,-0.03029264,-0.03029264
2021-03-02,15946.87988281,-0.00043375,1.00000000,1.00000000,-0.00043375,1.73288231,1.66097723,-0.03071324,-0.03071324
2021-03-03,16211.73046875,0.01660830,1.00000000,1.00000000,0.01660830,1.76166254,1.68856324,-0.01461504,-0.01461504
2021-03-04,15906.41015625,-0.01883330,1.00000000,1.00000000,-0.01883330,1.72848463,1.65676203,-0.03317308,-0.03317308
2021-03-05,15855.23046875,-0.00321755,1.00000000,1.00000000,-0.00321755,1.72292314,1.65143131,-0.03628390,-0.03628390
2021-03-08,15820.11035156,-0.00221505,1.00000000,1.00000000,-0.00221505,1.71910678,1.64777331,-0.03841858,-0.03841858
2021-03-09,15853.08984375,0.00208466,1.00000000,1.00000000,0.00208466,1.72269053,1.65120835,-0.03641401,-0.03641401
2021-03-10,15911.66992188,0.00369518,1.00000000,1.00000000,0.00369518,1.72905618,1.65730987,-0.03285338,-0.03285338
2021-03-11,16179.55957031,0.01683605,1.00000000,1.00000000,0.01683605,1.75816666,1.68521242,-0.01657046,-0.01657046
2021-03-12,16255.17968750,0.00467381,1.00000000,1.00000000,0.00467381,1.76638399,1.69308878,-0.01197410,-0.01197410
2021-03-15,16249.33007812,-0.00035986,1.00000000,1.00000000,-0.00035986,1.76574833,1.69247950,-0.01232965,-0.01232965
2021-03-16,16313.16015625,0.00392817,1.00000000,1.00000000,0.00392817,1.77268449,1.69912784,-0.00844992,-0.00844992
2021-03-17,16215.82031250,-0.00596695,1.00000000,1.00000000,-0.00596695,1.76210696,1.68898923,-0.01436645,-0.01436645
2021-03-18,16287.83984375,0.00444131,1.00000000,1.00000000,0.00444131,1.76993303,1.69649056,-0.00998894,-0.00998894
2021-03-19,16070.24023438,-0.01335964,1.00000000,1.00000000,-0.01335964,1.74628737,1.67382606,-0.02321513,-0.02321513
2021-03-22,16189.21972656,0.00740372,1.00000000,1.00000000,0.00740372,1.75921639,1.68621859,-0.01598329,-0.01598329
2021-03-23,16177.58984375,-0.00071837,1.00000000,1.00000000,-0.00071837,1.75795262,1.68500726,-0.01669018,-0.01669018
2021-03-24,16032.12011719,-0.00899205,1.00000000,1.00000000,-0.00899205,1.74214501,1.66985559,-0.02553215,-0.02553215
2021-03-25,16060.13964844,0.00174771,1.00000000,1.00000000,0.00174771,1.74518978,1.67277402,-0.02382906,-0.02382906
2021-03-26,16305.87988281,0.01530125,1.00000000,1.00000000,0.01530125,1.77189337,1.69836955,-0.00889243,-0.00889243
2021-03-29,16475.97070312,0.01043126,1.00000000,1.00000000,0.01043126,1.79037644,1.71608568,0.00000000,0.00000000
2021-03-30,16554.90039062,0.00479059,1.00000000,1.00000000,0.00479059,1.79895341,1.72430675,0.00000000,0.00000000
2021-03-31,16431.13085938,-0.00747631,1.00000000,1.00000000,-0.00747631,1.78550388,1.71141530,-0.00747631,-0.00747631
2021-04-01,16571.27929688,0.00852945,1.00000000,1.00000000,0.00852945,1.80073324,1.72601273,0.00000000,0.00000000
2021-04-07,16815.35937500,0.01472910,1.00000000,1.00000000,0.01472910,1.82725643,1.75143534,0.00000000,0.00000000
2021-04-08,16926.43945312,0.00660587,1.00000000,1.00000000,0.00660587,1.83932704,1.76300510,0.00000000,0.00000000
2021-04-09,16854.09960938,-0.00427378,1.00000000,1.00000000,-0.00427378,1.83146617,1.75547041,-0.00427378,-0.00427378
2021-04-12,16859.69921875,0.00033224,1.00000000,1.00000000,0.00033224,1.83207466,1.75605364,-0.00394296,-0.00394296
2021-04-13,16824.91015625,-0.00206345,1.00000000,1.00000000,-0.00206345,1.82829427,1.75243012,-0.00599827,-0.00599827
2021-04-14,16865.97070312,0.00244046,1.00000000,1.00000000,0.00244046,1.83275615,1.75670686,-0.00357244,-0.00357244
2021-04-15,17076.73046875,0.01249615,1.00000000,1.00000000,0.01249615,1.85565855,1.77865894,0.00000000,0.00000000
2021-04-16,17158.81054688,0.00480655,1.00000000,1.00000000,0.00480655,1.86457786,1.78720815,0.00000000,0.00000000
2021-04-19,17263.27929688,0.00608834,1.00000000,1.00000000,0.00608834,1.87593005,1.79808929,0.00000000,0.00000000
2021-04-20,17323.86914062,0.00350975,1.00000000,1.00000000,0.00350975,1.88251410,1.80440013,0.00000000,0.00000000
2021-04-21,17202.10937500,-0.00702844,1.00000000,1.00000000,-0.00702844,1.86928297,1.79171802,-0.00702844,-0.00702844
2021-04-22,17096.97070312,-0.00611196,1.00000000,1.00000000,-0.00611196,1.85785798,1.78076710,-0.01309745,-0.01309745
2021-04-23,17300.26953125,0.01189093,1.00000000,1.00000000,0.01189093,1.87994963,1.80194207,-0.00136226,-0.00136226
2021-04-26,17572.28906250,0.01572343,1.00000000,1.00000000,0.01572343,1.90950888,1.83027478,0.00000000,0.00000000
2021-04-27,17595.90039062,0.00134367,1.00000000,1.00000000,0.00134367,1.91207463,1.83273406,0.00000000,0.00000000
2021-04-28,17567.52929688,-0.00161237,1.00000000,1.00000000,-0.00161237,1.90899166,1.82977902,-0.00161237,-0.00161237
2021-04-29,17566.66015625,-0.00004947,1.00000000,1.00000000,-0.00004947,1.90889721,1.82968849,-0.00166176,-0.00166176
2021-05-03,17222.34960938,-0.01960023,1.00000000,1.00000000,-0.01960023,1.87148239,1.79382618,-0.02122942,-0.02122942
2021-05-04,16933.77929688,-0.01675557,1.00000000,1.00000000,-0.01675557,1.84012463,1.76376959,-0.03762928,-0.03762928
2021-05-05,16843.43945312,-0.00533489,1.00000000,1.00000000,-0.00533489,1.83030777,1.75436008,-0.04276342,-0.04276342
2021-05-06,16994.35937500,0.00896016,1.00000000,1.00000000,0.00896016,1.84670762,1.77007943,-0.03418643,-0.03418643
2021-05-07,17285.00000000,0.01710218,1.00000000,1.00000000,0.01710218,1.87829035,1.80035165,-0.01766891,-0.01766891
2021-05-10,17235.60937500,-0.00285743,1.00000000,1.00000000,-0.00285743,1.87292328,1.79520727,-0.02047585,-0.02047585
2021-05-11,16583.13085938,-0.03785642,1.00000000,1.00000000,-0.03785642,1.80202110,1.72724715,-0.05755713,-0.05755713
2021-05-12,15902.37011719,-0.04105140,1.00000000,1.00000000,-0.04105140,1.72804561,1.65634123,-0.09624573,-0.09624573
2021-05-13,15670.09960938,-0.01460603,1.00000000,1.00000000,-0.01460603,1.70280572,1.63214866,-0.10944599,-0.10944599
2021-05-14,15827.08984375,0.01001846,1.00000000,1.00000000,0.01001846,1.71986521,1.64850028,-0.10052401,-0.10052401
2021-05-17,15353.88964844,-0.02989812,0.00000000,1.00000000,-0.02989812,1.66844448,1.59921322,-0.12741665,-0.12741665
2021-05-18,16145.98046875,0.05158894,0.00000000,0.00000000,0.00000000,1.75451775,1.59921322,-0.08240101,-0.12741665
2021-05-19,16132.66015625,-0.00082499,0.00000000,0.00000000,-0.00000000,1.75307029,1.59921322,-0.08315802,-0.12741665
2021-05-20,16042.36035156,-0.00559733,0.00000000,0.00000000,-0.00000000,1.74325778,1.59921322,-0.08828989,-0.12741665
2021-05-21,16302.05957031,0.01618834,0.00000000,0.00000000,0.00000000,1.77147823,1.59921322,-0.07353081,-0.12741665
2021-05-24,16338.29003906,0.00222245,0.00000000,0.00000000,0.00000000,1.77541525,1.59921322,-0.07147178,-0.12741665
2021-05-25,16595.66992188,0.01575317,0.00000000,0.00000000,0.00000000,1.80338367,1.59921322,-0.05684452,-0.12741665
2021-05-26,16643.68945312,0.00289350,0.00000000,0.00000000,0.00000000,1.80860176,1.59921322,-0.05411550,-0.12741665
2021-05-27,16601.60937500,-0.00252829,0.00000000,0.00000000,-0.00000000,1.80402909,1.59921322,-0.05650697,-0.12741665
2021-05-28,16870.85937500,0.01621831,0.00000000,0.00000000,0.00000000,1.83328738,1.59921322,-0.04120511,-0.12741665
2021-05-31,17068.42968750,0.01171074,0.00000000,0.00000000,0.00000000,1.85475654,1.59921322,-0.02997691,-0.12741665
2021-06-01,17162.38085938,0.00550438,0.00000000,0.00000000,0.00000000,1.86496583,1.59921322,-0.02463753,-0.12741665
2021-06-02,17165.03906250,0.00015489,0.00000000,0.00000000,0.00000000,1.86525469,1.59921322,-0.02448646,-0.12741665
2021-06-03,17246.16015625,0.00472595,0.00000000,0.00000000,0.00000000,1.87406979,1.59921322,-0.01987623,-0.12741665
2021-06-04,17147.41015625,-0.00572591,0.00000000,0.00000000,-0.00000000,1.86333903,1.59921322,-0.02548834,-0.12741665
2021-06-07,17083.91015625,-0.00370318,0.00000000,0.00000000,-0.00000000,1.85643874,1.59921322,-0.02909713,-0.12741665
2021-06-08,17076.21093750,-0.00045067,0.00000000,0.00000000,-0.00000000,1.85560210,1.59921322,-0.02953469,-0.12741665
2021-06-09,16966.22070312,-0.00644114,0.00000000,0.00000000,-0.00000000,1.84364991,1.59921322,-0.03578559,-0.12741665
2021-06-10,17159.22070312,0.01137554,0.00000000,0.00000000,0.00000000,1.86462243,1.59921322,-0.02481713,-0.12741665
2021-06-11,17213.51953125,0.00316441,0.00000000,0.00000000,0.00000000,1.87052286,1.59921322,-0.02173125,-0.12741665
2021-06-15,17371.28906250,0.00916544,0.00000000,0.00000000,0.00000000,1.88766703,1.59921322,-0.01276498,-0.12741665
2021-06-16,17307.85937500,-0.00365141,0.00000000,0.00000000,-0.00000000,1.88077439,1.59921322,-0.01636978,-0.12741665
2021-06-17,17390.60937500,0.00478106,0.00000000,0.00000000,0.00000000,1.88976649,1.59921322,-0.01166698,-0.12741665
2021-06-18,17318.53906250,-0.00414421,0.00000000,0.00000000,-0.00000000,1.88193491,1.59921322,-0.01576284,-0.12741665
2021-06-21,17062.98046875,-0.01475636,0.00000000,0.00000000,-0.00000000,1.85416440,1.59921322,-0.03028660,-0.12741665
2021-06-22,17075.55078125,0.00073670,0.00000000,0.00000000,0.00000000,1.85553036,1.59921322,-0.02957221,-0.12741665
2021-06-23,17336.71093750,0.01529439,0.00000000,0.00000000,0.00000000,1.88390957,1.59921322,-0.01473010,-0.12741665
2021-06-24,17407.96093750,0.00410978,0.00000000,0.00000000,0.00000000,1.89165202,1.59921322,-0.01068087,-0.12741665
2021-06-25,17502.99023438,0.00545896,0.00000000,0.00000000,0.00000000,1.90197846,1.59921322,-0.00528022,-0.12741665
2021-06-28,17590.97070312,0.00502660,0.00000000,0.00000000,0.00000000,1.91153894,1.59921322,-0.00028016,-0.12741665
2021-06-29,17598.18945312,0.00041037,0.00000000,0.00000000,0.00000000,1.91232337,1.59921322,0.00000000,-0.12741665
2021-06-30,17755.46093750,0.00893680,0.00000000,0.00000000,0.00000000,1.92941342,1.59921322,0.00000000,-0.12741665
2021-07-01,17713.93945312,-0.00233852,0.00000000,0.00000000,-0.00000000,1.92490145,1.59921322,-0.00233852,-0.12741665
2021-07-02,17710.15039062,-0.00021390,0.00000000,0.00000000,-0.00000000,1.92448971,1.59921322,-0.00255192,-0.12741665
2021-07-05,17919.33007812,0.01181129,0.00000000,0.00000000,0.00000000,1.94722041,1.59921322,0.00000000,-0.12741665
2021-07-06,17913.07031250,-0.00034933,0.00000000,0.00000000,-0.00000000,1.94654019,1.59921322,-0.00034933,-0.12741665
2021-07-07,17850.68945312,-0.00348242,0.00000000,0.00000000,-0.00000000,1.93976152,1.59921322,-0.00383054,-0.12741665
2021-07-08,17866.08984375,0.00086273,0.00000000,0.00000000,0.00000000,1.94143501,1.59921322,-0.00297111,-0.12741665
2021-07-09,17661.48046875,-0.01145239,0.00000000,0.00000000,-0.00000000,1.91920095,1.59921322,-0.01438947,-0.12741665
2021-07-12,17814.33007812,0.00865441,0.00000000,0.00000000,0.00000000,1.93581049,1.59921322,-0.00585959,-0.12741665
2021-07-13,17847.51953125,0.00186308,0.00000000,0.00000000,0.00000000,1.93941705,1.59921322,-0.00400743,-0.12741665
2021-07-14,17845.75000000,-0.00009915,0.00000000,0.00000000,-0.00000000,1.93922477,1.59921322,-0.00410618,-0.12741665
2021-07-15,18034.18945312,0.01055935,0.00000000,0.00000000,0.00000000,1.95970171,1.59921322,0.00000000,-0.12741665
2021-07-16,17895.25000000,-0.00770422,0.00000000,0.00000000,-0.00000000,1.94460373,1.59921322,-0.00770422,-0.12741665
2021-07-19,17789.25000000,-0.00592336,0.00000000,0.00000000,-0.00000000,1.93308514,1.59921322,-0.01358195,-0.12741665
2021-07-20,17528.74023438,-0.01464422,0.00000000,0.00000000,-0.00000000,1.90477661,1.59921322,-0.02802728,-0.12741665
2021-07-21,17458.78906250,-0.00399066,0.00000000,0.00000000,-0.00000000,1.89717530,1.59921322,-0.03190609,-0.12741665
2021-07-22,17572.33007812,0.00650337,0.00000000,0.00000000,0.00000000,1.90951334,1.59921322,-0.02561021,-0.12741665
2021-07-23,17572.91992188,0.00003357,0.00000000,0.00000000,0.00000000,1.90957744,1.59921322,-0.02557750,-0.12741665
2021-07-26,17403.56054688,-0.00963752,0.00000000,0.00000000,-0.00000000,1.89117384,1.59921322,-0.03496852,-0.12741665
2021-07-27,17269.86914062,-0.00768184,0.00000000,0.00000000,-0.00000000,1.87664615,1.59921322,-0.04238174,-0.12741665
2021-07-28,17135.22070312,-0.00779673,0.00000000,0.00000000,-0.00000000,1.86201445,1.59921322,-0.04984803,-0.12741665
2021-07-29,17402.81054688,0.01561636,0.00000000,0.00000000,0.00000000,1.89109235,1.59921322,-0.03501011,-0.12741665
2021-07-30,17247.41015625,-0.00892961,0.00000000,0.00000000,-0.00000000,1.87420562,1.59921322,-0.04362710,-0.12741665
2021-08-02,17503.27929688,0.01483522,0.00000000,0.00000000,0.00000000,1.90200987,1.59921322,-0.02943909,-0.12741665
2021-08-03,17553.75976562,0.00288406,0.00000000,0.00000000,0.00000000,1.90749538,1.59921322,-0.02663994,-0.12741665
2021-08-04,17623.89062500,0.00399520,0.00000000,0.00000000,0.00000000,1.91511621,1.59921322,-0.02275117,-0.12741665
2021-08-05,17603.11914062,-0.00117860,0.00000000,0.00000000,-0.00000000,1.91285906,1.59921322,-0.02390295,-0.12741665
2021-08-06,17526.27929688,-0.00436513,0.00000000,0.00000000,-0.00000000,1.90450919,1.59921322,-0.02816374,-0.12741665
2021-08-09,17485.15039062,-0.00234670,0.00000000,0.00000000,-0.00000000,1.90003988,1.59921322,-0.03044434,-0.12741665
2021-08-10,17323.64062500,-0.00923697,0.00000000,0.00000000,-0.00000000,1.88248927,1.59921322,-0.03940010,-0.12741665
2021-08-11,17227.17968750,-0.00556817,0.00000000,0.00000000,-0.00000000,1.87200726,1.59921322,-0.04474888,-0.12741665
2021-08-12,17219.93945312,-0.00042028,0.00000000,0.00000000,-0.00000000,1.87122049,1.59921322,-0.04515035,-0.12741665
2021-08-13,16982.10937500,-0.01381132,0.00000000,0.00000000,-0.00000000,1.84537647,1.59921322,-0.05833809,-0.12741665
2021-08-16,16858.76953125,-0.00726293,0.00000000,0.00000000,-0.00000000,1.83197363,1.59921322,-0.06517731,-0.12741665
2021-08-17,16661.35937500,-0.01170964,0.00000000,0.00000000,-0.00000000,1.81052187,1.59921322,-0.07612375,-0.12741665
2021-08-18,16826.26953125,0.00989776,0.00000000,0.00000000,0.00000000,1.82844199,1.59921322,-0.06697944,-0.12741665
2021-08-19,16375.40039062,-0.02679555,0.00000000,0.00000000,-0.00000000,1.77944788,1.59921322,-0.09198024,-0.12741665
2021-08-20,16341.94042969,-0.00204331,0.00000000,0.00000000,-0.00000000,1.77581192,1.59921322,-0.09383560,-0.12741665
2021-08-23,16741.83984375,0.02447074,0.00000000,0.00000000,0.00000000,1.81926736,1.59921322,-0.07166109,-0.12741665
2021-08-24,16818.73046875,0.00459272,0.00000000,0.00000000,0.00000000,1.82762275,1.59921322,-0.06739748,-0.12741665
2021-08-25,17045.85937500,0.01350452,0.00000000,0.00000000,0.00000000,1.85230392,1.59921322,-0.05480313,-0.12741665
2021-08-26,17066.96093750,0.00123793,0.00000000,0.00000000,0.00000000,1.85459694,1.59921322,-0.05363305,-0.12741665
2021-08-27,17209.92968750,0.00837693,0.00000000,0.00000000,0.00000000,1.87013277,1.59921322,-0.04570540,-0.12741665
2021-08-30,17396.51953125,0.01084199,0.00000000,0.00000000,0.00000000,1.89040873,1.59921322,-0.03535895,-0.12741665
2021-08-31,17490.28906250,0.00539013,0.00000000,0.00000000,0.00000000,1.90059828,1.59921322,-0.03015940,-0.12741665
2021-09-01,17473.99023438,-0.00093188,0.00000000,0.00000000,-0.00000000,1.89882715,1.59921322,-0.03106318,-0.12741665
2021-09-02,17319.75976562,-0.00882629,0.00000000,0.00000000,-0.00000000,1.88206756,1.59921322,-0.03961529,-0.12741665
2021-09-03,17516.91992188,0.01138354,0.00000000,0.00000000,0.00000000,1.90349214,1.59921322,-0.02868272,-0.12741665
2021-09-06,17495.30078125,-0.00123419,0.00000000,0.00000000,-0.00000000,1.90114288,1.59921322,-0.02988150,-0.12741665
2021-09-07,17428.86914062,-0.00379711,0.00000000,0.00000000,-0.00000000,1.89392403,1.59921322,-0.03356515,-0.12741665
2021-09-08,17270.49023438,-0.00908716,0.00000000,0.00000000,-0.00000000,1.87671364,1.59921322,-0.04234730,-0.12741665
2021-09-09,17304.33007812,0.00195940,0.00000000,0.00000000,0.00000000,1.88039087,1.59921322,-0.04047087,-0.12741665
2021-09-10,17474.57031250,0.00983801,0.00000000,0.00000000,0.00000000,1.89889019,1.59921322,-0.03103101,-0.12741665
2021-09-13,17446.31054688,-0.00161719,0.00000000,0.00000000,-0.00000000,1.89581931,1.59921322,-0.03259802,-0.12741665
2021-09-14,17434.90039062,-0.00065402,0.00000000,0.00000000,-0.00000000,1.89457942,1.59921322,-0.03323072,-0.12741665
2021-09-15,17354.00000000,-0.00464014,0.00000000,0.00000000,-0.00000000,1.88578830,1.59921322,-0.03771666,-0.12741665
2021-09-16,17278.69921875,-0.00433910,0.00000000,0.00000000,-0.00000000,1.87760567,1.59921322,-0.04189211,-0.12741665
2021-09-17,17276.78906250,-0.00011055,0.00000000,0.00000000,-0.00000000,1.87739811,1.59921322,-0.04199803,-0.12741665
2021-09-22,16925.82031250,-0.02031447,0.00000000,0.00000000,-0.00000000,1.83925976,1.59921322,-0.06145933,-0.12741665
2021-09-23,17078.22070312,0.00900402,0.00000000,0.00000000,0.00000000,1.85582049,1.59921322,-0.05300869,-0.12741665
2021-09-24,17260.18945312,0.01065502,0.00000000,0.00000000,0.00000000,1.87559429,1.59921322,-0.04291848,-0.12741665
2021-09-27,17313.76953125,0.00310426,0.00000000,0.00000000,0.00000000,1.88141662,1.59921322,-0.03994745,-0.12741665
2021-09-28,17181.43945312,-0.00764305,0.00000000,0.00000000,-0.00000000,1.86703685,1.59921322,-0.04728519,-0.12741665
2021-09-29,16855.46093750,-0.01897271,0.00000000,0.00000000,-0.00000000,1.83161410,1.59921322,-0.06536077,-0.12741665
2021-09-30,16934.76953125,0.00470522,0.00000000,0.00000000,0.00000000,1.84023224,1.59921322,-0.06096309,-0.12741665
2021-10-01,16570.89062500,-0.02148709,0.00000000,0.00000000,-0.00000000,1.80069100,1.59921322,-0.08114026,-0.12741665
2021-10-04,16408.34960938,-0.00980883,0.00000000,0.00000000,-0.00000000,1.78302834,1.59921322,-0.09015320,-0.12741665
2021-10-05,16460.75000000,0.00319352,0.00000000,0.00000000,0.00000000,1.78872247,1.59921322,-0.08724758,-0.12741665
2021-10-06,16393.16015625,-0.00410612,0.00000000,0.00000000,-0.00000000,1.78137776,1.59921322,-0.09099546,-0.12741665
2021-10-07,16713.85937500,0.01956299,0.00000000,0.00000000,0.00000000,1.81622684,1.59921322,-0.07321261,-0.12741665
2021-10-08,16640.42968750,-0.00439334,0.00000000,0.00000000,-0.00000000,1.80824753,1.59921322,-0.07728430,-0.12741665
2021-10-12,16462.83984375,-0.01067219,0.00000000,0.00000000,-0.00000000,1.78894957,1.59921322,-0.08713170,-0.12741665
2021-10-13,16347.99023438,-0.00697629,0.00000000,0.00000000,-0.00000000,1.77646933,1.59921322,-0.09350014,-0.12741665
2021-10-14,16387.27929688,0.00240330,0.00000000,0.00000000,0.00000000,1.78073871,1.59921322,-0.09132155,-0.12741665
2021-10-15,16781.18945312,0.02403756,0.00000000,0.00000000,0.00000000,1.82354332,1.59921322,-0.06947914,-0.12741665
2021-10-18,16705.46093750,-0.00451270,0.00000000,0.00000000,-0.00000000,1.81531421,1.59921322,-0.07367831,-0.12741665
2021-10-19,16900.66992188,0.01168534,0.00000000,0.00000000,0.00000000,1.83652677,1.59921322,-0.06285392,-0.12741665
2021-10-20,16887.82031250,-0.00076030,0.00000000,0.00000000,-0.00000000,1.83513046,1.59921322,-0.06356644,-0.12741665
2021-10-21,16889.50976562,0.00010004,0.00000000,0.00000000,0.00000000,1.83531405,1.59921322,-0.06347275,-0.12741665
2021-10-22,16888.74023438,-0.00004556,0.00000000,0.00000000,-0.00000000,1.83523042,1.59921322,-0.06351543,-0.12741665
2021-10-25,16894.24023438,0.00032566,0.00000000,0.00000000,0.00000000,1.83582809,1.59921322,-0.06321045,-0.12741665
2021-10-26,17034.33984375,0.00829274,0.00000000,0.00000000,0.00000000,1.85105214,1.59921322,-0.05544189,-0.12741665
2021-10-27,17074.55078125,0.00236058,0.00000000,0.00000000,0.00000000,1.85542170,1.59921322,-0.05321219,-0.12741665
2021-10-28,17041.63085938,-0.00192801,0.00000000,0.00000000,-0.00000000,1.85184442,1.59921322,-0.05503760,-0.12741665
2021-10-29,16987.41015625,-0.00318166,0.00000000,0.00000000,-0.00000000,1.84595248,1.59921322,-0.05804416,-0.12741665
2021-11-01,17068.24023438,0.00475823,0.00000000,0.00000000,0.00000000,1.85473596,1.59921322,-0.05356211,-0.12741665
2021-11-02,17065.97070312,-0.00013297,0.00000000,0.00000000,-0.00000000,1.85448933,1.59921322,-0.05368795,-0.12741665
2021-11-03,17122.16015625,0.00329249,0.00000000,0.00000000,0.00000000,1.86059521,1.59921322,-0.05057224,-0.12741665
2021-11-04,17078.85937500,-0.00252893,0.00000000,0.00000000,-0.00000000,1.85588989,1.59921322,-0.05297328,-0.12741665
2021-11-05,17296.90039062,0.01276672,0.00000000,0.00000000,0.00000000,1.87958352,1.59921322,-0.04088285,-0.12741665
2021-11-08,17415.30078125,0.00684518,0.00000000,0.00000000,0.00000000,1.89244961,1.59921322,-0.03431752,-0.12741665
2021-11-09,17541.35937500,0.00723838,0.00000000,0.00000000,0.00000000,1.90614788,1.59921322,-0.02732754,-0.12741665
2021-11-10,17559.65039062,0.00104274,0.00000000,0.00000000,0.00000000,1.90813549,1.59921322,-0.02631330,-0.12741665
2021-11-11,17452.51953125,-0.00610097,0.00000000,0.00000000,-0.00000000,1.89649402,1.59921322,-0.03225373,-0.12741665
2021-11-12,17518.13085938,0.00375942,0.00000000,0.00000000,0.00000000,1.90362373,1.59921322,-0.02861557,-0.12741665
2021-11-15,17634.47070312,0.00664111,0.00000000,0.00000000,0.00000000,1.91626591,1.59921322,-0.02216450,-0.12741665
2021-11-16,17693.13085938,0.00332645,0.00000000,0.00000000,0.00000000,1.92264027,1.59921322,-0.01891178,-0.12741665
2021-11-17,17764.03906250,0.00400767,0.00000000,0.00000000,0.00000000,1.93034557,1.59921322,-0.01497990,-0.12741665
2021-11-18,17841.36914062,0.00435318,0.00000000,0.00000000,0.00000000,1.93874872,1.59921322,-0.01069193,-0.12741665
2021-11-19,17818.31054688,-0.00129242,0.00000000,0.00000000,-0.00000000,1.93624303,1.59921322,-0.01197054,-0.12741665
2021-11-22,17803.53906250,-0.00082901,0.00000000,0.00000000,-0.00000000,1.93463788,1.59921322,-0.01278962,-0.12741665
2021-11-23,17666.11914062,-0.00771869,0.00000000,0.00000000,-0.00000000,1.91970501,1.59921322,-0.02040958,-0.12741665
2021-11-24,17642.51953125,-0.00133587,0.00000000,0.00000000,-0.00000000,1.91714054,1.59921322,-0.02171819,-0.12741665
2021-11-25,17654.18945312,0.00066147,0.00000000,0.00000000,0.00000000,1.91840866,1.59921322,-0.02107109,-0.12741665
2021-11-26,17369.39062500,-0.01613208,0.00000000,0.00000000,-0.00000000,1.88746074,1.59921322,-0.03686325,-0.12741665
2021-11-29,17328.08984375,-0.00237779,0.00000000,0.00000000,-0.00000000,1.88297275,1.59921322,-0.03915339,-0.12741665
2021-11-30,17427.75976562,0.00575193,0.00000000,0.00000000,0.00000000,1.89380347,1.59921322,-0.03362667,-0.12741665
2021-12-01,17585.99023438,0.00907922,0.00000000,0.00000000,0.00000000,1.91099773,1.59921322,-0.02485275,-0.12741665
2021-12-02,17724.88085938,0.00789780,0.00000000,0.00000000,0.00000000,1.92609041,1.59921322,-0.01715123,-0.12741665
2021-12-03,17697.14062500,-0.00156504,0.00000000,0.00000000,-0.00000000,1.92307599,1.59921322,-0.01868944,-0.12741665
2021-12-06,17688.21093750,-0.00050458,1.00000000,0.00000000,-0.00000000,1.92210564,1.59921322,-0.01918459,-0.12741665
2021-12-07,17796.91992188,0.00614584,1.00000000,1.00000000,0.00614584,1.93391860,1.60904173,-0.01315665,-0.12205389
2021-12-08,17832.41992188,0.00199473,1.00000000,1.00000000,0.00199473,1.93777624,1.61225133,-0.01118817,-0.12030263
2021-12-09,17914.11914062,0.00458150,1.00000000,1.00000000,0.00458150,1.94665416,1.61963786,-0.00665793,-0.11627230
2021-12-10,17826.25976562,-0.00490448,1.00000000,1.00000000,-0.00490448,1.93710684,1.61169439,-0.01152975,-0.12060652
2021-12-13,17767.59960938,-0.00329066,1.00000000,1.00000000,-0.00329066,1.93073248,1.60639085,-0.01478247,-0.12350030
2021-12-14,17599.36914062,-0.00946838,1.00000000,1.00000000,-0.00946838,1.91245156,1.59118092,-0.02411089,-0.13179934
2021-12-15,17660.09960938,0.00345072,1.00000000,1.00000000,0.00345072,1.91905090,1.59667164,-0.02074337,-0.12880342
2021-12-16,17785.74023438,0.00711438,1.00000000,1.00000000,0.00711438,1.93270375,1.60803097,-0.01377657,-0.12260540
2021-12-17,17812.58984375,0.00150961,1.00000000,1.00000000,0.00150961,1.93562139,1.61045847,-0.01228775,-0.12128087
2021-12-20,17669.10937500,-0.00805500,1.00000000,1.00000000,-0.00805500,1.92002995,1.59748622,-0.02024378,-0.12835896
2021-12-21,17789.26953125,0.00680058,1.00000000,1.00000000,0.00680058,1.93308726,1.60835005,-0.01358087,-0.12243130
2021-12-22,17826.83007812,0.00211142,1.00000000,1.00000000,0.00211142,1.93716882,1.61174595,-0.01149813,-0.12057838
2021-12-23,17946.66015625,0.00672189,1.00000000,1.00000000,0.00672189,1.95019026,1.62257994,-0.00485352,-0.11466700
2021-12-24,17961.64062500,0.00083472,1.00000000,1.00000000,0.00083472,1.95181813,1.62393434,-0.00402285,-0.11392800
2021-12-27,18048.93945312,0.00486029,1.00000000,1.00000000,0.00486029,1.96130453,1.63182714,0.00000000,-0.10962143
2021-12-28,18196.81054688,0.00819279,1.00000000,1.00000000,0.00819279,1.97737308,1.64519635,0.00000000,-0.10232675
2021-12-29,18248.27929688,0.00282845,1.00000000,1.00000000,0.00282845,1.98296598,1.64984970,0.00000000,-0.09978772
2021-12-30,18218.83984375,-0.00161327,1.00000000,1.00000000,-0.00161327,1.97976692,1.64718804,-0.00161327,-0.10124001
2022-01-03,18270.50976562,0.00283607,1.00000000,1.00000000,0.00283607,1.98538168,1.65185958,0.00000000,-0.09869107
2022-01-04,18526.34960938,0.01400288,1.00000000,1.00000000,0.01400288,2.01318275,1.67499038,0.00000000,-0.08607014
2022-01-05,18499.96093750,-0.00142439,1.00000000,1.00000000,-0.00142439,2.01031520,1.67260455,-0.00142439,-0.08737193
2022-01-06,18367.91992188,-0.00713737,1.00000000,1.00000000,-0.00713737,1.99596684,1.66066656,-0.00855159,-0.09388569
2022-01-07,18169.75976562,-0.01078838,1.00000000,1.00000000,-0.01078838,1.97443358,1.64275065,-0.01924771,-0.10366120
2022-01-10,18239.38085938,0.00383170,1.00000000,1.00000000,0.00383170,1.98199902,1.64904518,-0.01548976,-0.10022670
2022-01-11,18288.21093750,0.00267718,1.00000000,1.00000000,0.00267718,1.98730519,1.65345997,-0.01285405,-0.09781784
2022-01-12,18375.40039062,0.00476752,1.00000000,1.00000000,0.00476752,1.99677971,1.66134288,-0.00814781,-0.09351667
2022-01-13,18436.92968750,0.00334846,1.00000000,1.00000000,0.00334846,2.00346585,1.66690582,-0.00482663,-0.09048135
2022-01-14,18403.33007812,-0.00182241,1.00000000,1.00000000,-0.00182241,1.99981472,1.66386803,-0.00664025,-0.09213886
2022-01-17,18525.43945312,0.00663518,1.00000000,1.00000000,0.00663518,2.01308384,1.67490809,-0.00004913,-0.08611504
2022-01-18,18378.64062500,-0.00792418,1.00000000,1.00000000,-0.00792418,1.99713181,1.66163583,-0.00797291,-0.09335682
2022-01-19,18227.46093750,-0.00822584,1.00000000,1.00000000,-0.00822584,1.98070373,1.64796749,-0.01613317,-0.10081472
2022-01-20,18218.27929688,-0.00050373,1.00000000,1.00000000,-0.00050373,1.97970600,1.64713736,-0.01662876,-0.10126767
2022-01-21,17899.30078125,-0.01750871,1.00000000,1.00000000,-0.01750871,1.94504391,1.61829812,-0.03384632,-0.11700331
2022-01-24,17989.03906250,0.00501351,1.00000000,1.00000000,0.00501351,1.95479540,1.62641147,-0.02900250,-0.11257640
2022-01-25,17701.11914062,-0.01600530,1.00000000,1.00000000,-0.01600530,1.92350832,1.60038027,-0.04454361,-0.12677987
2022-01-26,17674.40039062,-0.00150944,1.00000000,1.00000000,-0.00150944,1.92060490,1.59796459,-0.04598581,-0.12809795
2022-02-07,17900.30078125,0.01278122,1.00000000,1.00000000,0.01278122,1.94515258,1.61838853,-0.03379235,-0.11695397
2022-02-08,17966.56054688,0.00370160,1.00000000,1.00000000,0.00370160,1.95235276,1.62437916,-0.03021583,-0.11368529
2022-02-09,18151.75976562,0.01030800,1.00000000,1.00000000,0.01030800,1.97247760,1.64112325,-0.02021930,-0.10454916
2022-02-10,18338.05078125,0.01026297,1.00000000,1.00000000,0.01026297,1.99272108,1.65796605,-0.01016384,-0.09535918
2022-02-11,18310.93945312,-0.00147842,1.00000000,1.00000000,-0.00147842,1.98977500,1.65551488,-0.01162723,-0.09669661
2022-02-14,17997.66992188,-0.01710833,1.00000000,1.00000000,-0.01710833,1.95573328,1.62719179,-0.02853664,-0.11215062
2022-02-15,17951.81054688,-0.00254807,1.00000000,1.00000000,-0.00254807,1.95074993,1.62304559,-0.03101200,-0.11441293
2022-02-16,18231.47070312,0.01557838,1.00000000,1.00000000,0.01557838,1.98113946,1.64833001,-0.01591673,-0.10061692
2022-02-17,18268.57031250,0.00203492,1.00000000,1.00000000,0.00203492,1.98517092,1.65168424,-0.01391420,-0.09878674
2022-02-18,18232.34960938,-0.00198268,1.00000000,1.00000000,-0.00198268,1.98123497,1.64840948,-0.01586929,-0.10057356
2022-02-21,18221.49023438,-0.00059561,1.00000000,1.00000000,-0.00059561,1.98005492,1.64742767,-0.01645545,-0.10110927
2022-02-22,17969.28906250,-0.01384086,1.00000000,1.00000000,-0.01384086,1.95264925,1.62462584,-0.03006855,-0.11355069
2022-02-23,18055.73046875,0.00481051,1.00000000,1.00000000,0.00481051,1.96204249,1.63244112,-0.02540269,-0.10928642
2022-02-24,17594.55078125,-0.02554201,1.00000000,1.00000000,-0.02554201,1.91192797,1.59074529,-0.05029587,-0.13203704
2022-02-25,17652.17968750,0.00327538,1.00000000,1.00000000,0.00327538,1.91819027,1.59595559,-0.04718522,-0.12919412
2022-03-01,17898.25000000,0.01393994,0.00000000,1.00000000,0.01393994,1.94492973,1.61820311,-0.03390304,-0.11705514
2022-03-02,17867.59960938,-0.00171248,0.00000000,0.00000000,-0.00000000,1.94159907,1.61820311,-0.03555746,-0.11705514
2022-03-03,17934.40039062,0.00373865,0.00000000,0.00000000,0.00000000,1.94885804,1.61820311,-0.03195175,-0.11705514
2022-03-04,17736.51953125,-0.01103359,0.00000000,0.00000000,-0.00000000,1.92735514,1.61820311,-0.04263280,-0.11705514
2022-03-07,17178.68945312,-0.03145093,0.00000000,0.00000000,-0.00000000,1.86673802,1.61820311,-0.07274289,-0.11705514
2022-03-08,16825.25000000,-0.02057430,0.00000000,0.00000000,-0.00000000,1.82833120,1.61820311,-0.09182055,-0.11705514
2022-03-09,17015.35937500,0.01129905,0.00000000,0.00000000,0.00000000,1.84898961,1.61820311,-0.08155898,-0.11705514
2022-03-10,17433.19921875,0.02455663,0.00000000,0.00000000,0.00000000,1.89439456,1.61820311,-0.05900517,-0.11705514
2022-03-11,17264.74023438,-0.00966311,0.00000000,0.00000000,-0.00000000,1.87608881,1.61820311,-0.06809811,-0.11705514
2022-03-14,17263.03906250,-0.00009853,0.00000000,0.00000000,-0.00000000,1.87590395,1.61820311,-0.06818993,-0.11705514
2022-03-15,16926.06054688,-0.01952023,0.00000000,0.00000000,-0.00000000,1.83928587,1.61820311,-0.08637908,-0.11705514
2022-03-16,16940.83007812,0.00087259,0.00000000,0.00000000,0.00000000,1.84089081,1.61820311,-0.08558186,-0.11705514
2022-03-17,17448.22070312,0.02995075,0.00000000,0.00000000,0.00000000,1.89602688,1.61820311,-0.05819435,-0.11705514
2022-03-18,17456.51953125,0.00047563,0.00000000,0.00000000,0.00000000,1.89692868,1.61820311,-0.05774640,-0.11705514
2022-03-21,17560.35937500,0.00594848,0.00000000,0.00000000,0.00000000,1.90821253,1.61820311,-0.05214142,-0.11705514
2022-03-22,17559.71093750,-0.00003693,0.00000000,0.00000000,-0.00000000,1.90814207,1.61820311,-0.05217642,-0.11705514
2022-03-23,17731.36914062,0.00977569,0.00000000,0.00000000,0.00000000,1.92679547,1.61820311,-0.04291080,-0.11705514
2022-03-24,17699.06054688,-0.00182212,0.00000000,0.00000000,-0.00000000,1.92328462,1.61820311,-0.04465473,-0.11705514
2022-03-25,17676.94921875,-0.00124929,0.00000000,0.00000000,-0.00000000,1.92088187,1.61820311,-0.04584823,-0.11705514
2022-03-28,17520.00976562,-0.00887820,0.00000000,0.00000000,-0.00000000,1.90382791,1.61820311,-0.05431938,-0.11705514
2022-03-29,17548.66015625,0.00163530,0.00000000,0.00000000,0.00000000,1.90694123,1.61820311,-0.05277291,-0.11705514
2022-03-30,17740.56054688,0.01093533,0.00000000,0.00000000,0.00000000,1.92779426,1.61820311,-0.04241467,-0.11705514
2022-03-31,17693.47070312,-0.00265436,0.00000000,0.00000000,-0.00000000,1.92267720,1.61820311,-0.04495645,-0.11705514
2022-04-01,17625.58984375,-0.00383649,0.00000000,0.00000000,-0.00000000,1.91530086,1.61820311,-0.04862047,-0.11705514
2022-04-06,17522.50000000,-0.00584887,0.00000000,0.00000000,-0.00000000,1.90409851,1.61820311,-0.05418497,-0.11705514
2022-04-07,17178.63085938,-0.01962443,0.00000000,0.00000000,-0.00000000,1.86673165,1.61820311,-0.07274605,-0.11705514
2022-04-08,17284.53906250,0.00616511,0.00000000,0.00000000,0.00000000,1.87824027,1.61820311,-0.06702942,-0.11705514
2022-04-11,17048.36914062,-0.01366365,0.00000000,0.00000000,-0.00000000,1.85257665,1.61820311,-0.07977721,-0.11705514
2022-04-12,16990.91015625,-0.00337035,0.00000000,0.00000000,-0.00000000,1.84633281,1.61820311,-0.08287868,-0.11705514
2022-04-13,17301.65039062,0.01828862,0.00000000,0.00000000,0.00000000,1.88009968,1.61820311,-0.06610580,-0.11705514
2022-04-14,17245.65039062,-0.00323669,0.00000000,0.00000000,-0.00000000,1.87401439,1.61820311,-0.06912852,-0.11705514
2022-04-15,17004.17968750,-0.01400183,0.00000000,0.00000000,-0.00000000,1.84777476,1.61820311,-0.08216243,-0.11705514
2022-04-18,16898.86914062,-0.00619322,0.00000000,0.00000000,-0.00000000,1.83633109,1.61820311,-0.08784680,-0.11705514
2022-04-19,16993.40039062,0.00559394,0.00000000,0.00000000,0.00000000,1.84660342,1.61820311,-0.08274427,-0.11705514
2022-04-20,17148.88085938,0.00914946,0.00000000,0.00000000,0.00000000,1.86349884,1.61820311,-0.07435187,-0.11705514
2022-04-21,17127.94921875,-0.00122058,0.00000000,0.00000000,-0.00000000,1.86122429,1.61820311,-0.07548170,-0.11705514
2022-04-22,17025.08984375,-0.00600535,0.00000000,0.00000000,-0.00000000,1.85004698,1.61820311,-0.08103376,-0.11705514
2022-04-25,16620.90039062,-0.02374081,0.00000000,0.00000000,-0.00000000,1.80612536,1.61820311,-0.10285076,-0.11705514
2022-04-26,16644.78906250,0.00143727,0.00000000,0.00000000,0.00000000,1.80872125,1.61820311,-0.10156132,-0.11705514
2022-04-27,16303.34960938,-0.02051329,0.00000000,0.00000000,-0.00000000,1.77161842,1.61820311,-0.11999126,-0.11705514
2022-04-28,16419.38085938,0.00711702,0.00000000,0.00000000,0.00000000,1.78422706,1.61820311,-0.11372822,-0.11705514
2022-04-29,16592.17968750,0.01052408,0.00000000,0.00000000,0.00000000,1.80300440,1.61820311,-0.10440103,-0.11705514
2022-05-03,16498.90039062,-0.00562188,0.00000000,0.00000000,-0.00000000,1.79286812,1.61820311,-0.10943598,-0.11705514
2022-05-04,16565.83007812,0.00405662,0.00000000,0.00000000,0.00000000,1.80014110,1.61820311,-0.10582330,-0.11705514
2022-05-05,16696.11914062,0.00786493,0.00000000,0.00000000,0.00000000,1.81429908,1.61820311,-0.09879067,-0.11705514
2022-05-06,16408.19921875,-0.01724472,0.00000000,0.00000000,-0.00000000,1.78301199,1.61820311,-0.11433177,-0.11705514
2022-05-09,16048.91992188,-0.02189633,0.00000000,0.00000000,-0.00000000,1.74397058,1.61820311,-0.13372465,-0.11705514
2022-05-10,16061.70019531,0.00079633,0.00000000,0.00000000,0.00000000,1.74535936,1.61820311,-0.13303481,-0.11705514
2022-05-11,16006.25000000,-0.00345232,0.00000000,0.00000000,-0.00000000,1.73933381,1.61820311,-0.13602786,-0.11705514
2022-05-12,15616.67968750,-0.02433864,0.00000000,0.00000000,-0.00000000,1.69700080,1.61820311,-0.15705576,-0.11705514
2022-05-13,15832.54003906,0.01382242,0.00000000,0.00000000,0.00000000,1.72045746,1.61820311,-0.14540423,-0.11705514
2022-05-16,15901.04003906,0.00432653,0.00000000,0.00000000,0.00000000,1.72790108,1.61820311,-0.14170679,-0.11705514
2022-05-17,16056.08984375,0.00975092,0.00000000,0.00000000,0.00000000,1.74474971,1.61820311,-0.13333764,-0.11705514
2022-05-18,16296.86035156,0.01499559,0.00000000,0.00000000,0.00000000,1.77091325,1.61820311,-0.12034153,-0.11705514
2022-05-19,16020.32031250,-0.01696892,0.00000000,0.00000000,-0.00000000,1.74086278,1.61820311,-0.13526838,-0.11705514
2022-05-20,16144.84960938,0.00777321,0.00000000,0.00000000,0.00000000,1.75439487,1.61820311,-0.12854664,-0.11705514
2022-05-23,16156.41015625,0.00071605,0.00000000,0.00000000,0.00000000,1.75565111,1.61820311,-0.12792263,-0.11705514
2022-05-24,15963.62988281,-0.01193212,0.00000000,0.00000000,-0.00000000,1.73470246,1.61820311,-0.13832837,-0.11705514
2022-05-25,16104.03027344,0.00879502,0.00000000,0.00000000,0.00000000,1.74995920,1.61820311,-0.13074995,-0.11705514
2022-05-26,15968.83007812,-0.00839543,0.00000000,0.00000000,-0.00000000,1.73526754,1.61820311,-0.13804768,-0.11705514
2022-05-27,16266.21972656,0.01862313,0.00000000,0.00000000,0.00000000,1.76758366,1.61820311,-0.12199542,-0.11705514
2022-05-30,16610.61914062,0.02117268,0.00000000,0.00000000,0.00000000,1.80500814,1.61820311,-0.10340572,-0.11705514
2022-05-31,16807.76953125,0.01186894,0.00000000,0.00000000,0.00000000,1.82643167,1.61820311,-0.09276410,-0.11705514
2022-06-01,16675.08984375,-0.00789395,0.00000000,0.00000000,-0.00000000,1.81201391,1.61820311,-0.09992577,-0.11705514
2022-06-02,16552.57031250,-0.00734746,0.00000000,0.00000000,-0.00000000,1.79870021,1.61820311,-0.10653903,-0.11705514
2022-06-06,16605.96093750,0.00322552,0.00000000,0.00000000,0.00000000,1.80450195,1.61820311,-0.10365715,-0.11705514
2022-06-07,16512.88085938,-0.00560522,0.00000000,0.00000000,-0.00000000,1.79438732,1.61820311,-0.10868135,-0.11705514
2022-06-08,16670.50976562,0.00954582,0.00000000,0.00000000,0.00000000,1.81151621,1.61820311,-0.10017299,-0.11705514
2022-06-09,16621.33984375,-0.00294952,0.00000000,0.00000000,-0.00000000,1.80617312,1.61820311,-0.10282704,-0.11705514
2022-06-10,16460.11914062,-0.00969962,0.00000000,0.00000000,-0.00000000,1.78865392,1.61820311,-0.11152928,-0.11705514
2022-06-13,16070.98046875,-0.02364130,0.00000000,0.00000000,-0.00000000,1.74636781,1.61820311,-0.13253389,-0.11705514
2022-06-14,16047.37011719,-0.00146913,0.00000000,0.00000000,-0.00000000,1.74380217,1.61820311,-0.13380831,-0.11705514
2022-06-15,15999.25000000,-0.00299863,0.00000000,0.00000000,-0.00000000,1.73857315,1.61820311,-0.13640570,-0.11705514
2022-06-16,15838.61035156,-0.01004045,0.00000000,0.00000000,-0.00000000,1.72111710,1.61820311,-0.14507657,-0.11705514
2022-06-17,15641.25976562,-0.01246009,0.00000000,0.00000000,-0.00000000,1.69967182,1.61820311,-0.15572900,-0.11705514
2022-06-20,15367.58007812,-0.01749729,0.00000000,0.00000000,-0.00000000,1.66993216,1.61820311,-0.17050145,-0.11705514
2022-06-21,15728.63964844,0.02349489,0.00000000,0.00000000,0.00000000,1.70916703,1.61820311,-0.15101248,-0.11705514
2022-06-22,15347.75000000,-0.02421631,0.00000000,0.00000000,-0.00000000,1.66777731,1.61820311,-0.17157182,-0.11705514
2022-06-23,15176.44042969,-0.01116187,0.00000000,0.00000000,-0.00000000,1.64916180,1.61820311,-0.18081863,-0.11705514
2022-06-24,15303.32031250,0.00836032,0.00000000,0.00000000,0.00000000,1.66294932,1.61820311,-0.17397001,-0.11705514
2022-06-27,15548.00976562,0.01598930,0.00000000,0.00000000,0.00000000,1.68953872,1.61820311,-0.16076237,-0.11705514
2022-06-28,15439.91992188,-0.00695201,0.00000000,0.00000000,-0.00000000,1.67779304,1.61820311,-0.16659675,-0.11705514
2022-06-29,15240.12988281,-0.01293984,0.00000000,0.00000000,-0.00000000,1.65608267,1.61820311,-0.17738085,-0.11705514
2022-06-30,14825.73046875,-0.02719133,0.00000000,0.00000000,-0.00000000,1.61105158,1.61820311,-0.19974896,-0.11705514
2022-07-01,14343.08007812,-0.03255491,0.00000000,0.00000000,-0.00000000,1.55860393,1.61820311,-0.22580107,-0.11705514
2022-07-04,14217.05957031,-0.00878615,0.00000000,0.00000000,-0.00000000,1.54490980,1.61820311,-0.23260330,-0.11705514
2022-07-05,14349.20019531,0.00929451,0.00000000,0.00000000,0.00000000,1.55926898,1.61820311,-0.22547072,-0.11705514
2022-07-06,13985.50976562,-0.02534569,0.00000000,0.00000000,-0.00000000,1.51974823,1.61820311,-0.24510170,-0.11705514
2022-07-07,14336.26953125,0.02508023,0.00000000,0.00000000,0.00000000,1.55786386,1.61820311,-0.22616868,-0.11705514
2022-07-08,14464.53027344,0.00894659,0.00000000,0.00000000,0.00000000,1.57180143,1.61820311,-0.21924553,-0.11705514
2022-07-11,14340.53027344,-0.00857269,0.00000000,0.00000000,-0.00000000,1.55832685,1.61820311,-0.22593870,-0.11705514
2022-07-12,13950.62011719,-0.02718938,0.00000000,0.00000000,-0.00000000,1.51595691,1.61820311,-0.24698495,-0.11705514
2022-07-13,14324.67968750,0.02681311,0.00000000,0.00000000,0.00000000,1.55660444,1.61820311,-0.22679427,-0.11705514
2022-07-14,14438.51953125,0.00794711,0.00000000,0.00000000,0.00000000,1.56897495,1.61820311,-0.22064952,-0.11705514
2022-07-15,14550.62011719,0.00776399,0.00000000,0.00000000,0.00000000,1.58115646,1.61820311,-0.21459864,-0.11705514
2022-07-18,14719.63964844,0.01161597,0.00000000,0.00000000,0.00000000,1.59952312,1.61820311,-0.20547545,-0.11705514
2022-07-19,14694.08007812,-0.00173643,0.00000000,0.00000000,-0.00000000,1.59674567,1.61820311,-0.20685508,-0.11705514
2022-07-20,14733.21972656,0.00266363,0.00000000,0.00000000,0.00000000,1.60099881,1.61820311,-0.20474243,-0.11705514
2022-07-21,14937.70019531,0.01387887,0.00000000,0.00000000,0.00000000,1.62321887,1.61820311,-0.19370515,-0.11705514
2022-07-22,14949.36035156,0.00078059,0.00000000,0.00000000,0.00000000,1.62448593,1.61820311,-0.19307577,-0.11705514
2022-07-25,14936.33007812,-0.00087163,0.00000000,0.00000000,-0.00000000,1.62306999,1.61820311,-0.19377911,-0.11705514
2022-07-26,14806.78027344,-0.00867347,0.00000000,0.00000000,-0.00000000,1.60899234,1.61820311,-0.20077184,-0.11705514
2022-07-27,14921.58984375,0.00775385,0.00000000,0.00000000,0.00000000,1.62146823,1.61820311,-0.19457475,-0.11705514
2022-07-28,14891.90039062,-0.00198970,0.00000000,0.00000000,-0.00000000,1.61824199,1.61820311,-0.19617730,-0.11705514
2022-07-29,15000.07031250,0.00726367,0.00000000,0.00000000,0.00000000,1.62999638,1.61820311,-0.19033859,-0.11705514
2022-08-01,14981.69042969,-0.00122532,0.00000000,0.00000000,-0.00000000,1.62799911,1.61820311,-0.19133069,-0.11705514
2022-08-02,14747.23046875,-0.01564977,0.00000000,0.00000000,-0.00000000,1.60252130,1.61820311,-0.20398617,-0.11705514
2022-08-03,14777.01953125,0.00201998,0.00000000,0.00000000,0.00000000,1.60575836,1.61820311,-0.20237824,-0.11705514
2022-08-04,14702.20019531,-0.00506322,0.00000000,0.00000000,-0.00000000,1.59762805,1.61820311,-0.20641678,-0.11705514
2022-08-05,15036.04003906,0.02270679,0.00000000,0.00000000,0.00000000,1.63390506,1.61820311,-0.18839705,-0.11705514
2022-08-08,15020.41015625,-0.00103949,0.00000000,0.00000000,-0.00000000,1.63220662,1.61820311,-0.18924070,-0.11705514
2022-08-09,15050.28027344,0.00198864,0.00000000,0.00000000,0.00000000,1.63545249,1.61820311,-0.18762840,-0.11705514
2022-08-10,14939.01953125,-0.00739260,0.00000000,0.00000000,-0.00000000,1.62336224,1.61820311,-0.19363394,-0.11705514
2022-08-11,15197.84960938,0.01732577,0.00000000,0.00000000,0.00000000,1.65148825,1.61820311,-0.17966302,-0.11705514
2022-08-12,15288.96972656,0.00599559,0.00000000,0.00000000,0.00000000,1.66138990,1.61820311,-0.17474462,-0.11705514
2022-08-15,15417.34960938,0.00839690,0.00000000,0.00000000,0.00000000,1.67534041,1.61820311,-0.16781503,-0.11705514
2022-08-16,15420.57031250,0.00020890,0.00000000,0.00000000,0.00000000,1.67569039,1.61820311,-0.16764119,-0.11705514
2022-08-17,15465.45019531,0.00291039,0.00000000,0.00000000,0.00000000,1.68056731,1.61820311,-0.16521870,-0.11705514
2022-08-18,15396.75976562,-0.00444154,0.00000000,0.00000000,-0.00000000,1.67310300,1.61820311,-0.16892642,-0.11705514
2022-08-19,15408.78027344,0.00078072,0.00000000,0.00000000,0.00000000,1.67440922,1.61820311,-0.16827758,-0.11705514
2022-08-22,15245.13964844,-0.01061996,1.00000000,0.00000000,-0.00000000,1.65662706,1.61820311,-0.17711044,-0.11705514
2022-08-23,15095.88964844,-0.00979001,1.00000000,1.00000000,-0.00979001,1.64040867,1.60236090,-0.18516653,-0.12569918
2022-08-24,15069.19042969,-0.00176864,1.00000000,1.00000000,-0.00176864,1.63750738,1.59952689,-0.18660768,-0.12724550
2022-08-25,15200.04003906,0.00868325,1.00000000,1.00000000,0.00868325,1.65172627,1.61341599,-0.17954479,-0.11966715
2022-08-26,15278.44042969,0.00515791,1.00000000,1.00000000,0.00515791,1.66024572,1.62173784,-0.17531296,-0.11512648
2022-08-29,14926.19042969,-0.02305536,1.00000000,1.00000000,-0.02305536,1.62196815,1.58434809,-0.19432642,-0.13552756
2022-08-30,14953.62988281,0.00183834,1.00000000,1.00000000,0.00183834,1.62494989,1.58726066,-0.19284532,-0.13393836
2022-08-31,15095.44042969,0.00948335,1.00000000,1.00000000,0.00948335,1.64035986,1.60231321,-0.18519078,-0.12572519
2022-09-01,14801.86035156,-0.01944826,1.00000000,1.00000000,-0.01944826,1.60845771,1.57115101,-0.20103741,-0.14272832
2022-09-02,14673.04003906,-0.00870298,1.00000000,1.00000000,-0.00870298,1.59445933,1.55747731,-0.20799076,-0.15018914
2022-09-05,14661.09960938,-0.00081377,1.00000000,1.00000000,-0.00081377,1.59316182,1.55620989,-0.20863527,-0.15088069
2022-09-06,14677.20019531,0.00109818,1.00000000,1.00000000,0.00109818,1.59491140,1.55791889,-0.20776621,-0.14994820
2022-09-07,14410.04980469,-0.01820173,1.00000000,1.00000000,-0.01820173,1.56588126,1.52956208,-0.22218623,-0.16542061
2022-09-08,14583.41992188,0.01203119,1.00000000,1.00000000,0.01203119,1.58472068,1.54796454,-0.21282820,-0.15537962
2022-09-12,14807.42968750,0.01536058,1.00000000,1.00000000,0.01536058,1.60906291,1.57174217,-0.20073679,-0.14240576
2022-09-13,14894.41015625,0.00587411,1.00000000,1.00000000,0.00587411,1.61851472,1.58097475,-0.19604183,-0.13736816
2022-09-14,14658.30957031,-0.01585162,1.00000000,1.00000000,-0.01585162,1.59285863,1.55591374,-0.20878587,-0.15104228
2022-09-15,14670.04003906,0.00080026,1.00000000,1.00000000,0.00080026,1.59413334,1.55715887,-0.20815269,-0.15036289
2022-09-16,14561.75976562,-0.00738105,1.00000000,1.00000000,-0.00738105,1.58236696,1.54566541,-0.21399736,-0.15663410
2022-09-19,14425.67968750,-0.00934503,0.00000000,1.00000000,-0.00934503,1.56757969,1.53122112,-0.22134257,-0.16451538
2022-09-20,14549.29980469,0.00856945,0.00000000,0.00000000,0.00000000,1.58101299,1.53122112,-0.21466991,-0.16451538
2022-09-21,14424.51953125,-0.00857638,0.00000000,0.00000000,-0.00000000,1.56745362,1.53122112,-0.22140520,-0.16451538
2022-09-22,14284.62988281,-0.00969805,0.00000000,0.00000000,-0.00000000,1.55225239,1.53122112,-0.22895604,-0.16451538
2022-09-23,14118.37988281,-0.01163838,0.00000000,0.00000000,-0.00000000,1.53418668,1.53122112,-0.23792975,-0.16451538
2022-09-26,13778.19042969,-0.02409550,0.00000000,0.00000000,-0.00000000,1.49721968,1.53122112,-0.25629222,-0.16451538
2022-09-27,13826.58984375,0.00351276,0.00000000,0.00000000,0.00000000,1.50247905,1.53122112,-0.25367975,-0.16451538
2022-09-28,13466.07031250,-0.02607436,0.00000000,0.00000000,-0.00000000,1.46330286,1.53122112,-0.27313958,-0.16451538
2022-09-29,13534.25976562,0.00506380,0.00000000,0.00000000,0.00000000,1.47071273,1.53122112,-0.26945890,-0.16451538
2022-09-30,13424.58007812,-0.00810386,0.00000000,0.00000000,-0.00000000,1.45879429,1.53122112,-0.27537910,-0.16451538
2022-10-03,13300.48046875,-0.00924421,0.00000000,0.00000000,-0.00000000,1.44530889,1.53122112,-0.28207765,-0.16451538
2022-10-04,13576.51953125,0.02075407,0.00000000,0.00000000,0.00000000,1.47530493,1.53122112,-0.26717784,-0.16451538
2022-10-05,13801.42968750,0.01656611,0.00000000,0.00000000,0.00000000,1.49974500,1.53122112,-0.25503783,-0.16451538
2022-10-06,13892.04980469,0.00656599,0.00000000,0.00000000,0.00000000,1.50959231,1.53122112,-0.25014641,-0.16451538
2022-10-07,13702.28027344,-0.01366030,0.00000000,0.00000000,-0.00000000,1.48897083,1.53122112,-0.26038963,-0.16451538
2022-10-11,13106.03027344,-0.04351466,0.00000000,0.00000000,-0.00000000,1.42417878,1.53122112,-0.29257352,-0.16451538
2022-10-12,13081.24023438,-0.00189150,0.00000000,0.00000000,-0.00000000,1.42148495,1.53122112,-0.29391162,-0.16451538
2022-10-13,12810.73046875,-0.02067921,0.00000000,0.00000000,-0.00000000,1.39208976,1.53122112,-0.30851297,-0.16451538
2022-10-14,13128.12011719,0.02477530,0.00000000,0.00000000,0.00000000,1.42657919,1.53122112,-0.29138117,-0.16451538
2022-10-17,12966.04980469,-0.01234528,0.00000000,0.00000000,-0.00000000,1.40896768,1.53122112,-0.30012927,-0.16451538
2022-10-18,13124.67968750,0.01223425,0.00000000,0.00000000,0.00000000,1.42620534,1.53122112,-0.29156688,-0.16451538
2022-10-19,12976.75976562,-0.01127036,0.00000000,0.00000000,-0.00000000,1.41013148,1.53122112,-0.29955118,-0.16451538
2022-10-20,12946.09960938,-0.00236270,0.00000000,0.00000000,-0.00000000,1.40679977,1.53122112,-0.30120613,-0.16451538
2022-10-21,12819.20019531,-0.00980213,0.00000000,0.00000000,-0.00000000,1.39301013,1.53122112,-0.30805580,-0.16451538
2022-10-24,12856.98046875,0.00294716,0.00000000,0.00000000,0.00000000,1.39711556,1.53122112,-0.30601653,-0.16451538
2022-10-25,12666.12011719,-0.01484488,0.00000000,0.00000000,-0.00000000,1.37637554,1.53122112,-0.31631863,-0.16451538
2022-10-26,12729.04980469,0.00496835,0.00000000,0.00000000,0.00000000,1.38321385,1.53122112,-0.31292186,-0.16451538
2022-10-27,12926.37011719,0.01550157,0.00000000,0.00000000,0.00000000,1.40465585,1.53122112,-0.30227107,-0.16451538
2022-10-28,12788.41992188,-0.01067200,0.00000000,0.00000000,-0.00000000,1.38966536,1.53122112,-0.30971723,-0.16451538
2022-10-31,12949.75000000,0.01261533,0.00000000,0.00000000,0.00000000,1.40719644,1.53122112,-0.30100909,-0.16451538
2022-11-01,13037.20996094,0.00675380,0.00000000,0.00000000,0.00000000,1.41670036,1.53122112,-0.29628825,-0.16451538
2022-11-02,13100.16992188,0.00482925,0.00000000,0.00000000,0.00000000,1.42354196,1.53122112,-0.29288985,-0.16451538
2022-11-03,12986.59960938,-0.00866938,0.00000000,0.00000000,-0.00000000,1.41120074,1.53122112,-0.29902005,-0.16451538
2022-11-04,13026.70996094,0.00308860,0.00000000,0.00000000,0.00000000,1.41555937,1.53122112,-0.29685501,-0.16451538
2022-11-07,13223.73046875,0.01512435,0.00000000,0.00000000,0.00000000,1.43696878,1.53122112,-0.28622040,-0.16451538
2022-11-08,13347.75976562,0.00937930,0.00000000,0.00000000,0.00000000,1.45044654,1.53122112,-0.27952565,-0.16451538
2022-11-09,13638.80957031,0.02180514,0.00000000,0.00000000,0.00000000,1.48207373,1.53122112,-0.26381560,-0.16451538
2022-11-10,13503.75976562,-0.00990188,0.00000000,0.00000000,-0.00000000,1.46739842,1.53122112,-0.27110521,-0.16451538
2022-11-11,14007.55957031,0.03730811,0.00000000,0.00000000,0.00000000,1.52214429,1.53122112,-0.24391152,-0.16451538
2022-11-14,14174.90039062,0.01194647,0.00000000,0.00000000,0.00000000,1.54032853,1.53122112,-0.23487893,-0.16451538
2022-11-15,14546.30957031,0.02620189,0.00000000,0.00000000,0.00000000,1.58068805,1.53122112,-0.21483131,-0.16451538
2022-11-16,14537.34960938,-0.00061596,0.00000000,0.00000000,-0.00000000,1.57971441,1.53122112,-0.21531495,-0.16451538
2022-11-17,14535.23046875,-0.00014577,0.00000000,0.00000000,-0.00000000,1.57948413,1.53122112,-0.21542933,-0.16451538
2022-11-18,14504.99023438,-0.00208048,0.00000000,0.00000000,-0.00000000,1.57619805,1.53122112,-0.21706162,-0.16451538
2022-11-21,14449.38964844,-0.00383320,1.00000000,0.00000000,-0.00000000,1.57015616,1.53122112,-0.22006278,-0.16451538
2022-11-22,14542.20019531,0.00642315,1.00000000,1.00000000,0.00642315,1.58024150,1.54105638,-0.21505313,-0.15914894
2022-11-23,14608.54003906,0.00456188,1.00000000,1.00000000,0.00456188,1.58745038,1.54808650,-0.21147229,-0.15531307
2022-11-24,14784.00000000,0.01201078,1.00000000,1.00000000,0.01201078,1.60651690,1.56668022,-0.20200146,-0.14516773
2022-11-25,14778.50976562,-0.00037136,1.00000000,1.00000000,-0.00037136,1.60592030,1.56609842,-0.20229780,-0.14548518
2022-11-28,14556.87011719,-0.01499743,1.00000000,1.00000000,-0.01499743,1.58183562,1.54261097,-0.21426129,-0.15830070
2022-11-29,14709.63964844,0.01049467,1.00000000,1.00000000,0.01049467,1.59843646,1.55880016,-0.20601522,-0.14946735
2022-11-30,14879.54980469,0.01155094,1.00000000,1.00000000,0.01155094,1.61689991,1.57680576,-0.19684395,-0.13964290
2022-12-01,15012.79980469,0.00895524,1.00000000,1.00000000,0.00895524,1.63137964,1.59092645,-0.18965149,-0.13193819
2022-12-02,14970.67968750,-0.00280561,1.00000000,1.00000000,-0.00280561,1.62680262,1.58646292,-0.19192501,-0.13437364
2022-12-05,14980.74023438,0.00067202,1.00000000,1.00000000,0.00067202,1.62789586,1.58752905,-0.19138197,-0.13379192
2022-12-06,14728.87988281,-0.01681228,1.00000000,1.00000000,-0.01681228,1.60052722,1.56083907,-0.20497668,-0.14835485
2022-12-07,14630.00976562,-0.00671267,1.00000000,1.00000000,-0.00671267,1.58978341,1.55036167,-0.21031341,-0.15407166
2022-12-08,14553.04003906,-0.00526109,1.00000000,1.00000000,-0.00526109,1.58141942,1.54220509,-0.21446802,-0.15852217
2022-12-09,14705.42968750,0.01047133,1.00000000,1.00000000,0.01047133,1.59797898,1.55835402,-0.20624246,-0.14971078
2022-12-12,14612.58984375,-0.00631330,1.00000000,1.00000000,-0.00631330,1.58789046,1.54851566,-0.21125369,-0.15507891
2022-12-13,14522.95996094,-0.00613374,1.00000000,1.00000000,-0.00613374,1.57815074,1.53901746,-0.21609166,-0.16026144
2022-12-14,14739.36035156,0.01490057,1.00000000,1.00000000,0.01490057,1.60166609,1.56194970,-0.20441098,-0.14774886
2022-12-15,14734.12988281,-0.00035486,1.00000000,1.00000000,-0.00035486,1.60109772,1.56139542,-0.20469330,-0.14805129
2022-12-16,14528.54980469,-0.01395264,1.00000000,1.00000000,-0.01395264,1.57875817,1.53960983,-0.21578994,-0.15993823
2022-12-19,14433.32031250,-0.00655465,1.00000000,1.00000000,-0.00655465,1.56840997,1.52951823,-0.22093016,-0.16544453
2022-12-20,14170.03027344,-0.01824182,1.00000000,1.00000000,-0.01824182,1.53979932,1.50161703,-0.23514181,-0.18066834
2022-12-21,14234.40039062,0.00454269,1.00000000,1.00000000,0.00454269,1.54679415,1.50843842,-0.23166729,-0.17694637
2022-12-22,14442.94042969,0.01465043,1.00000000,1.00000000,0.01465043,1.56945535,1.53053769,-0.22041089,-0.16488828
2022-12-23,14271.62988281,-0.01186120,1.00000000,1.00000000,-0.01186120,1.55083973,1.51238368,-0.22965775,-0.17479371
2022-12-26,14285.12988281,0.00094593,1.00000000,1.00000000,0.00094593,1.55230672,1.51381429,-0.22892906,-0.17401312
2022-12-27,14328.42968750,0.00303111,1.00000000,1.00000000,0.00303111,1.55701193,1.51840283,-0.22659185,-0.17150946
2022-12-28,14173.09960938,-0.01084069,1.00000000,1.00000000,-0.01084069,1.54013285,1.50194229,-0.23497613,-0.18049087
2022-12-29,14085.01953125,-0.00621460,1.00000000,1.00000000,-0.00621460,1.53056155,1.49260833,-0.23973045,-0.18558379
2022-12-30,14137.69042969,0.00373950,1.00000000,1.00000000,0.00373950,1.53628508,1.49818994,-0.23688742,-0.18253828
2023-01-03,14224.12011719,0.00611342,1.00000000,1.00000000,0.00611342,1.54567704,1.50734901,-0.23222219,-0.17754079
2023-01-04,14199.12988281,-0.00175689,1.00000000,1.00000000,-0.00175689,1.54296145,1.50470076,-0.23357109,-0.17898576
2023-01-05,14301.04980469,0.00717790,1.00000000,1.00000000,0.00717790,1.55403667,1.51550135,-0.22806974,-0.17309261
2023-01-06,14373.33984375,0.00505488,1.00000000,1.00000000,0.00505488,1.56189214,1.52316202,-0.22416773,-0.16891269
2023-01-09,14752.20996094,0.02635923,1.00000000,1.00000000,0.02635923,1.60306241,1.56331139,-0.20371739,-0.14700587
2023-01-10,14802.95996094,0.00344016,1.00000000,1.00000000,0.00344016,1.60857720,1.56868944,-0.20097805,-0.14407143
2023-01-11,14751.44042969,-0.00348035,1.00000000,1.00000000,-0.00348035,1.60297878,1.56322984,-0.20375893,-0.14705037
2023-01-12,14731.63964844,-0.00134229,1.00000000,1.00000000,-0.00134229,1.60082711,1.56113153,-0.20482772,-0.14819528
2023-01-13,14824.12988281,0.00627834,1.00000000,1.00000000,0.00627834,1.61087765,1.57093284,-0.19983536,-0.14284736
2023-01-16,14927.00976562,0.00694003,1.00000000,1.00000000,0.00694003,1.62205719,1.58183516,-0.19428219,-0.13689869
2023-01-17,14932.92968750,0.00039659,1.00000000,1.00000000,0.00039659,1.62270048,1.58246250,-0.19396265,-0.13655640
2023-01-30,15493.82031250,0.03756066,1.00000000,1.00000000,0.03756066,1.68365017,1.64190083,-0.16368736,-0.10412489
2023-01-31,15265.20019531,-0.01475557,1.00000000,1.00000000,-0.01475557,1.65880696,1.61767365,-0.17602763,-0.11734403
2023-02-01,15420.12988281,0.01014921,1.00000000,1.00000000,0.01014921,1.67564253,1.63409176,-0.16766496,-0.10838578
2023-02-02,15595.16015625,0.01135077,1.00000000,1.00000000,0.01135077,1.69466236,1.65263995,-0.15821732,-0.09826527
2023-02-03,15602.66015625,0.00048092,1.00000000,1.00000000,0.00048092,1.69547735,1.65343473,-0.15781249,-0.09783161
2023-02-06,15392.82031250,-0.01344898,1.00000000,1.00000000,-0.01344898,1.67267492,1.63119773,-0.16913906,-0.10996485
2023-02-07,15400.91015625,0.00052556,1.00000000,1.00000000,0.00052556,1.67355401,1.63205502,-0.16870239,-0.10949709
2023-02-08,15618.16992188,0.01410694,1.00000000,1.00000000,0.01410694,1.69716274,1.65507833,-0.15697532,-0.09693481
2023-02-09,15598.70996094,-0.00124598,1.00000000,1.00000000,-0.00124598,1.69504810,1.65301613,-0.15802572,-0.09806002
2023-02-10,15586.65039062,-0.00077311,1.00000000,1.00000000,-0.00077311,1.69373764,1.65173816,-0.15867666,-0.09875732
2023-02-13,15544.28027344,-0.00271836,1.00000000,1.00000000,-0.00271836,1.68913345,1.64724814,-0.16096368,-0.10120722
2023-02-14,15654.48046875,0.00708944,1.00000000,1.00000000,0.00708944,1.70110846,1.65892620,-0.15501538,-0.09483529
2023-02-15,15432.88964844,-0.01415511,1.00000000,1.00000000,-0.01415511,1.67702909,1.63544393,-0.16697623,-0.10764799
2023-02-16,15550.50000000,0.00762076,1.00000000,1.00000000,0.00762076,1.68980932,1.64790725,-0.16062795,-0.10084759
2023-02-17,15479.70019531,-0.00455290,1.00000000,1.00000000,-0.00455290,1.68211580,1.64040450,-0.16444953,-0.10494133
2023-02-20,15551.23046875,0.00462091,1.00000000,1.00000000,0.00462091,1.68988870,1.64798466,-0.16058852,-0.10080535
2023-02-21,15563.00000000,0.00075682,1.00000000,1.00000000,0.00075682,1.69116765,1.64923189,-0.15995324,-0.10012482
2023-02-22,15418.76953125,-0.00926752,1.00000000,1.00000000,-0.00926752,1.67549471,1.63394760,-0.16773839,-0.10846443
2023-02-23,15615.41015625,0.01275333,1.00000000,1.00000000,0.01275333,1.69686284,1.65478587,-0.15712429,-0.09709439
2023-02-24,15503.79003906,-0.00714807,1.00000000,1.00000000,-0.00714807,1.68473354,1.64295734,-0.16314922,-0.10354842
2023-03-01,15598.49023438,0.00610820,1.00000000,1.00000000,0.00610820,1.69502423,1.65299284,-0.15803758,-0.09807272
2023-03-02,15598.71972656,0.00001471,1.00000000,1.00000000,0.00001471,1.69504916,1.65301716,-0.15802519,-0.09805945
2023-03-03,15608.41992188,0.00062186,1.00000000,1.00000000,0.00062186,1.69610324,1.65404510,-0.15750160,-0.09749857
2023-03-06,15763.50976562,0.00993629,1.00000000,1.00000000,0.00993629,1.71295622,1.67048018,-0.14913029,-0.08853105
2023-03-07,15857.88964844,0.00598724,1.00000000,1.00000000,0.00598724,1.72321210,1.68048174,-0.14403593,-0.08307387
2023-03-08,15818.20019531,-0.00250282,1.00000000,1.00000000,-0.00250282,1.71889921,1.67627580,-0.14617825,-0.08536877
2023-03-09,15770.66015625,-0.00300540,1.00000000,1.00000000,-0.00300540,1.71373323,1.67123792,-0.14874433,-0.08811761
2023-03-10,15526.20019531,-0.01550093,1.00000000,1.00000000,-0.01550093,1.68716876,1.64533217,-0.16193959,-0.10225264
2023-03-13,15560.49023438,0.00220853,1.00000000,1.00000000,0.00220853,1.69089492,1.64896593,-0.16008871,-0.10026994
2023-03-14,15360.41992188,-0.01285758,1.00000000,1.00000000,-0.01285758,1.66915410,1.62776421,-0.17088794,-0.11183829
2023-03-15,15387.58984375,0.00176883,1.00000000,1.00000000,0.00176883,1.67210654,1.63064345,-0.16942138,-0.11026729
2023-03-16,15221.12011719,-0.01081844,1.00000000,1.00000000,-0.01081844,1.65401696,1.61300243,-0.17840695,-0.11989281
2023-03-17,15452.95996094,0.01523146,1.00000000,1.00000000,0.01523146,1.67921005,1.63757080,-0.16589289,-0.10648749
2023-03-20,15419.96972656,-0.00213488,1.00000000,1.00000000,-0.00213488,1.67562513,1.63407479,-0.16767361,-0.10839504
2023-03-21,15513.45019531,0.00606230,1.00000000,1.00000000,0.00606230,1.68578327,1.64398104,-0.16262780,-0.10298986
2023-03-22,15760.45996094,0.01592230,1.00000000,1.00000000,0.01592230,1.71262481,1.67015699,-0.14929491,-0.08870740
2023-03-23,15863.95019531,0.00656645,1.00000000,1.00000000,0.00656645,1.72387068,1.68112399,-0.14370880,-0.08272344
2023-03-24,15914.70019531,0.00319908,1.00000000,1.00000000,0.00319908,1.72938547,1.68650203,-0.14096946,-0.07978900
2023-03-27,15830.30957031,-0.00530268,1.00000000,1.00000000,-0.00530268,1.72021509,1.67755905,-0.14552462,-0.08466859
2023-03-28,15701.48046875,-0.00813813,1.00000000,1.00000000,-0.00813813,1.70621575,1.66390686,-0.15247845,-0.09211768
2023-03-29,15769.75976562,0.00434859,1.00000000,1.00000000,0.00434859,1.71363539,1.67114250,-0.14879293,-0.08816967
2023-03-30,15849.42968750,0.00505207,1.00000000,1.00000000,0.00505207,1.72229279,1.67958523,-0.14449257,-0.08356304
2023-03-31,15868.05957031,0.00117543,1.00000000,1.00000000,0.00117543,1.72431722,1.68155946,-0.14348698,-0.08248583
2023-04-06,15810.76953125,-0.00361040,1.00000000,1.00000000,-0.00361040,1.71809175,1.67548836,-0.14657934,-0.08579843
2023-04-07,15836.50000000,0.00162740,1.00000000,1.00000000,0.00162740,1.72088778,1.67821506,-0.14519048,-0.08431065
2023-04-10,15876.16992188,0.00250497,1.00000000,1.00000000,0.00250497,1.72519854,1.68241893,-0.14304921,-0.08201688
2023-04-11,15913.87988281,0.00237526,1.00000000,1.00000000,0.00237526,1.72929633,1.68641510,-0.14101373,-0.07983644
2023-04-12,15932.96972656,0.00119957,1.00000000,1.00000000,0.00119957,1.73137075,1.68843808,-0.13998332,-0.07873263
2023-04-13,15804.75976562,-0.00804683,1.00000000,1.00000000,-0.00804683,1.71743869,1.67485150,-0.14690373,-0.08614592
2023-04-14,15929.42968750,0.00788813,1.00000000,1.00000000,0.00788813,1.73098606,1.68806294,-0.14017440,-0.07893732
2023-04-17,15963.54980469,0.00214195,1.00000000,1.00000000,0.00214195,1.73469376,1.69167869,-0.13833269,-0.07696445
2023-04-18,15869.44042969,-0.00589527,1.00000000,1.00000000,-0.00589527,1.72446728,1.68170580,-0.14341245,-0.08240599
2023-04-19,15770.46972656,-0.00623656,1.00000000,1.00000000,-0.00623656,1.71371253,1.67121774,-0.14875461,-0.08812862
2023-04-20,15707.51953125,-0.00399165,1.00000000,1.00000000,-0.00399165,1.70687199,1.66454682,-0.15215248,-0.09176849
2023-04-21,15602.99023438,-0.00665473,1.00000000,1.00000000,-0.00665473,1.69551322,1.65346971,-0.15779468,-0.09781253
2023-04-24,15626.87011719,0.00153047,1.00000000,1.00000000,0.00153047,1.69810815,1.65600030,-0.15650571,-0.09643176
2023-04-25,15370.73046875,-0.01639098,1.00000000,1.00000000,-0.01639098,1.67027450,1.62885684,-0.17033140,-0.11124212
2023-04-26,15374.62988281,0.00025369,1.00000000,1.00000000,0.00025369,1.67069824,1.62927006,-0.17012092,-0.11101665
2023-04-27,15411.49023438,0.00239748,1.00000000,1.00000000,0.00239748,1.67470370,1.63317620,-0.16813131,-0.10888533
2023-04-28,15579.17968750,0.01088081,1.00000000,1.00000000,0.01088081,1.69292583,1.65094648,-0.15907990,-0.09918929
2023-05-02,15636.48046875,0.00367804,1.00000000,1.00000000,0.00367804,1.69915247,1.65701872,-0.15598697,-0.09587607
2023-05-03,15553.41015625,-0.00531260,1.00000000,1.00000000,-0.00531260,1.69012556,1.64821565,-0.16047087,-0.10067932
2023-05-04,15609.03027344,0.00357607,1.00000000,1.00000000,0.00357607,1.69616957,1.65410978,-0.15746865,-0.09746328
2023-05-05,15626.07031250,0.00109168,1.00000000,1.00000000,0.00109168,1.69802124,1.65591554,-0.15654888,-0.09647800
2023-05-08,15699.57031250,0.00470368,1.00000000,1.00000000,0.00470368,1.70600819,1.66370443,-0.15258156,-0.09222813
2023-05-09,15727.70019531,0.00179176,1.00000000,1.00000000,0.00179176,1.70906494,1.66668539,-0.15106319,-0.09060162
2023-05-10,15641.75976562,-0.00546427,1.00000000,1.00000000,-0.00546427,1.69972615,1.65757817,-0.15570201,-0.09557082
2023-05-11,15514.63964844,-0.00812697,1.00000000,1.00000000,-0.00812697,1.68591253,1.64410708,-0.16256359,-0.10292108
2023-05-12,15502.36035156,-0.00079147,1.00000000,1.00000000,-0.00079147,1.68457818,1.64280583,-0.16322639,-0.10363109
2023-05-15,15475.04980469,-0.00176170,1.00000000,1.00000000,-0.00176170,1.68161046,1.63991170,-0.16470054,-0.10521023
2023-05-16,15673.90039062,0.01284975,1.00000000,1.00000000,0.01284975,1.70321874,1.66098416,-0.15396715,-0.09371240
2023-05-17,15925.29003906,0.01603874,1.00000000,1.00000000,0.01603874,1.73053623,1.68762425,-0.14039785,-0.07917668
2023-05-18,16101.87988281,0.01108864,1.00000000,1.00000000,0.01108864,1.74972552,1.70633772,-0.13086602,-0.06896600
2023-05-19,16174.91992188,0.00453612,1.00000000,1.00000000,0.00453612,1.75766249,1.71407787,-0.12692353,-0.06474272
2023-05-22,16180.88964844,0.00036907,1.00000000,1.00000000,0.00036907,1.75831119,1.71471049,-0.12660130,-0.06439755
2023-05-23,16188.03027344,0.00044130,1.00000000,1.00000000,0.00044130,1.75908713,1.71546719,-0.12621587,-0.06398466
2023-05-24,16159.32031250,-0.00177353,1.00000000,1.00000000,-0.00177353,1.75596734,1.71242475,-0.12776555,-0.06564472
2023-05-25,16292.00000000,0.00821072,1.00000000,1.00000000,0.00821072,1.77038510,1.72648500,-0.12060388,-0.05797298
2023-05-26,16505.05078125,0.01307702,1.00000000,1.00000000,0.01307702,1.79353646,1.74906227,-0.10910400,-0.04565408
2023-05-29,16636.30078125,0.00795211,1.00000000,1.00000000,0.00795211,1.80779886,1.76297101,-0.10201949,-0.03806501
2023-05-30,16622.74023438,-0.00081512,1.00000000,1.00000000,-0.00081512,1.80632529,1.76153398,-0.10275145,-0.03884910
2023-05-31,16578.96093750,-0.00263370,1.00000000,1.00000000,-0.00263370,1.80156797,1.75689463,-0.10511454,-0.04138049
2023-06-01,16512.65039062,-0.00399968,1.00000000,1.00000000,-0.00399968,1.79436228,1.74986761,-0.10869379,-0.04521466
2023-06-02,16706.91015625,0.01176430,1.00000000,1.00000000,0.01176430,1.81547169,1.77045358,-0.09820820,-0.03398228
2023-06-05,16714.42968750,0.00045009,1.00000000,1.00000000,0.00045009,1.81628881,1.77125044,-0.09780232,-0.03354749
2023-06-06,16761.66015625,0.00282573,1.00000000,1.00000000,0.00282573,1.82142115,1.77625551,-0.09525295,-0.03081655
2023-06-07,16922.48046875,0.00959453,1.00000000,1.00000000,0.00959453,1.83889684,1.79329786,-0.08657232,-0.02151769
2023-06-08,16733.68945312,-0.01115623,1.00000000,1.00000000,-0.01115623,1.81838169,1.77329142,-0.09676273,-0.03243386
2023-06-09,16886.40039062,0.00912596,1.00000000,1.00000000,0.00912596,1.83497616,1.78947440,-0.08851982,-0.02360389
2023-06-12,16955.36914062,0.00408428,1.00000000,1.00000000,0.00408428,1.84247071,1.79678311,-0.08479709,-0.01961602
2023-06-13,17216.59960938,0.01540695,1.00000000,1.00000000,0.01540695,1.87085756,1.82446605,-0.07069660,-0.00451130
2023-06-14,17238.14062500,0.00125118,1.00000000,1.00000000,0.00125118,1.87319834,1.82674878,-0.06953388,-0.00326576
2023-06-15,17334.98046875,0.00561777,1.00000000,1.00000000,0.00561777,1.88372153,1.83701103,-0.06430674,0.00000000
2023-06-16,17288.91015625,-0.00265765,1.00000000,1.00000000,-0.00265765,1.87871525,1.83212890,-0.06679348,-0.00265765
2023-06-19,17274.56054688,-0.00082999,1.00000000,1.00000000,-0.00082999,1.87715594,1.83060825,-0.06756804,-0.00348543
2023-06-20,17184.91015625,-0.00518973,1.00000000,1.00000000,-0.00518973,1.86741400,1.82110788,-0.07240711,-0.00865708
2023-06-21,17202.40039062,0.00101777,1.00000000,1.00000000,0.00101777,1.86931459,1.82296134,-0.07146304,-0.00764812
2023-06-26,17059.24023438,-0.00832210,1.00000000,1.00000000,-0.00832210,1.85375796,1.80779047,-0.07919042,-0.01590658
2023-06-27,16887.90039062,-0.01004381,1.00000000,1.00000000,-0.01004381,1.83513916,1.78963336,-0.08843886,-0.02579063
2023-06-28,16935.63085938,0.00282631,1.00000000,1.00000000,0.00282631,1.84032584,1.79469142,-0.08586250,-0.02303721
2023-06-29,16942.30078125,0.00039384,1.00000000,1.00000000,0.00039384,1.84105063,1.79539824,-0.08550248,-0.02265244
2023-06-30,16915.53906250,-0.00157958,1.00000000,1.00000000,-0.00157958,1.83814254,1.79256227,-0.08694700,-0.02419624
2023-07-03,17084.19921875,0.00997072,1.00000000,1.00000000,0.00997072,1.85647015,1.81043541,-0.07784320,-0.01446677
2023-07-04,17140.76953125,0.00331127,1.00000000,1.00000000,0.00331127,1.86261742,1.81643024,-0.07478970,-0.01120341
2023-07-05,17056.42968750,-0.00492042,1.00000000,1.00000000,-0.00492042,1.85345255,1.80749263,-0.07934212,-0.01606871
2023-07-06,16762.16992188,-0.01725213,1.00000000,1.00000000,-0.01725213,1.82147654,1.77630953,-0.09522543,-0.03304362
2023-07-07,16664.21093750,-0.00584405,1.00000000,1.00000000,-0.00584405,1.81083174,1.76592869,-0.10051298,-0.03869457
2023-07-10,16652.80078125,-0.00068471,1.00000000,1.00000000,-0.00068471,1.80959185,1.76471954,-0.10112887,-0.03935278
2023-07-11,16898.91015625,0.01477886,1.00000000,1.00000000,0.01477886,1.83633555,1.79080008,-0.08784458,-0.02515551
2023-07-12,16962.02929688,0.00373510,1.00000000,1.00000000,0.00373510,1.84319445,1.79748890,-0.08443759,-0.02151437
2023-07-13,17061.40039062,0.00585844,1.00000000,1.00000000,0.00585844,1.85399270,1.80801939,-0.07907382,-0.01578197
2023-07-14,17283.71093750,0.01303003,1.00000000,1.00000000,0.01303003,1.87815028,1.83157793,-0.06707412,-0.00295758
2023-07-17,17334.28906250,0.00292635,1.00000000,1.00000000,0.00292635,1.88364640,1.83693776,-0.06434406,-0.00003989
2023-07-18,17227.91015625,-0.00613691,1.00000000,1.00000000,-0.00613691,1.87208663,1.82566465,-0.07008609,-0.00617655
2023-07-19,17116.43945312,-0.00647036,1.00000000,1.00000000,-0.00647036,1.85997357,1.81385195,-0.07610297,-0.01260694
2023-07-20,17164.89062500,0.00283068,1.00000000,1.00000000,0.00283068,1.86523856,1.81898638,-0.07348771,-0.00981194
2023-07-21,17030.69921875,-0.00781778,1.00000000,1.00000000,-0.00781778,1.85065653,1.80476594,-0.08073098,-0.01755302
2023-07-24,17033.60937500,0.00017088,1.00000000,1.00000000,0.00017088,1.85097276,1.80507433,-0.08057390,-0.01738514
2023-07-25,17198.89062500,0.00970324,1.00000000,1.00000000,0.00970324,1.86893320,1.82258941,-0.07165248,-0.00785059
2023-07-26,17162.55078125,-0.00211292,1.00000000,1.00000000,-0.00211292,1.86498430,1.81873843,-0.07361401,-0.00994692
2023-07-27,17241.82031250,0.00461875,1.00000000,1.00000000,0.00461875,1.87359819,1.82713873,-0.06933526,-0.00537411
2023-07-28,17292.92968750,0.00296427,1.00000000,1.00000000,0.00296427,1.87915204,1.83255485,-0.06657652,-0.00242578
2023-07-31,17145.42968750,-0.00852950,1.00000000,1.00000000,-0.00852950,1.86312382,1.81692408,-0.07453816,-0.01093458
2023-08-01,17212.86914062,0.00393338,1.00000000,1.00000000,0.00393338,1.87045219,1.82407073,-0.07089796,-0.00704421
2023-08-02,16893.73046875,-0.01854070,1.00000000,1.00000000,-0.01854070,1.83577269,1.79025118,-0.08812417,-0.02545431
2023-08-04,16843.67968750,-0.00296268,1.00000000,1.00000000,-0.00296268,1.83033388,1.78494723,-0.09082577,-0.02834158
2023-08-07,16996.00000000,0.00904317,1.00000000,1.00000000,0.00904317,1.84688590,1.80108882,-0.08260395,-0.01955471
2023-08-08,16877.07031250,-0.00699751,1.00000000,1.00000000,-0.00699751,1.83396230,1.78848568,-0.08902344,-0.02641538
2023-08-09,16870.93945312,-0.00036327,1.00000000,1.00000000,-0.00036327,1.83329609,1.78783599,-0.08935436,-0.02676905
2023-08-10,16634.69921875,-0.01400279,1.00000000,1.00000000,-0.01400279,1.80762482,1.76280129,-0.10210594,-0.04039700
2023-08-11,16601.25000000,-0.00201081,1.00000000,1.00000000,-0.00201081,1.80399003,1.75925663,-0.10391144,-0.04232658
2023-08-14,16393.66015625,-0.01250447,0.00000000,1.00000000,-0.01250447,1.78143209,1.73725806,-0.11511655,-0.05430178
2023-08-15,16454.80078125,0.00372953,0.00000000,0.00000000,0.00000000,1.78807600,1.73725806,-0.11181635,-0.05430178
2023-08-16,16446.77929688,-0.00048749,0.00000000,0.00000000,-0.00000000,1.78720433,1.73725806,-0.11224933,-0.05430178
2023-08-17,16516.66015625,0.00424891,0.00000000,0.00000000,0.00000000,1.79479800,1.73725806,-0.10847736,-0.05430178
2023-08-18,16381.30957031,-0.00819479,0.00000000,0.00000000,-0.00000000,1.78009001,1.73725806,-0.11578320,-0.05430178
2023-08-21,16381.49023438,0.00001103,0.00000000,0.00000000,0.00000000,1.78010964,1.73725806,-0.11577345,-0.05430178
2023-08-22,16437.60937500,0.00342577,0.00000000,0.00000000,0.00000000,1.78620788,1.73725806,-0.11274430,-0.05430178
2023-08-23,16576.90039062,0.00847392,0.00000000,0.00000000,0.00000000,1.80134406,1.73725806,-0.10522576,-0.05430178
2023-08-24,16770.86914062,0.01170115,0.00000000,0.00000000,0.00000000,1.82242185,1.73725806,-0.09475588,-0.05430178
2023-08-25,16481.58007812,-0.01724950,0.00000000,0.00000000,-0.00000000,1.79098599,1.73725806,-0.11037088,-0.05430178
2023-08-28,16509.25976562,0.00167943,0.00000000,0.00000000,0.00000000,1.79399383,1.73725806,-0.10887681,-0.05430178
2023-08-29,16623.65039062,0.00692888,0.00000000,0.00000000,0.00000000,1.80642419,1.73725806,-0.10270233,-0.05430178
2023-08-30,16719.82031250,0.00578513,0.00000000,0.00000000,0.00000000,1.81687459,1.73725806,-0.09751135,-0.05430178
2023-08-31,16634.50976562,-0.00510236,0.00000000,0.00000000,-0.00000000,1.80760424,1.73725806,-0.10211617,-0.05430178
2023-09-01,16644.93945312,0.00062699,0.00000000,0.00000000,0.00000000,1.80873759,1.73725806,-0.10155320,-0.05430178
2023-09-04,16789.68945312,0.00869634,0.00000000,0.00000000,0.00000000,1.82446698,1.73725806,-0.09374001,-0.05430178
2023-09-05,16791.60937500,0.00011435,0.00000000,0.00000000,0.00000000,1.82467561,1.73725806,-0.09363638,-0.05430178
2023-09-06,16738.16015625,-0.00318309,0.00000000,0.00000000,-0.00000000,1.81886750,1.73725806,-0.09652141,-0.05430178
2023-09-07,16619.14062500,-0.00711067,0.00000000,0.00000000,-0.00000000,1.80593414,1.73725806,-0.10294575,-0.05430178
2023-09-08,16576.01953125,-0.00259466,0.00000000,0.00000000,-0.00000000,1.80124834,1.73725806,-0.10527331,-0.05430178
2023-09-11,16432.94921875,-0.00863116,0.00000000,0.00000000,-0.00000000,1.78570148,1.73725806,-0.11299584,-0.05430178
2023-09-12,16572.71093750,0.00850497,0.00000000,0.00000000,0.00000000,1.80088881,1.73725806,-0.10545189,-0.05430178
2023-09-13,16581.50976562,0.00053092,0.00000000,0.00000000,0.00000000,1.80184494,1.73725806,-0.10497696,-0.05430178
2023-09-14,16807.56054688,0.01363270,0.00000000,0.00000000,0.00000000,1.82640896,1.73725806,-0.09277538,-0.05430178
2023-09-15,16920.91992188,0.00674455,0.00000000,0.00000000,0.00000000,1.83872726,1.73725806,-0.08665656,-0.05430178
2023-09-18,16698.24023438,-0.01316002,0.00000000,0.00000000,-0.00000000,1.81452957,1.73725806,-0.09867618,-0.05430178
2023-09-19,16636.32031250,-0.00370817,0.00000000,0.00000000,-0.00000000,1.80780098,1.73725806,-0.10201844,-0.05430178
2023-09-20,16534.75000000,-0.00610534,0.00000000,0.00000000,-0.00000000,1.79676375,1.73725806,-0.10750092,-0.05430178
2023-09-21,16316.66992188,-0.01318920,0.00000000,0.00000000,-0.00000000,1.77306588,1.73725806,-0.11927227,-0.05430178
2023-09-22,16344.48046875,0.00170443,0.00000000,0.00000000,0.00000000,1.77608794,1.73725806,-0.11777113,-0.05430178
2023-09-25,16452.23046875,0.00659244,0.00000000,0.00000000,0.00000000,1.78779669,1.73725806,-0.11195509,-0.05430178
2023-09-26,16276.07031250,-0.01070737,0.00000000,0.00000000,-0.00000000,1.76865409,1.73725806,-0.12146372,-0.05430178
2023-09-27,16310.36035156,0.00210678,0.00000000,0.00000000,0.00000000,1.77238024,1.73725806,-0.11961284,-0.05430178
2023-09-28,16353.74023438,0.00265965,0.00000000,0.00000000,0.00000000,1.77709416,1.73725806,-0.11727131,-0.05430178
2023-10-02,16557.31054688,0.01244794,0.00000000,0.00000000,0.00000000,1.79921531,1.73725806,-0.10628316,-0.05430178
2023-10-03,16454.33984375,-0.00621905,0.00000000,0.00000000,-0.00000000,1.78802591,1.73725806,-0.11184123,-0.05430178
2023-10-04,16273.37988281,-0.01099770,0.00000000,0.00000000,-0.00000000,1.76836173,1.73725806,-0.12160894,-0.05430178
2023-10-05,16453.51953125,0.01106959,0.00000000,0.00000000,0.00000000,1.78793677,1.73725806,-0.11188551,-0.05430178
2023-10-06,16520.57031250,0.00407516,0.00000000,0.00000000,0.00000000,1.79522290,1.73725806,-0.10826630,-0.05430178
2023-10-11,16672.02929688,0.00916790,0.00000000,0.00000000,0.00000000,1.81168133,1.73725806,-0.10009097,-0.05430178
2023-10-12,16825.91015625,0.00922988,0.00000000,0.00000000,0.00000000,1.82840294,1.73725806,-0.09178492,-0.05430178
2023-10-13,16782.57031250,-0.00257578,0.00000000,0.00000000,-0.00000000,1.82369337,1.73725806,-0.09412428,-0.05430178
2023-10-16,16652.24023438,-0.00776580,0.00000000,0.00000000,-0.00000000,1.80953093,1.73725806,-0.10115913,-0.05430178
2023-10-17,16642.55078125,-0.00058187,0.00000000,0.00000000,-0.00000000,1.80847802,1.73725806,-0.10168214,-0.05430178
2023-10-18,16440.91015625,-0.01211597,0.00000000,0.00000000,-0.00000000,1.78656656,1.73725806,-0.11256613,-0.05430178
2023-10-19,16452.73046875,0.00071896,0.00000000,0.00000000,0.00000000,1.78785102,1.73725806,-0.11192810,-0.05430178
2023-10-20,16440.72070312,-0.00072996,0.00000000,0.00000000,-0.00000000,1.78654597,1.73725806,-0.11257635,-0.05430178
2023-10-23,16251.36035156,-0.01151776,0.00000000,0.00000000,-0.00000000,1.76596896,1.73725806,-0.12279749,-0.05430178
2023-10-24,16309.75976562,0.00359351,0.00000000,0.00000000,0.00000000,1.77231498,1.73725806,-0.11964526,-0.05430178
2023-10-25,16358.88964844,0.00301230,0.00000000,0.00000000,0.00000000,1.77765372,1.73725806,-0.11699336,-0.05430178
2023-10-26,16073.74023438,-0.01743085,0.00000000,0.00000000,-0.00000000,1.74666770,1.73725806,-0.13238492,-0.05430178
2023-10-27,16134.61035156,0.00378693,0.00000000,0.00000000,0.00000000,1.75328221,1.73725806,-0.12909933,-0.05430178
2023-10-30,16149.67968750,0.00093398,0.00000000,0.00000000,0.00000000,1.75491973,1.73725806,-0.12828593,-0.05430178
2023-10-31,16001.26953125,-0.00918967,0.00000000,0.00000000,-0.00000000,1.73879261,1.73725806,-0.13629669,-0.05430178
2023-11-01,16038.55957031,0.00233044,0.00000000,0.00000000,0.00000000,1.74284476,1.73725806,-0.13428388,-0.05430178
2023-11-02,16396.94921875,0.02234550,0.00000000,0.00000000,0.00000000,1.78178950,1.73725806,-0.11493902,-0.05430178
2023-11-03,16507.65039062,0.00675133,0.00000000,0.00000000,0.00000000,1.79381895,1.73725806,-0.10896368,-0.05430178
2023-11-06,16649.35937500,0.00858444,0.00000000,0.00000000,0.00000000,1.80921788,1.73725806,-0.10131463,-0.05430178
2023-11-07,16684.94921875,0.00213761,0.00000000,0.00000000,0.00000000,1.81308529,1.73725806,-0.09939359,-0.05430178
2023-11-08,16740.83007812,0.00334918,0.00000000,0.00000000,0.00000000,1.81915763,1.73725806,-0.09637730,-0.05430178
2023-11-09,16745.65039062,0.00028794,0.00000000,0.00000000,0.00000000,1.81968143,1.73725806,-0.09611711,-0.05430178
2023-11-10,16682.66992188,-0.00376100,0.00000000,0.00000000,-0.00000000,1.81283760,1.73725806,-0.09951662,-0.05430178
2023-11-13,16839.28906250,0.00938813,0.00000000,0.00000000,0.00000000,1.82985677,1.73725806,-0.09106276,-0.05430178
2023-11-14,16915.71093750,0.00453831,0.00000000,0.00000000,0.00000000,1.83816122,1.73725806,-0.08693772,-0.05430178
2023-11-15,17128.77929688,0.01259589,0.00000000,0.00000000,0.00000000,1.86131449,1.73725806,-0.07543690,-0.05430178
2023-11-16,17171.17968750,0.00247539,0.00000000,0.00000000,0.00000000,1.86592197,1.73725806,-0.07314824,-0.05430178
2023-11-17,17208.94921875,0.00219959,0.00000000,0.00000000,0.00000000,1.87002623,1.73725806,-0.07110955,-0.05430178
2023-11-20,17210.47070312,0.00008841,0.00000000,0.00000000,0.00000000,1.87019156,1.73725806,-0.07102742,-0.05430178
2023-11-21,17416.69921875,0.01198274,0.00000000,0.00000000,0.00000000,1.89260157,1.73725806,-0.05989579,-0.05430178
2023-11-22,17310.25976562,-0.00611134,0.00000000,0.00000000,-0.00000000,1.88103523,1.73725806,-0.06564109,-0.05430178
2023-11-23,17294.55078125,-0.00090750,0.00000000,0.00000000,-0.00000000,1.87932820,1.73725806,-0.06648902,-0.05430178
2023-11-24,17287.41992188,-0.00041232,0.00000000,0.00000000,-0.00000000,1.87855332,1.73725806,-0.06687392,-0.05430178
2023-11-27,17137.41992188,-0.00867683,1.00000000,0.00000000,-0.00000000,1.86225343,1.73725806,-0.07497050,-0.05430178
2023-11-28,17341.25000000,0.01189386,1.00000000,1.00000000,0.01189386,1.88440281,1.75792077,-0.06396833,-0.04305378
2023-11-29,17370.56054688,0.00169022,1.00000000,1.00000000,0.00169022,1.88758787,1.76089204,-0.06238623,-0.04143633
2023-11-30,17433.84960938,0.00364347,1.00000000,1.00000000,0.00364347,1.89446523,1.76730779,-0.05897006,-0.03794383
2023-12-01,17438.34960938,0.00025812,1.00000000,1.00000000,0.00025812,1.89495423,1.76776397,-0.05872717,-0.03769551
2023-12-04,17421.48046875,-0.00096736,1.00000000,1.00000000,-0.00096736,1.89312113,1.76605391,-0.05963771,-0.03862640
2023-12-05,17328.00976562,-0.00536526,1.00000000,1.00000000,-0.00536526,1.88296405,1.75657857,-0.06468300,-0.04378442
2023-12-06,17360.72070312,0.00188775,1.00000000,1.00000000,0.00188775,1.88651861,1.75989455,-0.06291735,-0.04197932
2023-12-07,17278.74023438,-0.00472218,1.00000000,1.00000000,-0.00472218,1.87761013,1.75158401,-0.06734243,-0.04650327
2023-12-08,17383.99023438,0.00609130,1.00000000,1.00000000,0.00609130,1.88904722,1.76225344,-0.06166133,-0.04069523
2023-12-11,17418.33984375,0.00197593,1.00000000,1.00000000,0.00197593,1.89277985,1.76573553,-0.05980724,-0.03879971
2023-12-12,17450.63085938,0.00185385,1.00000000,1.00000000,0.00185385,1.89628878,1.76900894,-0.05806426,-0.03701779
2023-12-13,17468.92968750,0.00104861,1.00000000,1.00000000,0.00104861,1.89827724,1.77086394,-0.05707654,-0.03600800
2023-12-14,17653.10937500,0.01054327,1.00000000,1.00000000,0.01054327,1.91829130,1.78953464,-0.04713504,-0.02584437
2023-12-15,17673.86914062,0.00117598,1.00000000,1.00000000,0.00117598,1.92054718,1.79163910,-0.04601449,-0.02469878
2023-12-18,17652.02929688,-0.00123571,1.00000000,1.00000000,-0.00123571,1.91817393,1.78942515,-0.04719334,-0.02590397
2023-12-19,17576.55078125,-0.00427591,1.00000000,1.00000000,-0.00427591,1.90997199,1.78177372,-0.05126746,-0.03006912
2023-12-20,17635.19921875,0.00333674,1.00000000,1.00000000,0.00333674,1.91634507,1.78771905,-0.04810178,-0.02683271
2023-12-21,17543.74023438,-0.00518616,1.00000000,1.00000000,-0.00518616,1.90640660,1.77844765,-0.05303848,-0.03187971
2023-12-22,17596.63085938,0.00301479,1.00000000,1.00000000,0.00301479,1.91215401,1.78380929,-0.05018359,-0.02896104
2023-12-25,17604.83984375,0.00046651,1.00000000,1.00000000,0.00046651,1.91304604,1.78464145,-0.04974049,-0.02850804
2023-12-26,17751.73046875,0.00834376,1.00000000,1.00000000,0.00834376,1.92900805,1.79953208,-0.04181175,-0.02040214
2023-12-27,17891.50000000,0.00787357,1.00000000,1.00000000,0.00787357,1.94419623,1.81370082,-0.03426739,-0.01268921
2023-12-28,17910.36914062,0.00105464,1.00000000,1.00000000,0.00105464,1.94624666,1.81561363,-0.03324889,-0.01164794
2023-12-29,17930.81054688,0.00114132,1.00000000,1.00000000,0.00114132,1.94846795,1.81768582,-0.03214552,-0.01051992
2024-01-02,17853.75976562,-0.00429712,1.00000000,1.00000000,-0.00429712,1.94009515,1.80987501,-0.03630450,-0.01477183
2024-01-03,17559.31054688,-0.01649228,1.00000000,1.00000000,-0.01649228,1.90809856,1.78002604,-0.05219804,-0.03102049
2024-01-04,17549.65039062,-0.00055014,1.00000000,1.00000000,-0.00055014,1.90704883,1.77904677,-0.05271946,-0.03155357
2024-01-05,17519.14062500,-0.00173848,1.00000000,1.00000000,-0.00173848,1.90373346,1.77595393,-0.05436629,-0.03323720
2024-01-08,17572.66015625,0.00305492,1.00000000,1.00000000,0.00305492,1.90954921,1.78137932,-0.05147746,-0.03028382
2024-01-09,17535.49023438,-0.00211521,1.00000000,1.00000000,-0.00211521,1.90551010,1.77761133,-0.05348379,-0.03233497
2024-01-10,17465.63085938,-0.00398388,1.00000000,1.00000000,-0.00398388,1.89791877,1.77052953,-0.05725460,-0.03619004
2024-01-11,17545.32031250,0.00456264,1.00000000,1.00000000,0.00456264,1.90657830,1.77860782,-0.05295319,-0.03179252
2024-01-12,17512.83007812,-0.00185179,1.00000000,1.00000000,-0.00185179,1.90304772,1.77531422,-0.05470692,-0.03358544
2024-01-15,17546.82031250,0.00194088,1.00000000,1.00000000,0.00194088,1.90674130,1.77875988,-0.05287222,-0.03170974
2024-01-16,17346.86914062,-0.01139529,1.00000000,1.00000000,-0.01139529,1.88501342,1.75849039,-0.06366502,-0.04274370
2024-01-17,17161.78906250,-0.01066936,1.00000000,1.00000000,-0.01066936,1.86490152,1.73972841,-0.07365512,-0.05295701
2024-01-18,17227.78906250,0.00384575,1.00000000,1.00000000,0.00384575,1.87207348,1.74641898,-0.07009263,-0.04931492
2024-01-19,17681.51953125,0.02633713,1.00000000,1.00000000,0.02633713,1.92137851,1.79241464,-0.04560154,-0.02427661
2024-01-22,17815.09960938,0.00755478,1.00000000,1.00000000,0.00755478,1.93589411,1.80595595,-0.03839127,-0.01690523
2024-01-23,17874.58984375,0.00333932,1.00000000,1.00000000,0.00333932,1.94235867,1.81198660,-0.03518015,-0.01362236
2024-01-24,17875.83007812,0.00006939,1.00000000,1.00000000,0.00006939,1.94249345,1.81211233,-0.03511321,-0.01355392
2024-01-25,18002.61914062,0.00709277,1.00000000,1.00000000,0.00709277,1.95627110,1.82496521,-0.02826949,-0.00655729
2024-01-26,17995.02929688,-0.00042160,1.00000000,1.00000000,-0.00042160,1.95544634,1.82419582,-0.02867917,-0.00697612
2024-01-29,18119.63085938,0.00692422,1.00000000,1.00000000,0.00692422,1.96898628,1.83682695,-0.02195353,-0.00010021
2024-01-30,18034.63085938,-0.00469104,1.00000000,1.00000000,-0.00469104,1.95974968,1.82821031,-0.02654159,-0.00479078
2024-01-31,17889.56054688,-0.00804399,1.00000000,1.00000000,-0.00804399,1.94398548,1.81350422,-0.03437207,-0.01279623
2024-02-01,17968.10937500,0.00439076,1.00000000,1.00000000,0.00439076,1.95252106,1.82146688,-0.03013223,-0.00846165
2024-02-02,18059.92968750,0.00511018,1.00000000,1.00000000,0.00511018,1.96249880,1.83077491,-0.02517603,-0.00339471
2024-02-05,18096.07031250,0.00200115,1.00000000,1.00000000,0.00200115,1.96642605,1.83443857,-0.02322526,-0.00140035
2024-02-15,18644.57031250,0.03031045,1.00000000,1.00000000,0.03031045,2.02602931,1.89004122,0.00000000,0.00000000
2024-02-16,18607.25000000,-0.00200167,1.00000000,1.00000000,-0.00200167,2.02197386,1.88625798,-0.00200167,-0.00200167
2024-02-19,18635.80078125,0.00153439,1.00000000,1.00000000,0.00153439,2.02507636,1.88915223,-0.00047035,-0.00047035
2024-02-20,18753.16015625,0.00629752,1.00000000,1.00000000,0.00629752,2.03782932,1.90104921,0.00000000,0.00000000
2024-02-21,18676.31054688,-0.00409796,1.00000000,1.00000000,-0.00409796,2.02947839,1.89325880,-0.00409796,-0.00409796
2024-02-22,18852.77929688,0.00944880,1.00000000,1.00000000,0.00944880,2.04865453,1.91114782,0.00000000,0.00000000
2024-02-23,18889.18945312,0.00193129,1.00000000,1.00000000,0.00193129,2.05261107,1.91483880,0.00000000,0.00000000
2024-02-26,18948.05078125,0.00311614,1.00000000,1.00000000,0.00311614,2.05900729,1.92080571,0.00000000,0.00000000
2024-02-27,18854.41015625,-0.00494197,1.00000000,1.00000000,-0.00494197,2.04883175,1.91131315,-0.00494197,-0.00494197
2024-02-29,18966.76953125,0.00595932,1.00000000,1.00000000,0.00595932,2.06104138,1.92270327,0.00000000,0.00000000
2024-03-01,18935.92968750,-0.00162599,1.00000000,1.00000000,-0.00162599,2.05769014,1.91957696,-0.00162599,-0.00162599
2024-03-04,19305.31054688,0.01950688,1.00000000,1.00000000,0.01950688,2.09782925,1.95702192,0.00000000,0.00000000
2024-03-05,19386.91992188,0.00422730,1.00000000,1.00000000,0.00422730,2.10669741,1.96529484,0.00000000,0.00000000
2024-03-06,19499.44921875,0.00580439,1.00000000,1.00000000,0.00580439,2.11892551,1.97670218,0.00000000,0.00000000
2024-03-07,19693.51953125,0.00995260,1.00000000,1.00000000,0.00995260,2.14001433,1.99637552,0.00000000,0.00000000
2024-03-08,19785.32031250,0.00466147,1.00000000,1.00000000,0.00466147,2.14998995,2.00568156,0.00000000,0.00000000
2024-03-11,19726.08007812,-0.00299415,1.00000000,1.00000000,-0.00299415,2.14355256,1.99967625,-0.00299415,-0.00299415
2024-03-12,19914.55078125,0.00955439,1.00000000,1.00000000,0.00955439,2.16403290,2.01878194,0.00000000,0.00000000
2024-03-13,19928.50976562,0.00070094,1.00000000,1.00000000,0.00070094,2.16554976,2.02019700,0.00000000,0.00000000
2024-03-14,19937.91992188,0.00047220,1.00000000,1.00000000,0.00047220,2.16657233,2.02115092,0.00000000,0.00000000
2024-03-15,19682.50000000,-0.01281076,1.00000000,1.00000000,-0.01281076,2.13881689,1.99525844,-0.01281076,-0.01281076
2024-03-18,19879.84960938,0.01002665,1.00000000,1.00000000,0.01002665,2.16026206,2.01526421,-0.00291256,-0.00291256
2024-03-19,19857.19921875,-0.00113936,1.00000000,1.00000000,-0.00113936,2.15780074,2.01296809,-0.00404860,-0.00404860
2024-03-20,19784.44921875,-0.00366366,1.00000000,1.00000000,-0.00366366,2.14989529,2.00559326,-0.00769743,-0.00769743
2024-03-21,20199.08984375,0.02095791,1.00000000,1.00000000,0.02095791,2.19495260,2.04762629,0.00000000,0.00000000
2024-03-22,20228.42968750,0.00145253,1.00000000,1.00000000,0.00145253,2.19814084,2.05060054,0.00000000,0.00000000
2024-03-25,20192.25000000,-0.00178856,1.00000000,1.00000000,-0.00178856,2.19420934,2.04693292,-0.00178856,-0.00178856
2024-03-26,20126.49023438,-0.00325668,1.00000000,1.00000000,-0.00325668,2.18706349,2.04026671,-0.00503942,-0.00503942
2024-03-27,20200.11914062,0.00365831,1.00000000,1.00000000,0.00365831,2.19506445,2.04773064,-0.00139954,-0.00139954
2024-03-28,20146.55078125,-0.00265188,1.00000000,1.00000000,-0.00265188,2.18924339,2.04230029,-0.00404771,-0.00404771
2024-03-29,20294.44921875,0.00734113,1.00000000,1.00000000,0.00734113,2.20531491,2.05729308,0.00000000,0.00000000
2024-04-01,20222.33007812,-0.00355364,1.00000000,1.00000000,-0.00355364,2.19747802,2.04998221,-0.00355364,-0.00355364
2024-04-02,20466.57031250,0.01207775,1.00000000,1.00000000,0.01207775,2.22401861,2.07474138,0.00000000,0.00000000
2024-04-03,20337.59960938,-0.00630153,1.00000000,1.00000000,-0.00630153,2.21000389,2.06166734,-0.00630153,-0.00630153
2024-04-08,20417.69921875,0.00393850,1.00000000,1.00000000,0.00393850,2.21870798,2.06978721,-0.00238785,-0.00238785
2024-04-09,20796.19921875,0.01853784,1.00000000,1.00000000,0.01853784,2.25983803,2.10815659,0.00000000,0.00000000
2024-04-10,20763.52929688,-0.00157096,1.00000000,1.00000000,-0.00157096,2.25628793,2.10484477,-0.00157096,-0.00157096
2024-04-11,20753.22070312,-0.00049648,1.00000000,1.00000000,-0.00049648,2.25516773,2.10379976,-0.00206665,-0.00206665
2024-04-12,20736.57031250,-0.00080230,1.00000000,1.00000000,-0.00080230,2.25335840,2.10211188,-0.00286730,-0.00286730
2024-04-15,20449.76953125,-0.01383068,1.00000000,1.00000000,-0.01383068,2.22219293,2.07303825,-0.01665832,-0.01665832
2024-04-16,19901.96093750,-0.02678801,1.00000000,1.00000000,-0.02678801,2.16266481,2.01750568,-0.04300008,-0.04300008
2024-04-17,20213.33007812,0.01564515,1.00000000,1.00000000,0.01564515,2.19650002,2.04906986,-0.02802768,-0.02802768
2024-04-18,20301.19921875,0.00434709,1.00000000,1.00000000,0.00434709,2.20604840,2.05797735,-0.02380243,-0.02380243
2024-04-19,19527.11914062,-0.03812977,1.00000000,1.00000000,-0.03812977,2.12193228,1.97950714,-0.06102462,-0.06102462
2024-04-22,19411.22070312,-0.00593526,1.00000000,1.00000000,-0.00593526,2.10933807,1.96775826,-0.06659767,-0.06659767
2024-04-23,19599.27929688,0.00968814,1.00000000,1.00000000,0.00968814,2.12977363,1.98682218,-0.05755474,-0.05755474
2024-04-24,20131.74023438,0.02716737,1.00000000,1.00000000,0.02716737,2.18763399,2.04079892,-0.03195098,-0.03195098
2024-04-25,19857.41992188,-0.01362626,1.00000000,1.00000000,-0.01362626,2.15782472,2.01299046,-0.04514187,-0.04514187
2024-04-26,20120.50976562,0.01324894,1.00000000,1.00000000,0.01324894,2.18641362,2.03966046,-0.03249101,-0.03249101
2024-04-29,20495.51953125,0.01863818,1.00000000,1.00000000,0.01863818,2.22716440,2.07767603,-0.01445840,-0.01445840
2024-04-30,20396.59960938,-0.00482642,1.00000000,1.00000000,-0.00482642,2.21641518,2.06764830,-0.01921503,-0.01921503
2024-05-02,20222.43945312,-0.00853869,1.00000000,1.00000000,-0.00853869,2.19748990,2.04999330,-0.02758965,-0.02758965
2024-05-03,20330.32031250,0.00533471,1.00000000,1.00000000,0.00533471,2.20921287,2.06092942,-0.02240212,-0.02240212
2024-05-06,20523.31054688,0.00949273,1.00000000,1.00000000,0.00949273,2.23018434,2.08049326,-0.01312205,-0.01312205
2024-05-07,20653.52929688,0.00634492,1.00000000,1.00000000,0.00634492,2.24433467,2.09369382,-0.00686038,-0.00686038
2024-05-08,20700.50976562,0.00227469,1.00000000,1.00000000,0.00227469,2.24943985,2.09845634,-0.00460130,-0.00460130
2024-05-09,20560.76953125,-0.00675057,1.00000000,1.00000000,-0.00675057,2.23425485,2.08429056,-0.01132080,-0.01132080
2024-05-10,20708.83984375,0.00720159,1.00000000,1.00000000,0.00720159,2.25034505,2.09930078,-0.00420074,-0.00420074
2024-05-13,20857.71093750,0.00718877,1.00000000,1.00000000,0.00718877,2.26652226,2.11439217,0.00000000,0.00000000
2024-05-14,20985.84960938,0.00614347,1.00000000,1.00000000,0.00614347,2.28044657,2.12738187,0.00000000,0.00000000
2024-05-15,21147.21093750,0.00768905,1.00000000,1.00000000,0.00768905,2.29798104,2.14373942,0.00000000,0.00000000
2024-05-16,21304.25976562,0.00742646,1.00000000,1.00000000,0.00742646,2.31504690,2.15965981,0.00000000,0.00000000
2024-05-17,21258.47070312,-0.00214929,1.00000000,1.00000000,-0.00214929,2.31007119,2.15501807,-0.00214929,-0.00214929
2024-05-20,21271.63085938,0.00061905,1.00000000,1.00000000,0.00061905,2.31150125,2.15635214,-0.00153157,-0.00153157
2024-05-21,21236.75000000,-0.00163978,1.00000000,1.00000000,-0.00163978,2.30771089,2.15281619,-0.00316884,-0.00316884
2024-05-22,21551.83007812,0.01483655,1.00000000,1.00000000,0.01483655,2.34194935,2.18475656,0.00000000,0.00000000
2024-05-23,21607.42968750,0.00257981,1.00000000,1.00000000,0.00257981,2.34799113,2.19039281,0.00000000,0.00000000
2024-05-24,21565.33984375,-0.00194793,1.00000000,1.00000000,-0.00194793,2.34341740,2.18612607,-0.00194793,-0.00194793
2024-05-27,21803.76953125,0.01105615,1.00000000,1.00000000,0.01105615,2.36932658,2.21029621,0.00000000,0.00000000
2024-05-28,21858.41015625,0.00250602,1.00000000,1.00000000,0.00250602,2.37526416,2.21583526,0.00000000,0.00000000
2024-05-29,21662.50000000,-0.00896269,1.00000000,1.00000000,-0.00896269,2.35397540,2.19597541,-0.00896269,-0.00896269
2024-05-30,21364.48046875,-0.01375739,1.00000000,1.00000000,-0.01375739,2.32159084,2.16576451,-0.02259678,-0.02259678
2024-05-31,21174.22070312,-0.00890542,1.00000000,1.00000000,-0.00890542,2.30091608,2.14647746,-0.03130097,-0.03130097
2024-06-03,21536.75976562,0.01712172,1.00000000,1.00000000,0.01712172,2.34031172,2.18322885,-0.01471518,-0.01471518
2024-06-04,21356.61914062,-0.00836433,1.00000000,1.00000000,-0.00836433,2.32073658,2.16496759,-0.02295643,-0.02295643
2024-06-05,21484.88085938,0.00600571,1.00000000,1.00000000,0.00600571,2.33467425,2.17796977,-0.01708858,-0.01708858
2024-06-06,21902.69921875,0.01944709,1.00000000,1.00000000,0.01944709,2.38007687,2.22032493,0.00000000,0.00000000
2024-06-07,21858.38085938,-0.00202342,1.00000000,1.00000000,-0.00202342,2.37526097,2.21583229,-0.00202342,-0.00202342
2024-06-11,21792.11914062,-0.00303141,1.00000000,1.00000000,-0.00303141,2.36806058,2.20911519,-0.00504870,-0.00504870
2024-06-12,22048.96093750,0.01178599,1.00000000,1.00000000,0.01178599,2.39597053,2.23515181,0.00000000,0.00000000
2024-06-13,22312.03906250,0.01193154,1.00000000,1.00000000,0.01193154,2.42455816,2.26182062,0.00000000,0.00000000
2024-06-14,22504.72070312,0.00863577,1.00000000,1.00000000,0.00863577,2.44549608,2.28135318,0.00000000,0.00000000
2024-06-17,22496.52929688,-0.00036399,1.00000000,1.00000000,-0.00036399,2.44460596,2.28052280,-0.00036399,-0.00036399
2024-06-18,22757.42968750,0.01159736,1.00000000,1.00000000,0.01159736,2.47295694,2.30697085,0.00000000,0.00000000
2024-06-19,23209.53906250,0.01986645,1.00000000,1.00000000,0.01986645,2.52208582,2.35280217,0.00000000,0.00000000
2024-06-20,23406.09960938,0.00846896,1.00000000,1.00000000,0.00846896,2.54344525,2.37272795,0.00000000,0.00000000
2024-06-21,23253.39062500,-0.00652432,1.00000000,1.00000000,-0.00652432,2.52685099,2.35724750,-0.00652432,-0.00652432
2024-06-24,22813.69921875,-0.01890870,1.00000000,1.00000000,-0.01890870,2.47907152,2.31267501,-0.02530966,-0.02530966
2024-06-25,22875.97070312,0.00272957,1.00000000,1.00000000,0.00272957,2.48583831,2.31898761,-0.02264918,-0.02264918
2024-06-26,22986.68945312,0.00483996,1.00000000,1.00000000,0.00483996,2.49786966,2.33021142,-0.01791884,-0.01791884
2024-06-27,22905.98046875,-0.00351112,1.00000000,1.00000000,-0.00351112,2.48909934,2.32202977,-0.02136704,-0.02136704
2024-06-28,23032.25000000,0.00551251,1.00000000,1.00000000,0.00551251,2.50282054,2.33482999,-0.01597232,-0.01597232
2024-07-01,23058.57031250,0.00114276,1.00000000,1.00000000,0.00114276,2.50568066,2.33749814,-0.01484781,-0.01484781
2024-07-02,22879.36914062,-0.00777156,1.00000000,1.00000000,-0.00777156,2.48620760,2.31933212,-0.02250398,-0.02250398
2024-07-03,23172.42968750,0.01280894,1.00000000,1.00000000,0.01280894,2.51805329,2.34904031,-0.00998329,-0.00998329
2024-07-04,23522.52929688,0.01510845,1.00000000,1.00000000,0.01510845,2.55609719,2.38453068,0.00000000,0.00000000
2024-07-05,23556.58984375,0.00144800,1.00000000,1.00000000,0.00144800,2.55979841,2.38798348,0.00000000,0.00000000
2024-07-08,23878.15039062,0.01365056,1.00000000,1.00000000,0.01365056,2.59474108,2.42058078,0.00000000,0.00000000
2024-07-09,23900.08007812,0.00091840,1.00000000,1.00000000,0.00091840,2.59712409,2.42280384,0.00000000,0.00000000
2024-07-10,24007.08007812,0.00447697,1.00000000,1.00000000,0.00447697,2.60875134,2.43365066,0.00000000,0.00000000
2024-07-11,24390.02929688,0.01595151,1.00000000,1.00000000,0.01595151,2.65036487,2.47247107,0.00000000,0.00000000
2024-07-12,23916.92968750,-0.01939725,1.00000000,1.00000000,-0.01939725,2.59895507,2.42451192,-0.01939725,-0.01939725
2024-07-15,23879.35937500,-0.00157087,1.00000000,1.00000000,-0.00157087,2.59487245,2.42070334,-0.02093765,-0.02093765
2024-07-16,23997.25000000,0.00493693,1.00000000,1.00000000,0.00493693,2.60768315,2.43265417,-0.01610409,-0.01610409
2024-07-17,23769.82031250,-0.00947732,1.00000000,1.00000000,-0.00947732,2.58296929,2.40959912,-0.02542879,-0.02542879
2024-07-18,23398.47070312,-0.01562274,1.00000000,1.00000000,-0.01562274,2.54261625,2.37195459,-0.04065426,-0.04065426
2024-07-19,22869.25976562,-0.02261733,1.00000000,1.00000000,-0.02261733,2.48510906,2.31830731,-0.06235210,-0.06235210
2024-07-22,22256.99023438,-0.02677260,1.00000000,1.00000000,-0.02677260,2.41857623,2.25624020,-0.08745537,-0.08745537
2024-07-23,22871.83984375,0.02762501,1.00000000,1.00000000,0.02762501,2.48538942,2.31856886,-0.06224632,-0.06224632
2024-07-26,22119.21093750,-0.03290636,1.00000000,1.00000000,-0.03290636,2.40360431,2.24227321,-0.09310437,-0.09310437
2024-07-29,22164.49023438,0.00204706,1.00000000,1.00000000,0.00204706,2.40852463,2.24686327,-0.09124790,-0.09124790
2024-07-30,22223.57031250,0.00266553,1.00000000,1.00000000,0.00266553,2.41494462,2.25285235,-0.08882560,-0.08882560
2024-07-31,22199.34960938,-0.00108987,1.00000000,1.00000000,-0.00108987,2.41231265,2.25039704,-0.08981866,-0.08981866
2024-08-01,22642.09960938,0.01994428,1.00000000,1.00000000,0.01994428,2.46042449,2.29527958,-0.07166575,-0.07166575
2024-08-02,21638.08984375,-0.04434261,1.00000000,1.00000000,-0.04434261,2.35132285,2.19350090,-0.11283051,-0.11283051
2024-08-05,19830.88085938,-0.08351980,0.00000000,1.00000000,-0.08351980,2.15494083,2.01030014,-0.18692673,-0.18692673
2024-08-06,20501.01953125,0.03379268,0.00000000,0.00000000,0.00000000,2.22776206,2.01030014,-0.15945080,-0.18692673
2024-08-07,21295.27929688,0.03874245,0.00000000,0.00000000,0.00000000,2.31407103,2.01030014,-0.12688587,-0.18692673
2024-08-08,20870.09960938,-0.01996591,0.00000000,0.00000000,-0.00000000,2.26786849,2.01030014,-0.14431839,-0.18692673
2024-08-09,21469.00000000,0.02869658,0.00000000,0.00000000,0.00000000,2.33294855,2.01030014,-0.11976325,-0.18692673
2024-08-12,21773.25976562,0.01417205,0.00000000,0.00000000,0.00000000,2.36601121,2.01030014,-0.10728849,-0.18692673
2024-08-13,21796.57031250,0.00107060,0.00000000,0.00000000,0.00000000,2.36854427,2.01030014,-0.10633275,-0.18692673
2024-08-14,22027.25000000,0.01058330,0.00000000,0.00000000,0.00000000,2.39361129,2.01030014,-0.09687480,-0.18692673
2024-08-15,21895.16992188,-0.00599621,0.00000000,0.00000000,-0.00000000,2.37925869,2.01030014,-0.10229013,-0.18692673
2024-08-16,22349.33007812,0.02074248,0.00000000,0.00000000,0.00000000,2.42861042,2.01030014,-0.08366940,-0.18692673
2024-08-19,22409.63085938,0.00269810,0.00000000,0.00000000,0.00000000,2.43516306,2.01030014,-0.08119705,-0.18692673
2024-08-20,22429.09960938,0.00086877,0.00000000,0.00000000,0.00000000,2.43727865,2.01030014,-0.08039882,-0.18692673
2024-08-21,22237.89062500,-0.00852504,0.00000000,0.00000000,-0.00000000,2.41650075,2.01030014,-0.08823846,-0.18692673
2024-08-22,22148.83007812,-0.00400490,0.00000000,0.00000000,-0.00000000,2.40682290,2.01030014,-0.09188998,-0.18692673
2024-08-23,22158.05078125,0.00041631,0.00000000,0.00000000,0.00000000,2.40782488,2.01030014,-0.09151192,-0.18692673
2024-08-26,22240.11914062,0.00370377,0.00000000,0.00000000,0.00000000,2.41674291,2.01030014,-0.08814709,-0.18692673
2024-08-27,22185.00000000,-0.00247837,0.00000000,0.00000000,-0.00000000,2.41075334,2.01030014,-0.09040700,-0.18692673
2024-08-28,22370.66015625,0.00836872,0.00000000,0.00000000,0.00000000,2.43092827,2.01030014,-0.08279486,-0.18692673
2024-08-29,22201.84960938,-0.00754607,0.00000000,0.00000000,-0.00000000,2.41258432,2.01030014,-0.08971616,-0.18692673
2024-08-30,22268.08984375,0.00298355,0.00000000,0.00000000,0.00000000,2.41978238,2.01030014,-0.08700028,-0.18692673
2024-09-02,22235.09960938,-0.00148150,0.00000000,0.00000000,-0.00000000,2.41619746,2.01030014,-0.08835289,-0.18692673
2024-09-03,22092.21093750,-0.00642627,0.00000000,0.00000000,-0.00000000,2.40067033,2.01030014,-0.09421138,-0.18692673
2024-09-04,21092.75000000,-0.04524042,0.00000000,0.00000000,-0.00000000,2.29206299,2.01030014,-0.13518964,-0.18692673
2024-09-05,21187.71093750,0.00450207,0.00000000,0.00000000,0.00000000,2.30238201,2.01030014,-0.13129621,-0.18692673
2024-09-06,21435.18945312,0.01168029,0.00000000,0.00000000,0.00000000,2.32927449,2.01030014,-0.12114950,-0.18692673
2024-09-09,21144.43945312,-0.01356414,0.00000000,0.00000000,-0.00000000,2.29767988,2.01030014,-0.13307035,-0.18692673
2024-09-10,21064.08007812,-0.00380050,0.00000000,0.00000000,-0.00000000,2.28894755,2.01030014,-0.13636512,-0.18692673
2024-09-11,21031.00000000,-0.00157045,0.00000000,0.00000000,-0.00000000,2.28535287,2.01030014,-0.13772141,-0.18692673
2024-09-12,21653.25000000,0.02958728,0.00000000,0.00000000,0.00000000,2.35297024,2.01030014,-0.11220894,-0.18692673
2024-09-13,21759.65039062,0.00491383,0.00000000,0.00000000,0.00000000,2.36453234,2.01030014,-0.10784648,-0.18692673
2024-09-16,21850.08007812,0.00415584,0.00000000,0.00000000,0.00000000,2.37435896,2.01030014,-0.10413883,-0.18692673
2024-09-18,21678.83984375,-0.00783705,0.00000000,0.00000000,-0.00000000,2.35575098,2.01030014,-0.11115975,-0.18692673
2024-09-19,22042.68945312,0.01678363,0.00000000,0.00000000,0.00000000,2.39528904,2.01030014,-0.09624178,-0.18692673
2024-09-20,22159.41992188,0.00529565,0.00000000,0.00000000,0.00000000,2.40797366,2.01030014,-0.09145579,-0.18692673
2024-09-23,22285.52929688,0.00569101,0.00000000,0.00000000,0.00000000,2.42167745,2.01030014,-0.08628526,-0.18692673
2024-09-24,22431.77929688,0.00656255,0.00000000,0.00000000,0.00000000,2.43756984,2.01030014,-0.08028896,-0.18692673
2024-09-25,22761.59960938,0.01470326,0.00000000,0.00000000,0.00000000,2.47341007,2.01030014,-0.06676620,-0.18692673
2024-09-26,22858.81054688,0.00427083,0.00000000,0.00000000,0.00000000,2.48397358,2.01030014,-0.06278052,-0.18692673
2024-09-27,22822.78906250,-0.00157582,0.00000000,0.00000000,-0.00000000,2.48005927,2.01030014,-0.06425741,-0.18692673
2024-09-30,22224.53906250,-0.02621283,0.00000000,0.00000000,-0.00000000,2.41504989,2.01030014,-0.08878588,-0.18692673
2024-10-01,22390.39062500,0.00746254,0.00000000,0.00000000,0.00000000,2.43307230,2.01030014,-0.08198591,-0.18692673
2024-10-04,22302.71093750,-0.00391595,0.00000000,0.00000000,-0.00000000,2.42354451,2.01030014,-0.08558081,-0.18692673
2024-10-07,22702.56054688,0.01792830,0.00000000,0.00000000,0.00000000,2.46699453,2.01030014,-0.06918683,-0.18692673
2024-10-08,22611.39062500,-0.00401584,0.00000000,0.00000000,-0.00000000,2.45708747,2.01030014,-0.07292483,-0.18692673
2024-10-09,22659.08007812,0.00210909,0.00000000,0.00000000,0.00000000,2.46226969,2.01030014,-0.07096954,-0.18692673
2024-10-11,22901.64062500,0.01070478,0.00000000,0.00000000,0.00000000,2.48862775,2.01030014,-0.06102447,-0.18692673
2024-10-14,22975.28906250,0.00321586,0.00000000,0.00000000,0.00000000,2.49663083,2.01030014,-0.05800486,-0.18692673
2024-10-15,23292.03906250,0.01378655,0.00000000,0.00000000,0.00000000,2.53105075,2.01030014,-0.04501800,-0.18692673
2024-10-16,23010.98046875,-0.01206672,0.00000000,0.00000000,-0.00000000,2.50050927,2.01030014,-0.05654150,-0.18692673
2024-10-17,23053.83984375,0.00186256,0.00000000,0.00000000,0.00000000,2.50516662,2.01030014,-0.05478425,-0.18692673
2024-10-18,23487.26953125,0.01880076,0.00000000,0.00000000,0.00000000,2.55226565,2.01030014,-0.03701348,-0.18692673
2024-10-21,23542.52929688,0.00235275,0.00000000,0.00000000,0.00000000,2.55827051,2.01030014,-0.03474781,-0.18692673
2024-10-22,23535.42968750,-0.00030157,0.00000000,0.00000000,-0.00000000,2.55749902,2.01030014,-0.03503889,-0.18692673
2024-10-23,23334.75976562,-0.00852629,0.00000000,0.00000000,-0.00000000,2.53569304,2.01030014,-0.04326643,-0.18692673
2024-10-24,23192.51953125,-0.00609564,0.00000000,0.00000000,-0.00000000,2.52023637,2.01030014,-0.04909833,-0.18692673
2024-10-25,23348.44921875,0.00672328,0.00000000,0.00000000,0.00000000,2.53718062,2.01030014,-0.04270516,-0.18692673
2024-10-28,23198.07031250,-0.00644064,0.00000000,0.00000000,-0.00000000,2.52083955,2.01030014,-0.04887075,-0.18692673
2024-10-29,22926.58984375,-0.01170272,0.00000000,0.00000000,-0.00000000,2.49133888,2.01030014,-0.06000155,-0.18692673
2024-10-30,22820.42968750,-0.00463044,0.00000000,0.00000000,-0.00000000,2.47980289,2.01030014,-0.06435415,-0.18692673
2024-11-01,22780.08007812,-0.00176814,0.00000000,0.00000000,-0.00000000,2.47541826,2.01030014,-0.06600850,-0.18692673
2024-11-04,22965.39062500,0.00813476,0.00000000,0.00000000,0.00000000,2.49555520,2.01030014,-0.05841070,-0.18692673
2024-11-05,23106.78906250,0.00615702,0.00000000,0.00000000,0.00000000,2.51092039,2.01030014,-0.05261331,-0.18692673
2024-11-06,23217.38085938,0.00478612,0.00000000,0.00000000,0.00000000,2.52293795,2.01030014,-0.04807901,-0.18692673
2024-11-07,23408.82031250,0.00824552,0.00000000,0.00000000,0.00000000,2.54374090,2.01030014,-0.04022992,-0.18692673
2024-11-08,23553.89062500,0.00619725,0.00000000,0.00000000,0.00000000,2.55950509,2.01030014,-0.03428199,-0.18692673
2024-11-11,23529.64062500,-0.00102955,0.00000000,0.00000000,-0.00000000,2.55686995,2.01030014,-0.03527625,-0.18692673
2024-11-12,22981.76953125,-0.02328430,0.00000000,0.00000000,-0.00000000,2.49733503,2.01030014,-0.05773916,-0.18692673
2024-11-13,22860.23046875,-0.00528850,0.00000000,0.00000000,-0.00000000,2.48412788,2.01030014,-0.06272230,-0.18692673
2024-11-14,22715.38085938,-0.00633631,0.00000000,0.00000000,-0.00000000,2.46838766,2.01030014,-0.06866119,-0.18692673
2024-11-15,22742.76953125,0.00120573,0.00000000,0.00000000,0.00000000,2.47136388,2.01030014,-0.06753824,-0.18692673
2024-11-18,22546.53906250,-0.00862826,0.00000000,0.00000000,-0.00000000,2.45004031,2.01030014,-0.07558376,-0.18692673
2024-11-19,22848.80078125,0.01340612,0.00000000,0.00000000,0.00000000,2.48288586,2.01030014,-0.06319093,-0.18692673
2024-11-20,22688.35937500,-0.00702187,0.00000000,0.00000000,-0.00000000,2.46545135,2.01030014,-0.06976908,-0.18692673
2024-11-21,22555.66015625,-0.00584878,0.00000000,0.00000000,-0.00000000,2.45103147,2.01030014,-0.07520980,-0.18692673
2024-11-22,22904.32031250,0.01545777,0.00000000,0.00000000,0.00000000,2.48891894,2.01030014,-0.06091460,-0.18692673
2024-11-25,22948.36914062,0.00192317,0.00000000,0.00000000,0.00000000,2.49370555,2.01030014,-0.05910859,-0.18692673
2024-11-26,22678.75976562,-0.01174852,0.00000000,0.00000000,-0.00000000,2.46440820,2.01030014,-0.07016267,-0.18692673
2024-11-27,22334.77929688,-0.01516752,0.00000000,0.00000000,-0.00000000,2.42702925,2.01030014,-0.08426599,-0.18692673
2024-11-28,22298.90039062,-0.00160641,0.00000000,0.00000000,-0.00000000,2.42313043,2.01030014,-0.08573704,-0.18692673
2024-11-29,22262.50000000,-0.00163239,0.00000000,0.00000000,-0.00000000,2.41917495,2.01030014,-0.08722947,-0.18692673
2024-12-02,22736.92968750,0.02131071,0.00000000,0.00000000,0.00000000,2.47072929,2.01030014,-0.06777768,-0.18692673
2024-12-03,23027.46093750,0.01277795,0.00000000,0.00000000,0.00000000,2.50230013,2.01030014,-0.05586579,-0.18692673
2024-12-04,23255.33007812,0.00989554,0.00000000,0.00000000,0.00000000,2.52706174,2.01030014,-0.04652308,-0.18692673
2024-12-05,23267.93945312,0.00054221,0.00000000,0.00000000,0.00000000,2.52843195,2.01030014,-0.04600609,-0.18692673
2024-12-06,23193.26953125,-0.00320913,0.00000000,0.00000000,-0.00000000,2.52031787,2.01030014,-0.04906758,-0.18692673
2024-12-09,23273.25000000,0.00344843,0.00000000,0.00000000,0.00000000,2.52900902,2.01030014,-0.04578835,-0.18692673
2024-12-10,23125.08007812,-0.00636653,0.00000000,0.00000000,-0.00000000,2.51290800,2.01030014,-0.05186337,-0.18692673
2024-12-11,22903.63085938,-0.00957615,0.00000000,0.00000000,-0.00000000,2.48884402,2.01030014,-0.06094287,-0.18692673
2024-12-12,23046.80078125,0.00625097,0.00000000,0.00000000,0.00000000,2.50440171,2.01030014,-0.05507285,-0.18692673
2024-12-13,23020.48046875,-0.00114204,0.00000000,0.00000000,-0.00000000,2.50154159,2.01030014,-0.05615200,-0.18692673
2024-12-16,23039.90039062,0.00084359,0.00000000,0.00000000,0.00000000,2.50365188,2.01030014,-0.05535577,-0.18692673
2024-12-17,23018.00976562,-0.00095012,0.00000000,0.00000000,-0.00000000,2.50127311,2.01030014,-0.05625330,-0.18692673
2024-12-18,23168.66992188,0.00654532,0.00000000,0.00000000,0.00000000,2.51764473,2.01030014,-0.05007617,-0.18692673
2024-12-19,22932.25000000,-0.01020429,0.00000000,0.00000000,-0.00000000,2.49195395,2.01030014,-0.05976948,-0.18692673
2024-12-20,22510.25000000,-0.01840203,0.00000000,0.00000000,-0.00000000,2.44609693,2.01030014,-0.07707163,-0.18692673
2024-12-23,23104.53906250,0.02640082,0.00000000,0.00000000,0.00000000,2.51067590,2.01030014,-0.05270556,-0.18692673
2024-12-24,23120.24023438,0.00067957,0.00000000,0.00000000,0.00000000,2.51238208,2.01030014,-0.05206181,-0.18692673
2024-12-25,23220.13085938,0.00432048,0.00000000,0.00000000,0.00000000,2.52323678,2.01030014,-0.04796626,-0.18692673
2024-12-26,23246.93945312,0.00115454,0.00000000,0.00000000,0.00000000,2.52614996,2.01030014,-0.04686710,-0.18692673
2024-12-27,23275.67968750,0.00123630,0.00000000,0.00000000,0.00000000,2.52927305,2.01030014,-0.04568874,-0.18692673
2024-12-30,23190.19921875,-0.00367252,0.00000000,0.00000000,-0.00000000,2.51998423,2.01030014,-0.04919347,-0.18692673
2024-12-31,23035.09960938,-0.00668815,0.00000000,0.00000000,-0.00000000,2.50313019,2.01030014,-0.05555261,-0.18692673
2025-01-02,22832.06054688,-0.00881433,0.00000000,0.00000000,-0.00000000,2.48106677,2.01030014,-0.06387728,-0.18692673
2025-01-03,22908.30078125,0.00333917,0.00000000,0.00000000,0.00000000,2.48935148,2.01030014,-0.06075140,-0.18692673
2025-01-06,23547.71093750,0.02791172,0.00000000,0.00000000,0.00000000,2.55883357,2.01030014,-0.03453536,-0.18692673
2025-01-07,23651.26953125,0.00439782,0.00000000,0.00000000,0.00000000,2.57008686,2.01030014,-0.03028942,-0.18692673
2025-01-08,23407.33007812,-0.01031401,0.00000000,0.00000000,-0.00000000,2.54357896,2.01030014,-0.04029102,-0.18692673
2025-01-09,23081.13085938,-0.01393577,0.00000000,0.00000000,-0.00000000,2.50813222,2.01030014,-0.05366531,-0.18692673
2025-01-10,23011.85937500,-0.00300122,0.00000000,0.00000000,-0.00000000,2.50060477,2.01030014,-0.05650546,-0.18692673
2025-01-13,22488.33007812,-0.02275041,0.00000000,0.00000000,-0.00000000,2.44371498,2.01030014,-0.07797035,-0.18692673
2025-01-14,22797.51953125,0.01374888,0.00000000,0.00000000,0.00000000,2.47731334,2.01030014,-0.06529347,-0.18692673
2025-01-15,22514.57031250,-0.01241140,0.00000000,0.00000000,-0.00000000,2.44656640,2.01030014,-0.07689449,-0.18692673
2025-01-16,23025.09960938,0.02267551,0.00000000,0.00000000,0.00000000,2.50204353,2.01030014,-0.05596261,-0.18692673
2025-01-17,23148.08007812,0.00534115,0.00000000,0.00000000,0.00000000,2.51540732,2.01030014,-0.05092037,-0.18692673
2025-01-20,23266.82031250,0.00512959,0.00000000,0.00000000,0.00000000,2.52831034,2.01030014,-0.04605197,-0.18692673
2025-01-21,23300.00976562,0.00142647,0.00000000,0.00000000,0.00000000,2.53191690,2.01030014,-0.04469119,-0.18692673
2025-01-22,23525.41015625,0.00967383,0.00000000,0.00000000,0.00000000,2.55641024,2.01030014,-0.03544970,-0.18692673
2025-02-03,22694.71093750,-0.03531072,0.00000000,0.00000000,-0.00000000,2.46614155,2.01030014,-0.06950866,-0.18692673
2025-02-04,22793.96093750,0.00437327,0.00000000,0.00000000,0.00000000,2.47692664,2.01030014,-0.06543938,-0.18692673
2025-02-05,23161.58007812,0.01612792,0.00000000,0.00000000,0.00000000,2.51687431,2.01030014,-0.05036686,-0.18692673
2025-02-06,23316.59960938,0.00669296,0.00000000,0.00000000,0.00000000,2.53371965,2.01030014,-0.04401100,-0.18692673
2025-02-07,23478.26953125,0.00693368,0.00000000,0.00000000,0.00000000,2.55128766,2.01030014,-0.03738248,-0.18692673
2025-02-10,23252.14062500,-0.00963141,0.00000000,0.00000000,-0.00000000,2.52671515,2.01030014,-0.04665385,-0.18692673
2025-02-11,23384.05078125,0.00567303,0.00000000,0.00000000,0.00000000,2.54104929,2.01030014,-0.04124548,-0.18692673
2025-02-12,23289.75000000,-0.00403270,0.00000000,0.00000000,-0.00000000,2.53080201,2.01030014,-0.04511185,-0.18692673
2025-02-13,23399.41015625,0.00470852,0.00000000,0.00000000,0.00000000,2.54271833,2.01030014,-0.04061574,-0.18692673
2025-02-14,23152.60937500,-0.01054731,0.00000000,0.00000000,-0.00000000,2.51589950,2.01030014,-0.05073466,-0.18692673
2025-02-17,23505.33007812,0.01523460,0.00000000,0.00000000,0.00000000,2.55422822,2.01030014,-0.03627299,-0.18692673
2025-02-18,23666.10937500,0.00684012,0.00000000,0.00000000,0.00000000,2.57169945,2.01030014,-0.02968098,-0.18692673
2025-02-19,23604.08007812,-0.00262102,0.00000000,0.00000000,-0.00000000,2.56495898,2.01030014,-0.03222420,-0.18692673
2025-02-20,23487.46093750,-0.00494063,0.00000000,0.00000000,-0.00000000,2.55228645,2.01030014,-0.03700563,-0.18692673
2025-02-21,23730.25000000,0.01033697,0.00000000,0.00000000,0.00000000,2.57866935,2.01030014,-0.02705119,-0.18692673
2025-02-24,23565.31054688,-0.00695060,0.00000000,0.00000000,-0.00000000,2.56074605,2.01030014,-0.03381377,-0.18692673
2025-02-25,23285.72070312,-0.01186447,0.00000000,0.00000000,-0.00000000,2.53036416,2.01030014,-0.04527705,-0.18692673
2025-02-26,23402.55078125,0.00501724,0.00000000,0.00000000,0.00000000,2.54305961,2.01030014,-0.04048698,-0.18692673
2025-02-27,23053.17968750,-0.01492876,0.00000000,0.00000000,-0.00000000,2.50509488,2.01030014,-0.05481132,-0.18692673
2025-03-03,22756.25000000,-0.01288021,0.00000000,0.00000000,-0.00000000,2.47282875,2.01030014,-0.06698554,-0.18692673
2025-03-04,22596.88085938,-0.00700331,0.00000000,0.00000000,-0.00000000,2.45551075,2.01030014,-0.07351973,-0.18692673
2025-03-05,22871.90039062,0.01217069,0.00000000,0.00000000,0.00000000,2.48539600,2.01030014,-0.06224383,-0.18692673
2025-03-06,22715.42968750,-0.00684118,0.00000000,0.00000000,-0.00000000,2.46839297,2.01030014,-0.06865919,-0.18692673
2025-03-07,22576.07031250,-0.00613501,0.00000000,0.00000000,-0.00000000,2.45324935,2.01030014,-0.07437297,-0.18692673
2025-03-10,22459.15039062,-0.00517893,0.00000000,0.00000000,-0.00000000,2.44054414,2.01030014,-0.07916673,-0.18692673
2025-03-11,22071.08984375,-0.01727851,0.00000000,0.00000000,-0.00000000,2.39837519,2.01030014,-0.09507735,-0.18692673
2025-03-12,22278.35937500,0.00939100,0.00000000,0.00000000,0.00000000,2.42089832,2.01030014,-0.08657923,-0.18692673
2025-03-13,21961.67968750,-0.01421468,0.00000000,0.00000000,-0.00000000,2.38648604,2.01030014,-0.09956321,-0.18692673
2025-03-14,21968.05078125,0.00029010,0.00000000,0.00000000,0.00000000,2.38717836,2.01030014,-0.09930199,-0.18692673
2025-03-17,22118.63085938,0.00685450,0.00000000,0.00000000,0.00000000,2.40354128,2.01030014,-0.09312816,-0.18692673
2025-03-18,22271.66992188,0.00691901,0.00000000,0.00000000,0.00000000,2.42017141,2.01030014,-0.08685350,-0.18692673
2025-03-19,21960.83007812,-0.01395674,0.00000000,0.00000000,-0.00000000,2.38639371,2.01030014,-0.09959804,-0.18692673
2025-03-20,22377.25976562,0.01896238,0.00000000,0.00000000,0.00000000,2.43164542,2.01030014,-0.08252428,-0.18692673
2025-03-21,22209.09960938,-0.00751478,0.00000000,0.00000000,-0.00000000,2.41337215,2.01030014,-0.08941890,-0.18692673
2025-03-24,22106.64062500,-0.00461338,0.00000000,0.00000000,-0.00000000,2.40223835,2.01030014,-0.09361976,-0.18692673
2025-03-25,22273.18945312,0.00753388,0.00000000,0.00000000,0.00000000,2.42033653,2.01030014,-0.08679120,-0.18692673
2025-03-26,22260.28906250,-0.00057919,0.00000000,0.00000000,-0.00000000,2.41893470,2.01030014,-0.08732012,-0.18692673
2025-03-27,21951.75976562,-0.01386008,0.00000000,0.00000000,-0.00000000,2.38540808,2.01030014,-0.09996993,-0.18692673
2025-03-28,21602.89062500,-0.01589254,0.00000000,0.00000000,-0.00000000,2.34749789,2.01030014,-0.11427369,-0.18692673
2025-03-31,20695.90039062,-0.04198467,0.00000000,0.00000000,-0.00000000,2.24893897,2.01030014,-0.15146062,-0.18692673
2025-04-01,21280.16992188,0.02823117,0.00000000,0.00000000,0.00000000,2.31242915,2.01030014,-0.12750536,-0.18692673
2025-04-02,21298.22070312,0.00084824,0.00000000,0.00000000,0.00000000,2.31439066,2.01030014,-0.12676527,-0.18692673
2025-04-07,19232.34960938,-0.09699736,0.00000000,0.00000000,-0.00000000,2.08990088,2.01030014,-0.21146673,-0.18692673
2025-04-08,18459.94921875,-0.04016152,0.00000000,0.00000000,-0.00000000,2.00596729,2.01030014,-0.24313542,-0.18692673
2025-04-09,17391.75976562,-0.05786524,0.00000000,0.00000000,-0.00000000,1.88989150,2.01030014,-0.28693158,-0.18692673
2025-04-10,19000.02929688,0.09247308,0.00000000,0.00000000,0.00000000,2.06465558,2.01030014,-0.22099194,-0.18692673
2025-04-11,19528.76953125,0.02782839,0.00000000,0.00000000,0.00000000,2.12211162,2.01030014,-0.19931340,-0.18692673
2025-04-14,19513.08984375,-0.00080290,0.00000000,0.00000000,-0.00000000,2.12040778,2.01030014,-0.19995628,-0.18692673
2025-04-15,19857.66992188,0.01765892,0.00000000,0.00000000,0.00000000,2.15785189,2.01030014,-0.18582837,-0.18692673
2025-04-16,19468.00000000,-0.01962314,0.00000000,0.00000000,-0.00000000,2.11550805,2.01030014,-0.20180498,-0.18692673
2025-04-17,19338.73046875,-0.00664010,0.00000000,0.00000000,-0.00000000,2.10146086,2.01030014,-0.20710507,-0.18692673
2025-04-18,19395.02929688,0.00291120,0.00000000,0.00000000,0.00000000,2.10757862,2.01030014,-0.20479680,-0.18692673
2025-04-21,19106.19921875,-0.01489196,0.00000000,0.00000000,-0.00000000,2.07619263,2.01030014,-0.21663894,-0.18692673
2025-04-22,18793.42968750,-0.01637005,0.00000000,0.00000000,-0.00000000,2.04220525,2.01030014,-0.22946260,-0.18692673
2025-04-23,19639.14062500,0.04500035,0.00000000,0.00000000,0.00000000,2.13410520,2.01030014,-0.19478815,-0.18692673
2025-04-24,19478.81054688,-0.00816380,0.00000000,0.00000000,-0.00000000,2.11668279,2.01030014,-0.20136174,-0.18692673
2025-04-25,19872.73046875,0.02022300,0.00000000,0.00000000,0.00000000,2.15948846,2.01030014,-0.18521088,-0.18692673
2025-04-28,20034.41015625,0.00813576,0.00000000,0.00000000,0.00000000,2.17705753,2.01030014,-0.17858196,-0.18692673
2025-04-29,20232.63085938,0.00989401,0.00000000,0.00000000,0.00000000,2.19859736,2.01030014,-0.17045484,-0.18692673
2025-04-30,20235.02929688,0.00011854,0.00000000,0.00000000,0.00000000,2.19885799,2.01030014,-0.17035650,-0.18692673
2025-05-02,20787.64062500,0.02730964,0.00000000,0.00000000,0.00000000,2.25890801,2.01030014,-0.14769924,-0.18692673
2025-05-05,20532.99023438,-0.01225009,0.00000000,0.00000000,-0.00000000,2.23123619,2.01030014,-0.15813999,-0.18692673
2025-05-06,20522.58984375,-0.00050652,0.00000000,0.00000000,-0.00000000,2.23010602,2.01030014,-0.15856641,-0.18692673
2025-05-07,20546.49023438,0.00116459,0.00000000,0.00000000,0.00000000,2.23270318,2.01030014,-0.15758649,-0.18692673
2025-05-08,20543.40039062,-0.00015038,0.00000000,0.00000000,-0.00000000,2.23236742,2.01030014,-0.15771317,-0.18692673
2025-05-09,20915.03906250,0.01809042,0.00000000,0.00000000,0.00000000,2.27275187,2.01030014,-0.14247585,-0.18692673
2025-05-12,21129.53906250,0.01025578,0.00000000,0.00000000,0.00000000,2.29606071,2.01030014,-0.13368128,-0.18692673
2025-05-13,21330.14062500,0.00949389,0.00000000,0.00000000,0.00000000,2.31785926,2.01030014,-0.12545654,-0.18692673
2025-05-14,21782.86914062,0.02122483,0.00000000,0.00000000,0.00000000,2.36705542,2.01030014,-0.10689451,-0.18692673
2025-05-15,21730.25000000,-0.00241562,0.00000000,0.00000000,-0.00000000,2.36133752,2.01030014,-0.10905191,-0.18692673
2025-05-16,21843.68945312,0.00522035,0.00000000,0.00000000,0.00000000,2.37366452,2.01030014,-0.10440085,-0.18692673
2025-05-19,21523.83007812,-0.01464310,0.00000000,0.00000000,-0.00000000,2.33890671,2.01030014,-0.11751520,-0.18692673
2025-05-20,21526.02929688,0.00010218,0.00000000,0.00000000,0.00000000,2.33914569,2.01030014,-0.11742503,-0.18692673
2025-05-21,21803.91015625,0.01290906,0.00000000,0.00000000,0.00000000,2.36934186,2.01030014,-0.10603182,-0.18692673
2025-05-22,21670.96093750,-0.00609749,0.00000000,0.00000000,-0.00000000,2.35489482,2.01030014,-0.11148278,-0.18692673
2025-05-23,21652.24023438,-0.00086386,0.00000000,0.00000000,-0.00000000,2.35286051,2.01030014,-0.11225034,-0.18692673
2025-05-26,21536.57031250,-0.00534217,0.00000000,0.00000000,-0.00000000,2.34029114,2.01030014,-0.11699285,-0.18692673
2025-05-27,21336.53906250,-0.00928798,0.00000000,0.00000000,-0.00000000,2.31855456,2.01030014,-0.12519420,-0.18692673
2025-05-28,21357.72070312,0.00099274,0.00000000,0.00000000,0.00000000,2.32085628,2.01030014,-0.12432575,-0.18692673
2025-05-29,21347.30078125,-0.00048788,0.00000000,0.00000000,-0.00000000,2.31972399,2.01030014,-0.12475297,-0.18692673
2025-06-02,21002.71093750,-0.01614208,0.00000000,0.00000000,-0.00000000,2.28227882,2.01030014,-0.13888127,-0.18692673
2025-06-03,21126.92968750,0.00591442,0.00000000,0.00000000,0.00000000,2.29577716,2.01030014,-0.13378826,-0.18692673
2025-06-04,21618.08984375,0.02324806,0.00000000,0.00000000,0.00000000,2.34914953,2.01030014,-0.11365052,-0.18692673
2025-06-05,21674.42968750,0.00260614,0.00000000,0.00000000,0.00000000,2.35527175,2.01030014,-0.11134056,-0.18692673
2025-06-06,21660.66015625,-0.00063529,0.00000000,0.00000000,-0.00000000,2.35377547,2.01030014,-0.11190512,-0.18692673
2025-06-09,21790.28906250,0.00598453,1.00000000,0.00000000,0.00000000,2.36786172,2.01030014,-0.10659029,-0.18692673
2025-06-10,22242.14062500,0.02073637,1.00000000,1.00000000,0.02073637,2.41696258,2.05198647,-0.08806421,-0.17006654
2025-06-11,22470.09960938,0.01024897,1.00000000,1.00000000,0.01024897,2.44173395,2.07301721,-0.07871781,-0.16156058
2025-06-12,22287.82031250,-0.00811208,1.00000000,1.00000000,-0.00811208,2.42192640,2.05620073,-0.08619133,-0.16836207
2025-06-13,22072.94921875,-0.00964074,1.00000000,1.00000000,-0.00964074,2.39857724,2.03637743,-0.09500112,-0.17637967
2025-06-16,22049.90039062,-0.00104421,1.00000000,1.00000000,-0.00104421,2.39607262,2.03425102,-0.09594613,-0.17723971
2025-06-17,22211.58984375,0.00733289,1.00000000,1.00000000,0.00733289,2.41364275,2.04916796,-0.08931680,-0.17120650
2025-06-18,22356.73046875,0.00653445,1.00000000,1.00000000,0.00653445,2.42941459,2.06255815,-0.08336599,-0.16579078
2025-06-19,22003.50000000,-0.01579974,1.00000000,1.00000000,-0.01579974,2.39103048,2.02997027,-0.09784856,-0.17897107
2025-06-20,22045.74023438,0.00191971,1.00000000,1.00000000,0.00191971,2.39562055,2.03386722,-0.09611670,-0.17739494
2025-06-23,21732.01953125,-0.01423045,1.00000000,1.00000000,-0.01423045,2.36152980,2.00492438,-0.10897936,-0.18910097
2025-06-24,22188.75976562,0.02101693,1.00000000,1.00000000,0.02101693,2.41116190,2.04706173,-0.09025284,-0.17205837
2025-06-25,22430.60937500,0.01089965,1.00000000,1.00000000,0.01089965,2.43744271,2.06937398,-0.08033692,-0.16303410
2025-06-26,22492.33984375,0.00275206,1.00000000,1.00000000,0.00275206,2.44415071,2.07506903,-0.07780595,-0.16073072
2025-06-27,22580.08007812,0.00390089,1.00000000,1.00000000,0.00390089,2.45368508,2.08316365,-0.07420857,-0.15745682
2025-06-30,22256.01953125,-0.01435161,1.00000000,1.00000000,-0.01435161,2.41847074,2.05326689,-0.08749517,-0.16954867
2025-07-01,22553.72070312,0.01337621,1.00000000,1.00000000,0.01337621,2.45082071,2.08073182,-0.07528931,-0.15844038
2025-07-02,22577.74023438,0.00106499,1.00000000,1.00000000,0.00106499,2.45343082,2.08294778,-0.07430451,-0.15754412
2025-07-03,22712.97070312,0.00598955,1.00000000,1.00000000,0.00598955,2.46812576,2.09542370,-0.06876001,-0.15249819
2025-07-04,22547.50000000,-0.00728530,1.00000000,1.00000000,-0.00728530,2.45014474,2.08015792,-0.07554437,-0.15867249
2025-07-07,22428.72070312,-0.00526796,1.00000000,1.00000000,-0.00526796,2.43723747,2.06919973,-0.08041436,-0.16310457
2025-07-08,22362.26953125,-0.00296277,1.00000000,1.00000000,-0.00296277,2.43001650,2.06306917,-0.08313888,-0.16558410
2025-07-09,22527.00976562,0.00736688,1.00000000,1.00000000,0.00736688,2.44791815,2.07826756,-0.07638447,-0.15943706
2025-07-10,22693.25000000,0.00737960,1.00000000,1.00000000,0.00737960,2.46598279,2.09360433,-0.06956856,-0.15323404
2025-07-11,22751.02929688,0.00254610,1.00000000,1.00000000,0.00254610,2.47226143,2.09893486,-0.06719959,-0.15107809
2025-07-14,22614.97070312,-0.00598033,1.00000000,1.00000000,-0.00598033,2.45747650,2.08638254,-0.07277804,-0.15615492
2025-07-15,22835.93945312,0.00977091,1.00000000,1.00000000,0.00977091,2.48148827,2.10676839,-0.06371824,-0.14790979
2025-07-16,23042.90039062,0.00906295,1.00000000,1.00000000,0.00906295,2.50397787,2.12586192,-0.05523277,-0.14018734
2025-07-17,23113.27929688,0.00305426,1.00000000,1.00000000,0.00305426,2.51162566,2.13235485,-0.05234721,-0.13756125
2025-07-18,23383.13085938,0.01167517,1.00000000,1.00000000,0.01167517,2.54094933,2.15725046,-0.04128320,-0.12749213
2025-07-21,23340.56054688,-0.00182056,1.00000000,1.00000000,-0.00182056,2.53632339,2.15332307,-0.04302860,-0.12908058
2025-07-22,22987.91992188,-0.01510849,1.00000000,1.00000000,-0.01510849,2.49800337,2.12078961,-0.05748699,-0.14223886
2025-07-23,23318.66992188,0.01438799,1.00000000,1.00000000,0.01438799,2.53394462,2.15130351,-0.04392612,-0.12989740
2025-07-24,23373.73046875,0.00236122,1.00000000,1.00000000,0.00236122,2.53992783,2.15638321,-0.04166862,-0.12784289
2025-07-25,23364.38085938,-0.00040001,1.00000000,1.00000000,-0.00040001,2.53891184,2.15552065,-0.04205196,-0.12819176
2025-07-28,23412.98046875,0.00208007,1.00000000,1.00000000,0.00208007,2.54419296,2.16000429,-0.04005935,-0.12637834
2025-07-29,23201.51953125,-0.00903178,1.00000000,1.00000000,-0.00903178,2.52121437,2.14049560,-0.04872933,-0.13426870
2025-07-30,23461.72070312,0.01121483,1.00000000,1.00000000,0.01121483,2.54948937,2.16450090,-0.03806099,-0.12455967
2025-07-31,23542.51953125,0.00344386,1.00000000,1.00000000,0.00344386,2.55826944,2.17195514,-0.03474821,-0.12154477
2025-08-01,23434.38085938,-0.00459333,1.00000000,1.00000000,-0.00459333,2.54651846,2.16197862,-0.03918193,-0.12557981
2025-08-04,23378.93945312,-0.00236581,1.00000000,1.00000000,-0.00236581,2.54049387,2.15686378,-0.04145505,-0.12764853
2025-08-05,23660.58984375,0.01204718,1.00000000,1.00000000,0.01204718,2.57109966,2.18284791,-0.02990728,-0.11713915
2025-08-06,23447.35937500,-0.00901205,1.00000000,1.00000000,-0.00901205,2.54792878,2.16317597,-0.03864981,-0.12509554
2025-08-07,24003.76953125,0.02373018,1.00000000,1.00000000,0.02373018,2.60839160,2.21450854,-0.01583679,-0.10433389
2025-08-08,24021.25976562,0.00072865,1.00000000,1.00000000,0.00072865,2.61029219,2.21612213,-0.01511968,-0.10368127
2025-08-11,24135.50000000,0.00475580,1.00000000,1.00000000,0.00475580,2.62270621,2.22666156,-0.01043579,-0.09941856
2025-08-12,24158.35937500,0.00094713,1.00000000,1.00000000,0.00094713,2.62519024,2.22877049,-0.00949855,-0.09856560
2025-08-13,24370.01953125,0.00876136,1.00000000,1.00000000,0.00876136,2.64819049,2.24829755,-0.00082041,-0.09066780
2025-08-14,24238.09960938,-0.00541321,1.00000000,1.00000000,-0.00541321,2.63385529,2.23612706,-0.00622917,-0.09559020
2025-08-15,24334.48046875,0.00397642,1.00000000,1.00000000,0.00397642,2.64432860,2.24501884,-0.00227752,-0.09199389
2025-08-18,24482.51953125,0.00608351,1.00000000,1.00000000,0.00608351,2.66041541,2.25867643,0.00000000,-0.08647003
2025-08-19,24353.50000000,-0.00526986,1.00000000,1.00000000,-0.00526986,2.64639538,2.24677352,-0.00526986,-0.09128420
2025-08-20,23625.43945312,-0.02989552,1.00000000,1.00000000,-0.02989552,2.56728001,2.17960505,-0.03500784,-0.11845074
2025-08-21,23962.13085938,0.01425122,1.00000000,1.00000000,0.01425122,2.60386689,2.21066709,-0.02125552,-0.10588758
2025-08-22,23764.47070312,-0.00824886,1.00000000,1.00000000,-0.00824886,2.58238797,2.19243162,-0.02932904,-0.11326298
2025-08-25,24277.38085938,0.02158307,1.00000000,1.00000000,0.02158307,2.63812382,2.23975102,-0.00837899,-0.09412448
2025-08-26,24305.09960938,0.00114175,1.00000000,1.00000000,0.00114175,2.64113591,2.24230826,-0.00724680,-0.09309020
2025-08-27,24519.90039062,0.00883768,1.00000000,1.00000000,0.00883768,2.66447743,2.26212507,0.00000000,-0.08507521
2025-08-28,24236.44921875,-0.01156005,1.00000000,1.00000000,-0.01156005,2.63367595,2.23597480,-0.01156005,-0.09565179
2025-08-29,24233.09960938,-0.00013821,1.00000000,1.00000000,-0.00013821,2.63331196,2.23566577,-0.01169665,-0.09577677
2025-09-01,24071.73046875,-0.00665904,1.00000000,1.00000000,-0.00665904,2.61577664,2.22077839,-0.01827780,-0.10179803
2025-09-02,24016.77929688,-0.00228281,1.00000000,1.00000000,-0.00228281,2.60980532,2.21570878,-0.02051889,-0.10384845
2025-09-03,24100.30078125,0.00347763,1.00000000,1.00000000,0.00347763,2.61888125,2.22341419,-0.01711261,-0.10073197
2025-09-04,24179.84960938,0.00330074,1.00000000,1.00000000,0.00330074,2.62752550,2.23075311,-0.01386836,-0.09776372
2025-09-05,24494.58007812,0.01301623,1.00000000,1.00000000,0.01301623,2.66172598,2.25978910,-0.00103264,-0.08602000
2025-09-08,24547.38085938,0.00215561,1.00000000,1.00000000,0.00215561,2.66746362,2.26466033,0.00000000,-0.08404982
2025-09-09,24855.17968750,0.01253897,1.00000000,1.00000000,0.01253897,2.70091086,2.29305683,0.00000000,-0.07256475
2025-09-10,25192.58984375,0.01357504,1.00000000,1.00000000,0.01357504,2.73757585,2.32418518,0.00000000,-0.05997477
2025-09-11,25215.71093750,0.00091777,1.00000000,1.00000000,0.00091777,2.74008832,2.32631825,0.00000000,-0.05911204
2025-09-12,25474.64062500,0.01026859,1.00000000,1.00000000,0.01026859,2.76822515,2.35020625,0.00000000,-0.04945046
2025-09-15,25357.16015625,-0.00461166,1.00000000,1.00000000,-0.00461166,2.75545903,2.33936789,-0.00461166,-0.05383407
2025-09-16,25629.64062500,0.01074570,1.00000000,1.00000000,0.01074570,2.78506837,2.36450604,0.00000000,-0.04366685
2025-09-17,25438.25000000,-0.00746755,1.00000000,1.00000000,-0.00746755,2.76427073,2.34684897,-0.00746755,-0.05080832
2025-09-18,25769.35937500,0.01301620,1.00000000,1.00000000,0.01301620,2.80025104,2.37739603,0.00000000,-0.03845345
2025-09-19,25578.36914062,-0.00741152,1.00000000,1.00000000,-0.00741152,2.77949691,2.35977590,-0.00741152,-0.04557998
2025-09-22,25880.59960938,0.01181586,1.00000000,1.00000000,0.01181586,2.81233906,2.38765869,0.00000000,-0.03430268
2025-09-23,26247.36914062,0.01417160,1.00000000,1.00000000,0.01417160,2.85219440,2.42149563,0.00000000,-0.02061720
2025-09-24,26196.73046875,-0.00192929,1.00000000,1.00000000,-0.00192929,2.84669171,2.41682388,-0.00192929,-0.02250671
2025-09-25,26023.84960938,-0.00659933,1.00000000,1.00000000,-0.00659933,2.82790545,2.40087446,-0.00851588,-0.02895751
2025-09-26,25580.32031250,-0.01704319,1.00000000,1.00000000,-0.01704319,2.77970893,2.35995591,-0.02541393,-0.04550717
2025-09-30,25820.53906250,0.00939076,1.00000000,1.00000000,0.00939076,2.80581252,2.38211770,-0.01626182,-0.03654375
2025-10-01,25982.91015625,0.00628845,1.00000000,1.00000000,0.00628845,2.82345673,2.39709752,-0.01007564,-0.03048511
2025-10-02,26378.39062500,0.01522079,1.00000000,1.00000000,0.01522079,2.86643197,2.43358324,0.00000000,-0.01572833
2025-10-03,26761.06054688,0.01450695,1.00000000,1.00000000,0.01450695,2.90801515,2.46888711,0.00000000,-0.00144955
2025-10-07,27211.94921875,0.01684868,1.00000000,1.00000000,0.01684868,2.95701138,2.51048461,0.00000000,0.00000000
2025-10-08,27063.67968750,-0.00544869,1.00000000,1.00000000,-0.00544869,2.94089954,2.49680575,-0.00544869,-0.00544869
2025-10-09,27301.91992188,0.00880295,1.00000000,1.00000000,0.00880295,2.96678813,2.51878501,0.00000000,0.00000000
2025-10-13,26923.41992188,-0.01386349,1.00000000,1.00000000,-0.01386349,2.92565808,2.48386585,-0.01386349,-0.01386349
2025-10-14,26793.15039062,-0.00483852,1.00000000,1.00000000,-0.00483852,2.91150222,2.47184761,-0.01863494,-0.01863494
2025-10-15,27275.71093750,0.01801059,1.00000000,1.00000000,0.01801059,2.96394011,2.51636705,-0.00095997,-0.00095997
2025-10-16,27647.86914062,0.01364431,1.00000000,1.00000000,0.01364431,3.00438102,2.55070114,0.00000000,0.00000000
2025-10-17,27302.36914062,-0.01249644,1.00000000,1.00000000,-0.01249644,2.96683695,2.51882645,-0.01249644,-0.01249644
2025-10-20,27688.63085938,0.01414755,1.00000000,1.00000000,0.01414755,3.00881043,2.55446168,0.00000000,0.00000000
2025-10-21,27752.41015625,0.00230345,1.00000000,1.00000000,0.00230345,3.01574106,2.56034575,0.00000000,0.00000000
2025-10-22,27648.91015625,-0.00372941,1.00000000,1.00000000,-0.00372941,3.00449414,2.55079718,-0.00372941,-0.00372941
2025-10-23,27532.25976562,-0.00421899,1.00000000,1.00000000,-0.00421899,2.99181822,2.54003540,-0.00793266,-0.00793266
2025-10-27,27993.63085938,0.01675747,1.00000000,1.00000000,0.01675747,3.04195353,2.58259997,0.00000000,0.00000000
2025-10-28,27949.10937500,-0.00159041,1.00000000,1.00000000,-0.00159041,3.03711557,2.57849257,-0.00159041,-0.00159041
2025-10-29,28294.74023438,0.01236644,1.00000000,1.00000000,0.01236644,3.07467386,2.61037933,0.00000000,0.00000000
2025-10-30,28287.52929688,-0.00025485,1.00000000,1.00000000,-0.00025485,3.07389028,2.60971407,-0.00025485,-0.00025485
2025-10-31,28233.34960938,-0.00191532,1.00000000,1.00000000,-0.00191532,3.06800279,2.60471563,-0.00216968,-0.00216968
2025-11-03,28334.58984375,0.00358584,1.00000000,1.00000000,0.00358584,3.07900415,2.61405572,0.00000000,0.00000000
2025-11-04,28116.56054688,-0.00769481,1.00000000,1.00000000,-0.00769481,3.05531180,2.59394106,-0.00769481,-0.00769481
2025-11-05,27717.06054688,-0.01420871,1.00000000,1.00000000,-0.01420871,3.01189977,2.55708451,-0.02179419,-0.02179419
2025-11-06,27899.44921875,0.00658038,1.00000000,1.00000000,0.00658038,3.03171920,2.57391109,-0.01535722,-0.01535722
2025-11-07,27651.41015625,-0.00889046,1.00000000,1.00000000,-0.00889046,3.00476581,2.55102782,-0.02411115,-0.02411115
2025-11-10,27869.50976562,0.00788747,1.00000000,1.00000000,0.00788747,3.02846580,2.57114897,-0.01641386,-0.01641386
2025-11-11,27784.94921875,-0.00303416,1.00000000,1.00000000,-0.00303416,3.01927695,2.56334769,-0.01939822,-0.01939822
2025-11-12,27947.08984375,0.00583556,1.00000000,1.00000000,0.00583556,3.03689611,2.57830625,-0.01367586,-0.01367586
2025-11-13,27903.56054688,-0.00155756,1.00000000,1.00000000,-0.00155756,3.03216596,2.57429038,-0.01521212,-0.01521212
2025-11-14,27397.50000000,-0.01813606,1.00000000,1.00000000,-0.01813606,2.97717443,2.52760291,-0.03307229,-0.03307229
2025-11-17,27447.31054688,0.00181807,1.00000000,1.00000000,0.00181807,2.98258714,2.53219827,-0.03131435,-0.03131435
2025-11-18,26756.11914062,-0.02518248,1.00000000,1.00000000,-0.02518248,2.90747819,2.46843123,-0.05570826,-0.05570826
2025-11-19,26580.11914062,-0.00657793,1.00000000,1.00000000,-0.00657793,2.88835299,2.45219405,-0.06191975,-0.06191975
2025-11-20,27426.35937500,0.03183734,1.00000000,1.00000000,0.03183734,2.98031046,2.53026538,-0.03205377,-0.03205377
2025-11-21,26434.93945312,-0.03614843,1.00000000,1.00000000,-0.03614843,2.87257690,2.43880025,-0.06704351,-0.06704351
2025-11-24,26504.24023438,0.00262156,1.00000000,1.00000000,0.00262156,2.88010754,2.44519371,-0.06459771,-0.06459771
2025-11-25,26912.16992188,0.01539111,1.00000000,1.00000000,0.01539111,2.92443559,2.48282796,-0.05020083,-0.05020083
2025-11-26,27409.53906250,0.01848120,1.00000000,1.00000000,0.01848120,2.97848266,2.52871359,-0.03264740,-0.03264740
2025-11-27,27554.52929688,0.00528977,1.00000000,1.00000000,0.00528977,2.99423816,2.54208991,-0.02753033,-0.02753033
2025-11-28,27626.48046875,0.00261123,1.00000000,1.00000000,0.00261123,3.00205680,2.54872789,-0.02499099,-0.02499099
2025-12-01,27342.52929688,-0.01027822,1.00000000,1.00000000,-0.01027822,2.97120099,2.52253149,-0.03501235,-0.03501235
2025-12-02,27564.26953125,0.00810972,1.00000000,1.00000000,0.00810972,2.99529659,2.54298852,-0.02718657,-0.02718657
2025-12-03,27793.03906250,0.00829950,1.00000000,1.00000000,0.00829950,3.02015604,2.56409404,-0.01911271,-0.01911271
2025-12-04,27795.71093750,0.00009613,1.00000000,1.00000000,0.00009613,3.02044638,2.56434054,-0.01901841,-0.01901841
2025-12-05,27980.89062500,0.00666217,1.00000000,1.00000000,0.00666217,3.04056910,2.58142460,-0.01248295,-0.01248295
2025-12-08,28303.77929688,0.01153961,1.00000000,1.00000000,0.01153961,3.07565610,2.61121325,-0.00108738,-0.00108738
2025-12-09,28182.59960938,-0.00428140,1.00000000,1.00000000,-0.00428140,3.06248800,2.60003361,-0.00536412,-0.00536412
2025-12-10,28400.73046875,0.00773991,1.00000000,1.00000000,0.00773991,3.08619138,2.62015764,0.00000000,0.00000000
2025-12-11,28024.75000000,-0.01323841,1.00000000,1.00000000,-0.01323841,3.04533512,2.58547092,-0.01323841,-0.01323841
2025-12-12,28198.01953125,0.00618273,1.00000000,1.00000000,0.00618273,3.06416362,2.60145620,-0.00713753,-0.00713753
2025-12-15,27866.93945312,-0.01174125,1.00000000,1.00000000,-0.01174125,3.02818650,2.57091184,-0.01879497,-0.01879497
2025-12-16,27536.66015625,-0.01185201,1.00000000,1.00000000,-0.01185201,2.99229639,2.54044137,-0.03042423,-0.03042423
2025-12-17,27525.16992188,-0.00041727,1.00000000,1.00000000,-0.00041727,2.99104780,2.53938131,-0.03082880,-0.03082880
2025-12-18,27468.52929688,-0.00205778,1.00000000,1.00000000,-0.00205778,2.98489289,2.53415584,-0.03282314,-0.03282314
2025-12-19,27696.34960938,0.00829387,1.00000000,1.00000000,0.00829387,3.00964919,2.55517379,-0.02480151,-0.02480151
2025-12-22,28149.64062500,0.01636645,1.00000000,1.00000000,0.01636645,3.05890648,2.59699292,-0.00884096,-0.00884096
2025-12-23,28310.47070312,0.00571340,1.00000000,1.00000000,0.00571340,3.07638322,2.61183057,-0.00317808,-0.00317808
2025-12-24,28371.98046875,0.00217269,1.00000000,1.00000000,0.00217269,3.08306724,2.61750526,-0.00101230,-0.00101230
2025-12-26,28556.01953125,0.00648665,1.00000000,1.00000000,0.00648665,3.10306601,2.63448410,0.00000000,0.00000000
2025-12-29,28810.89062500,0.00892530,1.00000000,1.00000000,0.00892530,3.13076181,2.65799766,0.00000000,0.00000000
2025-12-30,28707.13085938,-0.00360141,1.00000000,1.00000000,-0.00360141,3.11948666,2.64842513,-0.00360141,-0.00360141
2025-12-31,28963.59960938,0.00893397,1.00000000,1.00000000,0.00893397,3.14735608,2.67208609,0.00000000,0.00000000
2026-01-02,29349.81054688,0.01333436,1.00000000,1.00000000,0.01333436,3.18932404,2.70771664,0.00000000,0.00000000
2026-01-05,30105.03906250,0.02573197,1.00000000,1.00000000,0.02573197,3.27139164,2.77739153,0.00000000,0.00000000
2026-01-06,30576.30078125,0.01565391,1.00000000,1.00000000,0.01565391,3.32260173,2.82086858,0.00000000,0.00000000
2026-01-07,30435.47070312,-0.00460586,1.00000000,1.00000000,-0.00460586,3.30729830,2.80787606,-0.00460586,-0.00460586
2026-01-08,30360.55078125,-0.00246160,1.00000000,1.00000000,-0.00246160,3.29915705,2.80096419,-0.00705612,-0.00705612
2026-01-09,30288.96093750,-0.00235799,1.00000000,1.00000000,-0.00235799,3.29137768,2.79435955,-0.00939747,-0.00939747
2026-01-12,30567.28906250,0.00918909,1.00000000,1.00000000,0.00918909,3.32162246,2.82003718,-0.00029473,-0.00029473
2026-01-13,30707.22070312,0.00457782,1.00000000,1.00000000,0.00457782,3.33682826,2.83294682,0.00000000,0.00000000
2026-01-14,30941.77929688,0.00763855,1.00000000,1.00000000,0.00763855,3.36231678,2.85458642,0.00000000,0.00000000
2026-01-15,30810.58007812,-0.00424020,1.00000000,1.00000000,-0.00424020,3.34805990,2.84248241,-0.00424020,-0.00424020
2026-01-16,31408.69921875,0.01941278,1.00000000,1.00000000,0.01941278,3.41305506,2.89766291,0.00000000,0.00000000
2026-01-19,31639.28906250,0.00734159,1.00000000,1.00000000,0.00734159,3.43811232,2.91893637,0.00000000,0.00000000
2026-01-20,31759.99023438,0.00381491,1.00000000,1.00000000,0.00381491,3.45122842,2.93007186,0.00000000,0.00000000
2026-01-21,31246.36914062,-0.01617195,1.00000000,1.00000000,-0.01617195,3.39541532,2.88268687,-0.01617195,-0.01617195
2026-01-22,31746.08007812,0.01599261,1.00000000,1.00000000,0.01599261,3.44971686,2.92878855,-0.00043798,-0.00043798
2026-01-23,31961.50976562,0.00678602,1.00000000,1.00000000,0.00678602,3.47312673,2.94866338,0.00000000,0.00000000
2026-01-26,32064.51953125,0.00322293,1.00000000,1.00000000,0.00322293,3.48432038,2.95816672,0.00000000,0.00000000
2026-01-27,32317.91992188,0.00790283,1.00000000,1.00000000,0.00790283,3.51185636,2.98154461,0.00000000,0.00000000
2026-01-28,32803.82031250,0.01503501,1.00000000,1.00000000,0.01503501,3.56465717,3.02637217,0.00000000,0.00000000
2026-01-29,32536.26953125,-0.00815609,1.00000000,1.00000000,-0.00815609,3.53558352,3.00168882,-0.00815609,-0.00815609
2026-01-30,32063.75000000,-0.01452286,1.00000000,1.00000000,-0.01452286,3.48423676,2.95809573,-0.02256049,-0.02256049
2026-02-02,31624.02929688,-0.01371395,1.00000000,1.00000000,-0.01371395,3.43645410,2.91752855,-0.03596505,-0.03596505
2026-02-03,32195.35937500,0.01806633,1.00000000,1.00000000,0.01806633,3.49853821,2.97023758,-0.01854848,-0.01854848
2026-02-04,32289.81054688,0.00293369,1.00000000,1.00000000,0.00293369,3.50880183,2.97895133,-0.01566920,-0.01566920
2026-02-05,31801.26953125,-0.01512988,1.00000000,1.00000000,-0.01512988,3.45571408,2.93388015,-0.03056201,-0.03056201
2026-02-06,31782.91992188,-0.00057701,1.00000000,1.00000000,-0.00057701,3.45372010,2.93218727,-0.03112139,-0.03112139
2026-02-09,32404.61914062,0.01956080,1.00000000,1.00000000,0.01956080,3.52127761,2.98954319,-0.01216935,-0.01216935
2026-02-10,33072.96875000,0.02062513,1.00000000,1.00000000,0.02062513,3.59390444,3.05120292,0.00000000,0.00000000
2026-02-11,33605.71093750,0.01610808,1.00000000,1.00000000,0.01610808,3.65179535,3.10035196,0.00000000,0.00000000
2026-02-23,33773.26171875,0.00498578,1.00000000,1.00000000,0.00498578,3.67000241,3.11580964,0.00000000,0.00000000
2026-02-24,34700.82031250,0.02746429,1.00000000,1.00000000,0.02746429,3.77079642,3.20138313,0.00000000,0.00000000
2026-02-25,35413.07031250,0.02052545,1.00000000,1.00000000,0.02052545,3.84819372,3.26709297,0.00000000,0.00000000
2026-02-26,35414.48828125,0.00004004,1.00000000,1.00000000,0.00004004,3.84834780,3.26722378,0.00000000,0.00000000
2026-03-02,35095.08984375,-0.00901886,1.00000000,1.00000000,-0.00901886,3.81364008,3.23775714,-0.00901886,-0.00901886
2026-03-03,34323.64843750,-0.02198146,1.00000000,1.00000000,-0.02198146,3.72981069,3.16658650,-0.03080208,-0.03080208
2026-03-04,32828.87890625,-0.04354926,1.00000000,1.00000000,-0.04354926,3.56738019,3.02868400,-0.07300993,-0.07300993
2026-03-05,33672.94140625,0.02571098,1.00000000,1.00000000,0.02571098,3.65910101,3.10655442,-0.04917611,-0.04917611
2026-03-06,33599.53906250,-0.00217986,1.00000000,1.00000000,-0.00217986,3.65112468,3.09978256,-0.05124878,-0.05124878
2026-03-09,32110.41992188,-0.04431963,1.00000000,1.00000000,-0.04431963,3.48930819,2.96240134,-0.09329708,-0.09329708
2026-03-10,32771.87109375,0.02059927,1.00000000,1.00000000,0.02059927,3.56118538,3.02342464,-0.07461966,-0.07461966
2026-03-11,34114.19140625,0.04095953,1.00000000,1.00000000,0.04095953,3.70704985,3.14726269,-0.03671652,-0.03671652
2026-03-12,33581.85937500,-0.01560442,1.00000000,1.00000000,-0.01560442,3.64920350,3.09815149,-0.05174800,-0.05174800
2026-03-13,33400.32031250,-0.00540587,1.00000000,1.00000000,-0.00540587,3.62947639,3.08140330,-0.05687412,-0.05687412
2026-03-16,33342.51171875,-0.00173078,1.00000000,1.00000000,-0.00173078,3.62319457,3.07607007,-0.05850647,-0.05850647
2026-03-17,33836.57031250,0.01481768,1.00000000,1.00000000,0.01481768,3.67688190,3.12165028,-0.04455572,-0.04455572
2026-03-18,34348.57812500,0.01513179,1.00000000,1.00000000,0.01513179,3.73251970,3.16888643,-0.03009814,-0.03009814
2026-03-19,33689.67968750,-0.01918270,1.00000000,1.00000000,-0.01918270,3.66091990,3.10809864,-0.04870347,-0.04870347
2026-03-20,33543.87890625,-0.00432776,1.00000000,1.00000000,-0.00432776,3.64507632,3.09464754,-0.05282045,-0.05282045
2026-03-23,32722.50000000,-0.02448670,1.00000000,1.00000000,-0.02448670,3.55582043,3.01886983,-0.07601376,-0.07601376
2026-03-24,32612.24023438,-0.00336954,1.00000000,1.00000000,-0.00336954,3.54383895,3.00869763,-0.07912716,-0.07912716
2026-03-25,33439.10937500,0.02535456,1.00000000,1.00000000,0.02535456,3.63369144,3.08498185,-0.05577884,-0.05577884
2026-03-26,33337.62109375,-0.00303502,1.00000000,1.00000000,-0.00303502,3.62266313,3.07561887,-0.05864456,-0.05864456
2026-03-27,33112.58984375,-0.00675007,1.00000000,1.00000000,-0.00675007,3.59820990,3.05485823,-0.06499878,-0.06499878
2026-03-30,32518.16015625,-0.01795177,1.00000000,1.00000000,-0.01795177,3.53361565,3.00001811,-0.08178371,-0.08178371
2026-03-31,31722.99023438,-0.02445310,1.00000000,1.00000000,-0.02445310,3.44720778,2.92665836,-0.10423694,-0.10423694
2026-04-01,33174.82031250,0.04576586,1.00000000,1.00000000,0.04576586,3.60497223,3.06059941,-0.06324157,-0.06324157
2026-04-02,32572.42968750,-0.01815807,1.00000000,1.00000000,-0.01815807,3.53951290,3.00502484,-0.08025130,-0.08025130
2026-04-07,33229.82031250,0.02018243,0.00000000,1.00000000,0.02018243,3.61094886,3.06567353,-0.06168854,-0.06168854
2026-04-08,34761.37890625,0.04608988,0.00000000,0.00000000,0.00000000,3.77737707,3.06567353,-0.01844187,-0.06168854
2026-04-09,34861.16015625,0.00287046,0.00000000,0.00000000,0.00000000,3.78821989,3.06567353,-0.01562434,-0.06168854
2026-04-10,35417.82812500,0.01596814,0.00000000,0.00000000,0.00000000,3.84871073,3.06567353,0.00000000,-0.06168854
2026-04-13,35457.28906250,0.00111415,1.00000000,0.00000000,0.00000000,3.85299879,3.06567353,0.00000000,-0.06168854
2026-04-14,36296.12109375,0.02365753,1.00000000,1.00000000,0.02365753,3.94415124,3.13819980,0.00000000,-0.03949040
2026-04-15,36722.14062500,0.01173733,1.00000000,1.00000000,0.01173733,3.99044504,3.17503389,0.00000000,-0.02821658
2026-04-16,37132.01953125,0.01116163,1.00000000,1.00000000,0.01116163,4.03498491,3.21047244,0.00000000,-0.01736990
2026-04-17,36804.33984375,-0.00882472,1.00000000,1.00000000,-0.00882472,3.99937729,3.18214092,-0.00882472,-0.02604133
2026-04-20,36958.80078125,0.00419681,1.00000000,1.00000000,0.00419681,4.01616193,3.19549577,-0.00466494,-0.02195381
2026-04-21,37605.10937500,0.01748727,1.00000000,1.00000000,0.01748727,4.08639365,3.25137627,0.00000000,-0.00485045
2026-04-22,37878.46875000,0.00726921,1.00000000,1.00000000,0.00726921,4.11609849,3.27501120,0.00000000,0.00000000
2026-04-23,37714.14843750,-0.00433809,1.00000000,1.00000000,-0.00433809,4.09824248,3.26080390,-0.00433809,-0.00433809
2026-04-24,38932.39843750,0.03230220,1.00000000,1.00000000,0.03230220,4.23062473,3.36613504,0.00000000,0.00000000
2026-04-27,39616.62890625,0.01757483,1.00000000,1.00000000,0.01757483,4.30497726,3.42529431,0.00000000,0.00000000
2026-04-28,39521.73046875,-0.00239542,1.00000000,1.00000000,-0.00239542,4.29466503,3.41708929,-0.00239542,-0.00239542
2026-04-29,39303.50000000,-0.00552178,1.00000000,1.00000000,-0.00552178,4.27095082,3.39822087,-0.00790398,-0.00790398
2026-04-30,38926.62890625,-0.00958874,1.00000000,1.00000000,-0.00958874,4.22999778,3.36563620,-0.01741693,-0.01741693
2026-05-04,40705.14062500,0.04568882,1.00000000,1.00000000,0.04568882,4.42326138,3.51940815,0.00000000,0.00000000
2026-05-05,40769.28906250,0.00157593,1.00000000,1.00000000,0.00157593,4.43023213,3.52495449,0.00000000,0.00000000
2026-05-06,41138.85156250,0.00906473,1.00000000,1.00000000,0.00906473,4.47039098,3.55690724,0.00000000,0.00000000
2026-05-07,41933.78125000,0.01932309,1.00000000,1.00000000,0.01932309,4.55677274,3.62563768,0.00000000,0.00000000
2026-05-08,41603.94140625,-0.00786573,1.00000000,1.00000000,-0.00786573,4.52093039,3.59711939,-0.00786573,-0.00786573
2026-05-11,41790.05859375,0.00447355,1.00000000,1.00000000,0.00447355,4.54115499,3.61321127,-0.00342737,-0.00342737
2026-05-12,41898.32031250,0.00259061,1.00000000,1.00000000,0.00259061,4.55291935,3.62257169,-0.00084564,-0.00084564
2026-05-13,41374.50000000,-0.01250218,1.00000000,1.00000000,-0.01250218,4.49599793,3.57728165,-0.01333725,-0.01333725
2026-05-14,41751.75000000,0.00911793,1.00000000,1.00000000,0.00911793,4.53699215,3.60989907,-0.00434092,-0.00434092
2026-05-15,41172.35937500,-0.01387704,1.00000000,1.00000000,-0.01387704,4.47403214,3.55980436,-0.01815772,-0.01815772
2026-05-18,40891.82031250,-0.00681377,1.00000000,1.00000000,-0.00681377,4.44354710,3.53554867,-0.02484777,-0.02484777
2026-05-19,40175.55859375,-0.01751601,1.00000000,1.00000000,-0.01751601,4.36571387,3.47361994,-0.04192855,-0.04192855
2026-05-20,40020.82031250,-0.00385155,1.00000000,1.00000000,-0.00385155,4.34889909,3.46024111,-0.04561861,-0.04561861
2026-05-21,41368.21093750,0.03366724,1.00000000,1.00000000,0.03366724,4.49531453,3.57673789,-0.01348722,-0.01348722
2026-05-22,42267.96875000,0.02174998,1.00000000,1.00000000,0.02174998,4.59308753,3.65453187,0.00000000,0.00000000
2026-05-25,43644.39843750,0.03256437,1.00000000,1.00000000,0.03256437,4.74265852,3.77353939,0.00000000,0.00000000
2026-05-26,43525.37109375,-0.00272721,1.00000000,1.00000000,-0.00272721,4.72972431,3.76324816,-0.00272721,-0.00272721
2026-05-27,44256.80078125,0.01680467,1.00000000,1.00000000,0.01680467,4.80920579,3.82648832,0.00000000,0.00000000
2026-05-28,43636.44140625,-0.01401727,1.00000000,1.00000000,-0.01401727,4.74179387,3.77285142,-0.01401727,-0.01401727
2026-05-29,44732.94140625,0.02512808,1.00000000,1.00000000,0.02512808,4.86094604,3.86765593,0.00000000,0.00000000
2026-06-01,45337.91015625,0.01352401,1.00000000,1.00000000,0.01352401,4.92668553,3.91996215,0.00000000,0.00000000
2026-06-02,45557.30859375,0.00483918,1.00000000,1.00000000,0.00483918,4.95052666,3.93893156,0.00000000,0.00000000
2026-06-03,46459.16015625,0.01979598,1.00000000,1.00000000,0.01979598,5.04852718,4.01690657,0.00000000,0.00000000
2026-06-04,45677.46093750,-0.01682551,1.00000000,1.00000000,-0.01682551,4.96358312,3.94932006,-0.01682551,-0.01682551
2026-06-05,45070.94140625,-0.01327831,1.00000000,1.00000000,-0.01327831,4.89767512,3.89687976,-0.02988041,-0.02988041
2026-06-08,43502.78125000,-0.03479315,1.00000000,1.00000000,-0.03479315,4.72726956,3.76129502,-0.06363393,-0.06363393
2026-06-09,44704.44140625,0.02762261,1.00000000,1.00000000,0.02762261,4.85784906,3.86519179,-0.03776906,-0.03776906
2026-06-10,43225.53906250,-0.03308178,1.00000000,1.00000000,-0.03308178,4.69714279,3.73732438,-0.06960137,-0.06960137
2026-06-11,43149.46093750,-0.00176003,1.00000000,1.00000000,-0.00176003,4.68887569,3.73074659,-0.07123889,-0.07123889
2026-06-12,44169.03906250,0.02362899,1.00000000,1.00000000,0.02362899,4.79966908,3.81890036,-0.04929321,-0.04929321
2026-06-15,45396.98828125,0.02780113,1.00000000,1.00000000,0.02780113,4.93310530,3.92507010,-0.02286249,-0.02286249
2026-06-16,45809.19140625,0.00907997,1.00000000,1.00000000,0.00907997,4.97789773,3.96070961,-0.01399011,-0.01399011
2026-06-17,45877.39062500,0.00148877,1.00000000,1.00000000,0.00148877,4.98530867,3.96660618,-0.01252217,-0.01252217
2026-06-18,46465.19921875,0.01281260,1.00000000,1.00000000,0.01281260,5.04918342,4.01742871,0.00000000,0.00000000
2026-06-22,47741.51171875,0.02746814,1.00000000,1.00000000,0.02746814,5.18787509,4.12778000,0.00000000,0.00000000
2026-06-23,47100.64843750,-0.01342361,1.00000000,1.00000000,-0.01342361,5.11823510,4.07237030,-0.01342361,-0.01342361
2026-06-24,46043.60156250,-0.02244230,1.00000000,1.00000000,-0.02244230,5.00337013,3.98097695,-0.03556465,-0.03556465
2026-06-25,46255.26171875,0.00459695,1.00000000,1.00000000,0.00459695,5.02637037,3.99927730,-0.03113119,-0.03113119
2026-06-26,44571.76171875,-0.03639586,1.00000000,1.00000000,-0.03639586,4.84343130,3.85372017,-0.06639400,-0.06639400
2026-06-29,44999.89843750,0.00960556,1.00000000,1.00000000,0.00960556,4.88995517,3.89073731,-0.05742619,-0.05742619
2026-06-30,46125.91015625,0.02502254,1.00000000,1.00000000,0.02502254,5.01231427,3.98809343,-0.03384060,-0.03384060
2026-07-01,47018.98828125,0.01936175,1.00000000,1.00000000,0.01936175,5.10936142,4.06530988,-0.01513407,-0.01513407
2026-07-02,46744.16015625,-0.00584505,1.00000000,1.00000000,-0.00584505,5.07949697,4.04154796,-0.02089066,-0.02089066
2026-07-03,46780.62109375,0.00078001,1.00000000,1.00000000,0.00078001,5.08345903,4.04470041,-0.02012694,-0.02012694
2026-07-06,46556.39062500,-0.00479323,1.00000000,1.00000000,-0.00479323,5.05909282,4.02531322,-0.02482370,-0.02482370
2026-07-07,45479.10937500,-0.02313928,1.00000000,1.00000000,-0.02313928,4.94202907,3.93217038,-0.04738858,-0.04738858
2026-07-08,45734.41015625,0.00561358,1.00000000,1.00000000,0.00561358,4.96977156,3.95424394,-0.04204101,-0.04204101
2026-07-09,45354.60937500,-0.00830449,1.00000000,1.00000000,-0.00830449,4.92850016,3.92140598,-0.04999637,-0.04999637
2026-07-13,45380.51953125,0.00057128,1.00000000,1.00000000,0.00057128,4.93131571,3.92364620,-0.04945365,-0.04945365
2026-07-14,44737.94921875,-0.01415961,1.00000000,1.00000000,-0.01415961,4.86149022,3.86808891,-0.06291302,-0.06291302
2026-07-15,45631.58984375,0.01997500,1.00000000,1.00000000,0.01997500,4.95859850,3.94535399,-0.04419470,-0.04419470
2026-07-16,45624.98046875,-0.00014484,1.00000000,1.00000000,-0.00014484,4.95788028,3.94478254,-0.04433314,-0.04433314
2026-07-17,42671.26953125,-0.06473890,1.00000000,1.00000000,-0.06473890,4.63691258,3.68940167,-0.10620196,-0.10620196
2026-07-20,42449.69921875,-0.00519249,0.00000000,1.00000000,-0.00519249,4.61283544,3.67024447,-0.11084300,-0.11084300
2026-07-21,44232.87109375,0.04200670,0.00000000,0.00000000,0.00000000,4.80660544,3.67024447,-0.07349245,-0.11084300
2026-07-22,44825.78125000,0.01340429,0.00000000,0.00000000,0.00000000,4.87103457,3.67024447,-0.06107327,-0.11084300
2026-07-23,44850.80859375,0.00055832,0.00000000,0.00000000,0.00000000,4.87375419,3.67024447,-0.06054905,-0.11084300
2026-07-24,43654.83984375,-0.02666549,0.00000000,0.00000000,-0.00000000,4.74379315,3.67024447,-0.08559997,-0.11084300
2026-07-27,43634.19140625,-0.00047299,0.00000000,0.00000000,-0.00000000,4.74154937,3.67024447,-0.08603247,-0.11084300
2026-07-28,41603.35937500,-0.04654222,0.00000000,0.00000000,-0.00000000,4.52086715,3.67024447,-0.12857055,-0.11084300
2026-07-29,40039.17968750,-0.03759744,0.00000000,0.00000000,-0.00000000,4.35089413,3.67024447,-0.16133406,-0.11084300
2026-07-30,39933.30078125,-0.00264438,0.00000000,0.00000000,-0.00000000,4.33938870,3.67024447,-0.16355182,-0.11084300
2026-07-31,43119.75000000,0.07979429,0.00000000,0.00000000,0.00000000,4.68564712,3.67024447,-0.09680803,-0.11084300
2026-08-03,43386.41015625,0.00618418,0.00000000,0.00000000,0.00000000,4.71462399,3.67024447,-0.09122253,-0.11084300
2026-08-04,43360.66015625,-0.00059350,0.00000000,0.00000000,-0.00000000,4.71182584,3.67024447,-0.09176189,-0.11084300
2026-08-05,44611.60156250,0.02884969,0.00000000,0.00000000,0.00000000,4.84776054,3.67024447,-0.06555951,-0.11084300
2026-08-06,44396.69921875,-0.00481719,0.00000000,0.00000000,-0.00000000,4.82440798,3.67024447,-0.07006088,-0.11084300
2026-08-07,44225.91015625,-0.00384689,0.00000000,0.00000000,-0.00000000,4.80584903,3.67024447,-0.07363825,-0.11084300
2026-08-10,44928.76171875,0.01589230,0.00000000,0.00000000,0.00000000,4.88222504,3.67024447,-0.05891623,-0.11084300
2026-08-11,45120.71875000,0.00427248,0.00000000,0.00000000,0.00000000,4.90308422,3.67024447,-0.05489548,-0.11084300
2026-08-12,45518.07031250,0.00880641,0.00000000,0.00000000,0.00000000,4.94626279,3.67024447,-0.04657250,-0.11084300
2026-08-13,46021.48046875,0.01105957,0.00000000,0.00000000,0.00000000,5.00096632,3.67024447,-0.03602800,-0.11084300
2026-08-14,45811.01171875,-0.00457327,0.00000000,0.00000000,-0.00000000,4.97809554,3.67024447,-0.04043651,-0.11084300
